student_id,stream,district,difficulty_level,english_fluency,tuition_hours_weekly,commute_fatigue,current_score,hours_needed
1,Bio Science,Gampaha,6,7,7,0.03502646983451213,80.8421468931744,12.5
2,English,Gampaha,2,8,12,0.31078525293561077,73.72376804925635,2.7
3,Arts,Colombo,4,8,15,0.2956976220992653,49.456463565750795,7.4
4,Commerce,Kandy,7,10,8,0.020738643474980056,73.47118992972992,11.5
5,Physical Science,Gampaha,6,7,1,0.2302389172184744,74.74338132173399,12.3
6,Physical Science,Galle,9,4,1,0.2178841539530173,41.94025419368768,21.7
7,Physical Science,Ratnapura,7,5,14,0.2733445648512775,32.968907562000666,18.3
8,Technology,Kandy,1,7,6,0.3689223552183937,47.37100996832473,1.5
9,Commerce,Galle,6,5,10,0.14140002378109706,63.46250468474578,10.4
10,Arts,Galle,3,5,7,0.21639014179190513,78.64682517571903,3.9
11,Physical Science,Galle,8,7,14,0.3963713421804825,53.63571948725307,19.4
12,English,Jaffna,1,5,4,0.46127819523028435,70.32680399981702,1.0
13,Technology,UpCountry,10,5,1,0.44566148652493903,17.114282978272826,20.4
14,Physical Science,Gampaha,2,4,13,0.23881547604702086,69.20460080540121,5.9
15,Physical Science,Kandy,3,8,9,0.26043289850105095,58.39889319171855,5.1
16,Physical Science,Ratnapura,3,6,4,0.2645527210760797,93.47898172459098,4.3
17,Bio Science,Ratnapura,7,6,2,0.4343577848537424,32.618705691510186,15.8
18,Commerce,Colombo,8,9,12,0.4199697534690004,65.78247775793656,15.9
19,Bio Science,Colombo,9,9,8,0.15576626427267254,35.52667972563383,19.9
20,Physical Science,Colombo,7,9,15,0.08142484471101763,59.25438400256324,17.1
21,Commerce,Colombo,8,6,15,0.1894872807460508,41.9826755159406,17.0
22,Physical Science,Ratnapura,6,8,1,0.14420319162470058,95.01183110136242,11.4
23,Physical Science,UpCountry,2,5,8,0.47539036240745475,58.66678197908518,3.3
24,Bio Science,Ratnapura,1,7,1,0.1329578397193258,57.33455760034974,1.0
25,Bio Science,Jaffna,3,6,0,0.09060334086346777,59.358994123420445,5.1
26,Arts,Colombo,9,7,9,0.44973953127960775,47.51584810818624,17.6
27,Physical Science,UpCountry,7,3,5,0.04323930217803551,78.32858100491164,15.4
28,Commerce,Galle,2,4,10,0.1301330257132301,74.60291218229513,4.2
29,Commerce,Jaffna,1,5,5,0.2195555970002942,76.2690754400767,1.0
30,Physical Science,Jaffna,2,8,3,0.29755368907984103,43.23057176945565,4.0
31,Commerce,Ratnapura,3,6,12,0.16383644818665316,83.02972822866076,3.7
32,Physical Science,RemoteArea,6,2,1,0.2481169984605025,75.79761918989462,13.6
33,Physical Science,Galle,9,5,12,0.09941559321530324,62.51410447513774,22.5
34,English,Galle,8,5,9,0.2871370601127427,77.92531613315346,13.6
35,English,Jaffna,10,6,11,0.20390840413982975,69.59007434941431,20.3
36,Technology,Gampaha,9,4,10,0.4246298436342252,41.09000701788537,19.0
37,Bio Science,Galle,8,6,2,0.2078670666943262,58.257911471319396,18.0
38,Physical Science,Colombo,7,6,12,0.22190770894102513,58.77734943330529,16.4
39,Commerce,Kandy,6,7,5,0.29608749467120626,63.781289320718415,10.3
40,Bio Science,Ratnapura,8,6,3,0.061585002038470726,76.81689431599962,16.8
41,Physical Science,UpCountry,6,4,4,0.07839758835314053,37.379879967041816,14.5
42,Bio Science,Colombo,2,10,10,0.3951188736136202,58.34633137939345,4.3
43,Physical Science,Colombo,9,8,8,0.13670938956977352,51.672438505579905,19.8
44,English,Kandy,9,6,4,0.342348464464228,50.3166304203394,16.7
45,Physical Science,Galle,3,8,9,0.04871348498860106,52.153364267496485,6.2
46,Commerce,Kandy,9,8,15,0.41092333015900656,68.52255533220657,18.7
47,Bio Science,Colombo,2,8,14,0.49411405545947856,74.8476317925601,4.3
48,Commerce,Ratnapura,3,8,10,0.18684547260389217,70.22487438334288,3.1
49,Commerce,Galle,6,5,7,0.25276505095744833,66.28502311338735,10.4
50,Physical Science,RemoteArea,4,4,1,0.22135598991990113,69.82616731738464,9.3
51,English,Galle,8,7,15,0.44709387431951175,100.0,14.5
52,Arts,Gampaha,1,5,11,0.004967018848439808,67.5383712147083,1.0
53,English,UpCountry,6,4,13,0.32672966058191805,81.8170760421991,12.3
54,Technology,Gampaha,2,5,5,0.3261841364017664,76.96275151856781,2.2
55,Commerce,Kandy,6,6,10,0.19119250414897654,91.66691244545926,11.0
56,English,Gampaha,1,5,10,0.10966682105850728,73.40778297425108,1.0
57,Physical Science,Gampaha,2,8,5,0.11984134070751784,49.83525728539098,3.6
58,Physical Science,Galle,9,6,4,0.40023206060694555,66.57322881532818,20.6
59,Physical Science,Kandy,6,7,14,0.03305154818747952,70.76708115126321,13.4
60,Bio Science,Gampaha,8,7,5,0.2819120731371795,74.72773913181665,16.7
61,Bio Science,Colombo,7,6,13,0.15342030148913277,53.39904995750868,16.0
62,Physical Science,Ratnapura,9,4,4,0.1326239062341602,80.99481610939428,20.7
63,Technology,Kandy,9,7,15,0.25286883276551797,67.57855723710179,17.7
64,Bio Science,Colombo,4,10,1,0.4489307531398835,73.09068880897598,7.1
65,Physical Science,Colombo,7,6,4,0.3090459595186654,66.6450973711045,16.0
66,Commerce,Jaffna,5,5,0,0.39430531387766177,61.83886167480003,8.8
67,Physical Science,Jaffna,7,5,2,0.3003418896314405,64.50784615725655,16.0
68,Technology,Galle,4,4,13,0.34885788993637035,76.57988017071835,7.2
69,Physical Science,Kandy,10,7,6,0.21620382439664781,92.37982191107129,22.1
70,Sinhala,Galle,1,5,3,0.46299081760409194,31.239339227565686,1.6
71,Arts,UpCountry,4,5,7,0.25096951021958047,71.60004423386083,6.7
72,Physical Science,Galle,10,5,2,0.27588733461338155,61.65951694001121,22.6
73,Physical Science,Kandy,3,7,6,0.2624827516274248,60.34340149193093,5.9
74,Technology,Gampaha,9,8,13,0.15809451008245923,31.050826653086993,19.2
75,Arts,RemoteArea,5,2,1,0.11561921779959283,69.20311521882526,9.2
76,Arts,Colombo,4,10,13,0.036917482057777506,64.62544044678029,6.2
77,Arts,Colombo,8,8,7,0.3590874910012743,50.983572984854405,14.8
78,Physical Science,Gampaha,5,8,14,0.1446376315851854,67.63719959076228,10.3
79,Bio Science,Ratnapura,3,6,12,0.1945989815978036,61.6081465340268,5.8
80,Physical Science,RemoteArea,2,4,2,0.45996408136310635,34.86410249472763,5.7
81,Technology,Kandy,8,10,12,0.28322367470593685,67.32277078737188,14.9
82,Commerce,Kandy,2,9,5,0.048539031951969125,71.20110294550021,2.0
83,Bio Science,Jaffna,8,8,1,0.39980595641192485,52.2614987797891,18.3
84,Physical Science,Gampaha,5,4,6,0.12806529955472773,66.92569249027684,11.6
85,Bio Science,Ratnapura,8,8,12,0.27635292132309125,67.62167961840245,19.5
86,Bio Science,Kandy,5,9,3,0.2549907374319953,77.18238333856164,9.8
87,Arts,Jaffna,1,8,5,0.11903942117594035,60.94461409496989,1.0
88,Commerce,Gampaha,2,7,1,0.05788551739729053,72.51637758740345,1.9
89,Technology,Galle,6,4,2,0.10563080324748403,56.29970866271713,10.4
90,Bio Science,Colombo,3,7,14,0.0486688997819828,96.50982942242783,4.4
91,Physical Science,Colombo,8,9,15,0.1378140094760506,60.94737602040169,19.5
92,Arts,Colombo,5,9,2,0.49864875536873227,50.72501313501547,9.8
93,Arts,Gampaha,3,7,3,0.20104613262069126,59.992618208340936,4.1
94,Commerce,Galle,10,4,0,0.43194419566750514,49.07971641734141,19.6
95,Arts,Galle,7,6,15,0.2745888460645307,48.77015349159248,12.8
96,Bio Science,Gampaha,8,7,12,0.3332915396668665,76.91403531386813,19.3
97,Commerce,Kandy,4,6,5,0.0781739848752781,16.560269294729522,7.4
98,Bio Science,Jaffna,9,5,10,0.13740293371098772,54.236999660009076,21.1
99,Physical Science,Colombo,6,9,5,0.25522171151446277,42.3735412817237,12.8
100,Physical Science,Colombo,1,8,3,0.4405717171134203,63.63254100290793,1.3
101,Physical Science,RemoteArea,5,2,7,0.021444017942470084,30.66326495403198,13.4
102,Commerce,Kandy,5,7,15,0.25345997978286045,75.71776267417381,8.8
103,Bio Science,RemoteArea,7,4,4,0.025506106254214955,71.84134890241283,15.2
104,Commerce,Gampaha,7,5,9,0.22841133822464127,40.010729321473875,14.5
105,English,Jaffna,6,6,13,0.3144340796663184,69.35904054249377,12.1
106,Physical Science,Colombo,8,10,3,0.37236159571415367,69.24088925730294,17.5
107,Bio Science,Colombo,2,10,6,0.06926600263031335,77.10450561624282,2.8
108,Arts,Kandy,7,10,9,0.08328764173067404,42.46605995075308,13.2
109,Physical Science,Gampaha,10,5,14,0.2350324608458953,42.85608036245133,25.6
110,Physical Science,Colombo,7,10,9,0.499018228989537,87.03973832505137,14.2
111,Physical Science,Colombo,4,6,15,0.1780234178283817,55.17165442020571,9.1
112,Physical Science,Ratnapura,10,4,7,0.21376371368145514,55.58893737487169,24.8
113,English,Jaffna,2,8,1,0.21622337140727577,69.99641785629316,2.4
114,Technology,Gampaha,4,6,12,0.04035041067854772,48.46198465095778,7.3
115,Commerce,Ratnapura,4,6,0,0.38708607264499767,56.012258803708114,6.6
116,Technology,Colombo,6,7,5,0.12655076221305372,75.87616439129587,9.3
117,Technology,Colombo,7,8,15,0.35183352844145993,46.18346673986218,13.6
118,Physical Science,Kandy,3,9,1,0.23754493941779536,52.99993505906736,6.3
119,Technology,Ratnapura,10,6,10,0.305889871109692,48.099145700163575,18.9
120,Commerce,Galle,1,4,7,0.026985818247498128,51.890968716623966,1.2
121,Technology,Ratnapura,3,6,12,0.4449828422082831,83.78472870196008,4.9
122,Technology,Colombo,9,7,4,0.12192838470985667,83.07595450949101,15.2
123,Bio Science,Galle,1,6,1,0.3350476937504185,64.36751194138193,1.0
124,Physical Science,Jaffna,8,5,10,0.39900955603308086,72.98314526941209,17.3
125,Physical Science,Ratnapura,2,7,11,0.27001935864159854,73.07282351851138,3.0
126,Bio Science,Galle,6,8,4,0.1686670110393121,51.91496035866232,13.2
127,Technology,Gampaha,3,7,1,0.4889516872405384,64.07225756275264,4.4
128,Technology,Galle,7,4,5,0.1392198566353478,43.0703741478911,14.8
129,Physical Science,Kandy,2,9,7,0.4743311685616352,49.12145765128072,4.4
130,Commerce,Jaffna,4,7,1,0.07811206684236588,59.197976803838415,5.9
131,Bio Science,RemoteArea,10,2,5,0.19461106576117176,46.58543509528958,24.3
132,Physical Science,Colombo,9,6,5,0.06924779207365112,43.40909375246203,20.1
133,Physical Science,Kandy,6,10,0,0.0011202365368480072,49.32153258814577,12.8
134,Bio Science,Gampaha,4,8,8,0.13012927019823745,81.19500587787842,7.9
135,English,Ratnapura,2,6,14,0.043605200459477356,90.35708730840574,1.0
136,Bio Science,Ratnapura,10,5,15,0.4931727615451736,67.01159959568604,25.0
137,Commerce,Colombo,9,6,11,0.3808266589759013,74.23298386817228,17.5
138,Arts,Kandy,4,9,7,0.0018523981610044093,55.04758816782891,6.4
139,Bio Science,Kandy,9,9,11,0.11182329241179606,34.51529810170675,22.9
140,Sinhala,Kandy,2,10,13,0.3350621206418585,53.097162790474165,3.8
141,English,Ratnapura,7,5,3,0.19927605658237724,56.87483950988698,12.1
142,Physical Science,Gampaha,5,4,6,0.41592128152211366,65.11453922999198,12.5
143,Bio Science,UpCountry,8,6,3,0.2524303891878658,59.98535842622722,18.3
144,Bio Science,Gampaha,8,5,7,0.32682570986621456,59.275315782237996,17.7
145,Physical Science,Kandy,4,6,9,0.2985186987972403,55.88050451991766,8.3
146,Physical Science,Galle,4,7,1,0.31908445031181715,65.65793817068398,8.1
147,Commerce,Galle,8,7,1,0.11504942691359005,40.04162332439542,14.8
148,Commerce,Kandy,3,10,2,0.1866447196030958,73.03094066997232,4.0
149,Physical Science,Galle,7,5,13,0.02531462643224569,57.70473666850394,16.8
150,Physical Science,Gampaha,8,7,3,0.2938182573441044,92.50647379040919,16.6
151,English,Galle,8,5,10,0.2296292310378878,60.27026690360425,14.4
152,Physical Science,Colombo,10,10,12,0.3803580745095361,58.7973641493993,25.1
153,Physical Science,Colombo,4,8,5,0.10319123231082106,54.059707163366426,7.8
154,Bio Science,Ratnapura,9,5,14,0.2184060580339009,59.94696086166804,21.8
155,Sinhala,Galle,10,5,4,0.09037271652869311,71.10842087637099,17.4
156,Physical Science,Gampaha,4,8,9,0.30698961262422103,63.865856979142926,8.1
157,Commerce,Colombo,8,8,12,0.424015128255726,80.80622498942239,15.7
158,Arts,Colombo,6,9,9,0.3827216242244925,71.46632200400668,10.2
159,Physical Science,UpCountry,5,2,6,0.4720989863154436,63.472386892259266,11.9
160,Arts,Galle,4,8,5,0.4858628909317955,68.09431503397987,6.7
161,Bio Science,Kandy,5,6,13,0.38601693379099533,84.44520332245581,11.1
162,Commerce,Kandy,1,8,14,0.14340304269012932,76.85043944576493,1.0
163,Commerce,Gampaha,7,6,14,0.10963068860765912,71.20835490160819,14.1
164,Commerce,Gampaha,8,5,15,0.22377451727447184,73.84113832512888,15.0
165,Physical Science,UpCountry,9,2,3,0.49694184728856033,44.2097274652227,22.5
166,Technology,Colombo,3,6,10,0.20633401040857768,100.0,3.5
167,Bio Science,Gampaha,9,6,9,0.09953420528613438,72.42188580946717,19.0
168,Physical Science,Gampaha,10,4,8,0.4721714388916205,73.41872038832506,25.0
169,Physical Science,Gampaha,5,7,6,0.19295898879801138,62.5696141793307,10.3
170,Commerce,Gampaha,10,6,0,0.34544944361381547,25.536478444733213,20.1
171,Commerce,Kandy,6,7,7,0.3940764893072934,59.51984622103912,10.8
172,Physical Science,Colombo,1,7,3,0.42157795102976703,62.639207040919736,1.7
173,Commerce,Kandy,9,7,6,0.4106401935613952,50.657432671707305,16.6
174,Physical Science,Colombo,9,6,10,0.41812343149999004,52.526701877987904,21.5
175,Commerce,Colombo,6,8,1,0.3338267137889404,55.41122056161075,10.9
176,Physical Science,Ratnapura,8,5,15,0.20191553463622997,79.07293265322073,19.0
177,Commerce,Galle,4,6,11,0.33364342703191857,84.33631412561229,6.0
178,Bio Science,Gampaha,5,4,2,0.41836716702995663,63.56444432409538,12.4
179,English,Kandy,5,9,0,0.17532123231221053,51.48931911148593,8.2
180,Physical Science,Jaffna,7,7,1,0.14825399514602006,55.06423189781333,15.8
181,Bio Science,Jaffna,7,7,10,0.17185360855258175,66.49301003390067,14.3
182,Physical Science,Gampaha,7,4,4,0.2756416980146842,65.27045186513811,16.8
183,English,Gampaha,5,5,1,0.026221937406972262,67.02438779261149,7.6
184,Technology,Gampaha,4,4,12,0.38948540950842,59.409601741252985,8.3
185,Physical Science,Kandy,8,8,5,0.06942597922510096,70.43936698757199,16.5
186,Commerce,Gampaha,1,7,5,0.06641932839204939,69.25355852137515,1.0
187,Technology,Galle,1,6,5,0.09882956967805251,56.573608651913254,1.0
188,Commerce,Galle,6,4,11,0.28846371748624916,39.70763466635514,13.6
189,Commerce,Colombo,2,10,10,0.142784187901978,51.7259497770209,2.7
190,Physical Science,Colombo,3,10,15,0.18404516449327613,91.01392989191103,5.4
191,Physical Science,Kandy,4,6,15,0.46582455548906393,42.09642610427265,10.3
192,Technology,Gampaha,2,5,13,0.4236010899884926,86.26283362959833,2.1
193,English,Ratnapura,10,6,14,0.4260952665523912,41.07128649950628,21.5
194,Commerce,Galle,7,4,2,0.2888209166629939,49.402746593657774,14.5
195,Bio Science,Colombo,10,6,10,0.43323307364524033,59.37921520632173,22.4
196,Bio Science,UpCountry,1,6,2,0.38928291267027676,87.7345462442966,1.0
197,Arts,Jaffna,3,7,9,0.47661840145553114,64.8919643655027,4.3
198,Technology,Galle,2,7,6,0.03218420251095777,59.78992258857455,2.4
199,Technology,Colombo,9,7,12,0.014363566826966434,51.9698095015949,18.0
200,Arts,Colombo,8,7,12,0.08751497036194555,73.82941420133875,14.0
201,Commerce,Kandy,3,7,3,0.4645424102539878,53.80922333143543,5.6
202,Physical Science,Colombo,5,10,5,0.302782552977123,59.06494161334646,10.4
203,Physical Science,Gampaha,3,4,11,0.21305625884764046,60.12468242522181,7.5
204,Technology,Gampaha,6,5,7,0.2563555307380759,74.2979326187882,10.5
205,Commerce,Colombo,5,10,2,0.414802294113835,72.42681328720879,8.3
206,Physical Science,Colombo,2,8,8,0.46455499790196203,50.64417270753496,4.3
207,Physical Science,Galle,10,4,8,0.36484941715545494,54.59113012889172,24.1
208,Commerce,Colombo,8,8,14,0.37992391646864815,56.11182061983833,16.7
209,Physical Science,Ratnapura,6,7,2,0.16018902208191899,63.750280566311254,12.7
210,Physical Science,Kandy,3,9,5,0.2335175976372696,76.10042278687334,5.3
211,Commerce,RemoteArea,1,2,4,0.44260509673558296,64.94997989135155,2.1
212,Commerce,Gampaha,5,5,3,0.39296705503628876,28.64028458260976,10.6
213,Commerce,Colombo,2,6,7,0.34213545923067384,74.8962977940043,3.1
214,Physical Science,Kandy,2,7,9,0.03262341794406021,44.26513698169336,2.3
215,Arts,UpCountry,9,5,8,0.019753609726977428,53.27139414319059,16.7
216,Physical Science,Galle,10,4,14,0.06520547155699752,69.97647047575632,25.1
217,Bio Science,Kandy,7,6,11,0.2906955495989167,64.2417121414616,17.0
218,Arts,Gampaha,6,5,8,0.26819342367057497,77.09102801041192,9.1
219,Commerce,Kandy,1,9,4,0.4713454132735269,52.838710515516084,1.4
220,Technology,Ratnapura,10,7,4,0.3473798200216982,47.50079325664937,18.7
221,Commerce,Jaffna,2,5,10,0.146986308672713,60.32535912371375,2.1
222,Commerce,Jaffna,7,5,15,0.08074814690784865,82.1552900346422,12.3
223,Physical Science,RemoteArea,3,3,2,0.424766619664191,70.44509306623232,6.8
224,Bio Science,Colombo,2,9,8,0.2298120518445121,65.30722011883626,2.7
225,Physical Science,Ratnapura,6,7,0,0.32673474870442437,79.88944782004286,12.2
226,Physical Science,Kandy,8,6,11,0.28257180329540144,82.67284364207737,18.6
227,Sinhala,Jaffna,8,7,15,0.05372817306831751,79.3272335421415,15.0
228,Bio Science,Galle,2,6,2,0.028529191840913515,43.330242649771236,4.3
229,Technology,Colombo,6,8,6,0.18850909485820677,74.74858555961806,9.4
230,Commerce,Colombo,5,7,6,0.18077514877285883,59.96462630312732,8.4
231,Arts,Kandy,7,7,4,0.3368990564844532,56.075836539363735,13.2
232,Commerce,Gampaha,4,5,15,0.31610020455058085,57.2617279308419,7.0
233,Commerce,Galle,2,4,5,0.4844704642319972,59.924251541734854,3.3
234,Bio Science,Gampaha,10,6,3,0.4290497513857858,52.11369367273927,22.2
235,Physical Science,Galle,3,6,7,0.24829126288764392,66.04631449926607,4.4
236,Arts,Kandy,9,9,3,0.25001267628134777,58.90585258481995,17.3
237,Physical Science,Galle,10,6,9,0.3370646145563472,67.80807738967593,22.7
238,Physical Science,Gampaha,8,7,14,0.057045291386637775,75.29907306982102,18.9
239,Commerce,Galle,9,4,5,0.49994528231569624,58.084522427172764,19.1
240,Physical Science,Colombo,5,7,15,0.259404050621812,56.44060157925949,11.4
241,English,Kandy,5,7,15,0.45495243695448495,37.40396053404267,11.7
242,English,Colombo,7,9,4,0.48367816732610397,73.55980574851253,12.7
243,English,Gampaha,7,8,11,0.2908213699511327,66.68147894620729,13.5
244,Bio Science,Gampaha,1,7,13,0.051674323762387675,63.857354293825765,1.0
245,Physical Science,Colombo,5,6,9,0.2866729042099856,82.07874573790963,10.2
246,English,RemoteArea,8,4,5,0.2988212185829934,43.17218209922014,17.3
247,Bio Science,Colombo,7,9,2,0.3945965683866655,61.843596428671816,16.2
248,English,Galle,2,4,12,0.024114633497453075,51.53912039294102,4.0
249,English,RemoteArea,8,3,2,0.23315768359754696,70.84008781264325,15.7
250,Technology,Ratnapura,2,8,9,0.46138512916840657,31.107880813363295,3.4
251,Physical Science,Jaffna,10,8,6,0.4956495393393267,75.06023494103798,21.7
252,Bio Science,Colombo,1,9,12,0.09569133937961882,77.4399028074941,1.0
253,Technology,Ratnapura,3,6,0,0.4352994963675176,46.15481350296886,5.8
254,Bio Science,Gampaha,3,7,0,0.07312528081532205,60.99509563604156,4.3
255,Physical Science,UpCountry,6,6,0,0.42058721728394854,46.477149899704116,13.3
256,Commerce,Ratnapura,3,8,5,0.13863886373383177,68.91394690918104,4.0
257,English,Kandy,7,7,3,0.4798126330245712,73.80343661569003,12.6
258,Commerce,Kandy,8,8,13,0.34774837545031856,51.425305012435956,17.4
259,Commerce,Galle,3,6,5,0.19955530069487976,43.0487701468477,4.7
260,Physical Science,Ratnapura,9,8,13,0.14048666495408313,82.94655726050357,20.9
261,Commerce,Jaffna,1,8,13,0.11761876373722269,95.6175588726719,1.0
262,Sinhala,Jaffna,3,7,14,0.34039616349979257,74.41670584903139,4.4
263,Physical Science,Jaffna,3,7,0,0.4478955012884408,68.52662232738182,5.6
264,Commerce,UpCountry,7,3,3,0.37747098480717184,56.51939131261727,14.1
265,Technology,Galle,5,8,15,0.41739576900827113,70.20042008820289,9.4
266,Arts,Ratnapura,4,7,3,0.3906918838172686,66.76081927859354,6.5
267,Commerce,Gampaha,2,5,1,0.48957383324900966,57.761405963077756,3.4
268,Arts,Gampaha,7,6,0,0.3789024634131624,80.24790783021759,12.3
269,Bio Science,Gampaha,3,8,12,0.1051142592351369,68.65117134051744,4.2
270,Physical Science,Gampaha,7,4,15,0.3957992327372574,72.08400015222435,17.4
271,Technology,Gampaha,10,8,7,0.16103468049240044,61.070554244902304,18.0
272,Technology,Gampaha,7,7,5,0.49789993133142907,61.59491086848834,13.4
273,Technology,RemoteArea,2,6,3,0.18833631005007329,79.78065406713452,1.4
274,English,Ratnapura,7,4,1,0.14639687792361494,62.68859046542332,13.9
275,Commerce,UpCountry,6,6,11,0.11960799275445577,68.0394257876791,11.2
276,Commerce,Gampaha,10,7,12,0.3292573260291849,68.73303116839116,20.4
277,Arts,Kandy,4,8,4,0.0546105441937656,56.53231044628741,6.0
278,Commerce,Galle,5,7,8,0.47677994086648595,42.880899765191685,9.0
279,Arts,Gampaha,8,5,6,0.14715633932156857,86.58861220667423,12.8
280,Arts,Gampaha,5,7,3,0.14770030551923613,77.5244101785004,9.2
281,Technology,Gampaha,3,5,14,0.023033047853529554,85.73565478427334,3.7
282,Bio Science,Gampaha,2,8,4,0.12300875893678709,45.91221696421181,4.4
283,Bio Science,UpCountry,6,3,7,0.20948967783811884,85.17380381963903,13.1
284,Physical Science,Galle,6,8,10,0.1848031951121104,94.50306180537919,12.2
285,Commerce,Colombo,7,7,12,0.1365099607181101,81.67233621409187,12.4
286,Physical Science,Colombo,8,9,4,0.020371918919599108,86.71733618780469,16.3
287,Bio Science,Gampaha,4,4,15,0.1502906868028212,79.46772912389656,9.5
288,Commerce,Ratnapura,8,8,11,0.38916546913156,52.80088594930078,16.0
289,Physical Science,Kandy,1,7,5,0.21939614265473562,70.11447805648312,1.0
290,Commerce,Colombo,6,6,15,0.1453876737993568,52.194859503371504,11.6
291,Physical Science,Kandy,6,7,12,0.1523960670739789,57.03938792250429,13.8
292,Physical Science,Ratnapura,3,5,9,0.2772187882469504,69.24420642883904,5.5
293,Technology,Gampaha,9,5,5,0.15114633886953738,65.23027706320147,15.7
294,Bio Science,Jaffna,5,7,7,0.3153986599330973,70.44613109504094,10.6
295,Physical Science,Gampaha,1,5,12,0.49472725686255753,39.11866509413285,2.0
296,Commerce,RemoteArea,7,2,10,0.02058819887690283,62.68643079863696,14.3
297,Arts,Galle,10,5,4,0.08436837784868434,70.23497746498307,17.8
298,Physical Science,Gampaha,3,6,0,0.08955377264451203,71.22560508838863,5.0
299,Commerce,Ratnapura,10,8,3,0.2235351589660075,73.70659470874901,18.8
300,Physical Science,Galle,10,7,2,0.02070935602668722,64.76887391584935,21.6
301,Physical Science,UpCountry,4,4,1,0.23876078887125834,54.811637750338164,9.5
302,Commerce,Galle,6,6,6,0.46446237903832827,70.52206327764057,10.2
303,Commerce,Colombo,8,6,15,0.00578204434635099,63.00430327064675,15.4
304,Commerce,RemoteArea,4,2,12,0.1824694335925905,79.51584580348373,7.5
305,Arts,Colombo,9,9,12,0.3804468860554824,72.40961929941699,18.3
306,Sinhala,Jaffna,8,7,6,0.07724725016690753,62.074167798184895,14.1
307,Commerce,UpCountry,10,6,14,0.038779501263271066,55.465073233637234,20.5
308,Bio Science,Colombo,10,7,7,0.3153892686313193,80.29213160807134,22.3
309,Arts,UpCountry,6,5,14,0.004975454524753842,75.3857416951279,10.2
310,Physical Science,Gampaha,7,7,15,0.4008852455848579,99.04454514890585,15.3
311,Bio Science,RemoteArea,8,3,9,0.03342637678304938,72.39328895989416,18.2
312,Physical Science,Colombo,2,10,14,0.2621771297101804,76.14875336175132,3.0
313,Physical Science,UpCountry,5,2,4,0.3700638551138636,40.020967769045,13.1
314,English,Ratnapura,7,8,14,0.12100549437323871,71.6572656929209,13.2
315,Technology,Jaffna,8,5,0,0.05177008096136876,55.25207620013311,14.2
316,Commerce,Kandy,5,6,5,0.08781138320927806,74.89648432613666,7.3
317,Bio Science,Gampaha,3,4,5,0.4273417859675042,67.52026664738624,7.0
318,Physical Science,Colombo,6,6,10,0.35289014582601197,79.77909771538884,12.7
319,Physical Science,Jaffna,5,8,7,0.09904902460754889,95.48892670942918,8.7
320,Physical Science,Colombo,8,7,12,0.35806039856549726,54.02456541821652,20.1
321,Commerce,Kandy,9,10,9,0.3543090851043434,78.7005983928808,16.4
322,Arts,Colombo,9,10,14,0.4988625490529802,77.25389750215538,18.7
323,Commerce,UpCountry,6,4,1,0.19577801176295623,90.18942181823296,10.6
324,Physical Science,Ratnapura,4,7,10,0.43242674707138545,75.58076855047405,7.8
325,English,Colombo,4,10,8,0.2232213429864075,73.02115592115611,4.9
326,Arts,Colombo,9,8,10,0.4488801118084834,77.77179846543474,15.8
327,Commerce,Gampaha,4,5,12,0.04580024954947465,79.81899163450501,5.5
328,Commerce,Colombo,8,8,5,0.08765631506262206,84.31555228391254,13.6
329,Bio Science,Gampaha,9,8,0,0.42497718153334496,47.70932205920269,21.8
330,Physical Science,Galle,5,5,8,0.4096501620526975,58.11491833412012,11.2
331,Bio Science,Jaffna,6,6,7,0.15271689592849375,89.52929179220756,12.2
332,Arts,Kandy,3,10,9,0.2983991590667272,35.11927581905877,5.1
333,Physical Science,Ratnapura,5,5,0,0.19134986105101803,58.729061337028114,9.8
334,Physical Science,Jaffna,5,5,15,0.005158674651760675,69.74339979576251,10.5
335,Physical Science,Colombo,2,9,7,0.013052063283563509,60.84632180393253,2.5
336,Physical Science,Galle,10,8,12,0.02712818274078821,89.71422049710479,22.7
337,Technology,Colombo,6,9,6,0.29703607716278935,70.13906673002369,10.4
338,Arts,Gampaha,9,5,4,0.13961386765276396,56.19028843032144,15.8
339,Bio Science,Gampaha,7,5,14,0.07197414915744527,57.483860335041776,16.9
340,Physical Science,Galle,8,6,12,0.4705655542219438,70.22738367739632,19.3
341,Bio Science,Colombo,2,9,5,0.06065933354060793,79.9893105580415,2.2
342,Bio Science,Kandy,9,6,3,0.33699085821243885,63.57612167051367,20.2
343,Physical Science,Colombo,3,10,8,0.4470800914113293,61.98369498613251,5.8
344,Bio Science,Jaffna,10,7,8,0.08191483361922486,53.57074466732957,23.0
345,Bio Science,UpCountry,5,3,12,0.10736484111435757,71.6105825713395,11.6
346,Commerce,Gampaha,7,6,14,0.28690676678797855,71.77855783556384,14.0
347,Commerce,Gampaha,4,8,9,0.25422434318939885,53.6367215085572,6.5
348,Physical Science,UpCountry,7,6,13,0.26051370844313376,81.89624263989683,16.5
349,Bio Science,Kandy,8,8,0,0.2773390470090443,85.5906496388067,17.0
350,Commerce,Gampaha,10,5,15,0.47495145798052213,68.23496951798066,20.9
351,Commerce,Kandy,10,6,11,0.026919020983474984,70.0320646466898,19.4
352,Technology,Jaffna,4,6,8,0.3802242603474096,47.42598068928693,7.3
353,Commerce,Colombo,5,6,2,0.11625321120336668,72.05784288060636,8.4
354,Physical Science,Galle,3,7,11,0.18683883508619104,72.46261325391194,5.7
355,Physical Science,Gampaha,5,8,1,0.044645561482532015,55.608432807815134,10.9
356,Commerce,Ratnapura,8,5,3,0.2228133845767718,50.34761221572,14.9
357,Physical Science,Galle,3,4,3,0.40210962613756074,89.2135536543249,6.2
358,Commerce,Gampaha,5,5,8,0.04937016926647747,69.74155354109502,7.6
359,English,Colombo,10,9,3,0.1378017991101495,47.73493056178905,19.1
360,Commerce,Kandy,1,6,4,0.18653085433851252,74.83316438622957,1.0
361,Bio Science,Galle,2,5,5,0.05194960154382117,65.94485969211694,3.1
362,Commerce,Galle,3,5,3,0.38115840498846676,62.38338495490588,4.5
363,Bio Science,UpCountry,1,5,0,0.39347351410871273,74.67835943306551,1.0
364,Commerce,Galle,9,6,12,0.417947498889984,26.8085536802716,19.8
365,English,Ratnapura,9,7,1,0.2919481024031591,33.39440583323474,17.1
366,Bio Science,Gampaha,5,4,15,0.25361941042718794,88.1882808680494,11.8
367,English,Galle,4,4,2,0.131276222735621,59.06616825329498,7.5
368,English,Gampaha,5,8,3,0.3275789836452739,55.09841578682001,8.9
369,Physical Science,Kandy,4,7,4,0.22228174282777174,41.933645175009886,8.5
370,Physical Science,Kandy,5,6,12,0.4853882030386942,68.90774023723957,11.8
371,Physical Science,Gampaha,7,6,9,0.4840897484872283,69.2588370851484,16.0
372,Physical Science,UpCountry,8,4,9,0.45260256590878134,86.11221962992744,19.0
373,Physical Science,Kandy,2,9,2,0.18004456900716598,66.58667762783969,3.8
374,Commerce,Gampaha,4,4,10,0.18398622767702955,60.457881504223785,8.9
375,Physical Science,RemoteArea,8,2,0,0.42633658202185787,66.08515127804426,19.2
376,Bio Science,Gampaha,7,8,10,0.3645674658707331,81.64232843366914,14.2
377,Technology,Colombo,9,10,10,0.3521804849090219,78.36829520778578,15.9
378,Physical Science,Kandy,5,10,14,0.1398055055420579,76.32152186982617,10.7
379,Technology,Galle,6,4,7,0.4166743057772379,67.6187277396883,13.2
380,Physical Science,Galle,8,7,7,0.2897102861314716,54.78009181774323,17.8
381,Physical Science,Galle,5,7,12,0.22343278711928655,50.50801781257268,11.9
382,Commerce,Jaffna,9,7,3,0.4327110620540379,43.634908914334694,17.1
383,Commerce,Colombo,4,9,14,0.19710488189105702,72.90949431812587,6.3
384,Technology,Galle,8,6,6,0.3269629059338828,70.47420104902614,13.7
385,Arts,Galle,3,4,14,0.2329525910020695,83.41456723905847,4.9
386,Technology,Colombo,5,7,3,0.2963689030855281,69.92597778374792,8.9
387,Physical Science,Colombo,8,6,13,0.02027323582423929,82.26307173718938,18.7
388,Physical Science,RemoteArea,10,5,2,0.23055758158819206,59.04180054037121,22.3
389,Arts,Galle,7,6,6,0.2782456537483871,74.56263695154479,12.6
390,Technology,Galle,1,6,13,0.24635966737480297,51.477942321044715,1.0
391,Sinhala,Galle,4,4,5,0.4237051862534094,61.59721222186112,8.2
392,Bio Science,Kandy,2,7,0,0.15556198739590826,32.52771593642177,4.1
393,Bio Science,Kandy,2,9,8,0.4420382655022702,64.47376984158504,4.2
394,Arts,Kandy,7,8,11,0.2017309849534452,83.87179726061548,12.8
395,Bio Science,Ratnapura,3,7,1,0.34726336613032815,61.553159751241594,6.1
396,English,Jaffna,3,7,12,0.04336136400364887,76.82737488259836,3.6
397,Technology,Kandy,6,9,2,0.10007704178441135,65.09777821136981,10.2
398,Bio Science,Kandy,6,10,4,0.3805830055706359,53.44361281040958,14.0
399,Arts,Kandy,1,9,14,0.006164342769320208,64.20028284473142,1.0
400,Arts,Gampaha,1,7,2,0.48426386957354967,78.69526740476277,1.0
401,Physical Science,Colombo,6,7,2,0.09531445053160759,71.75011083711809,12.1
402,English,Colombo,7,7,7,0.4506519931225616,54.23606299319929,12.4
403,Commerce,Colombo,9,10,13,0.25797251411314287,45.68792681152227,18.5
404,Technology,Colombo,4,10,3,0.28228768344856503,64.60269875346711,7.1
405,Bio Science,RemoteArea,10,5,12,0.042065893985512526,57.271802643453704,24.1
406,Technology,Colombo,6,8,12,0.1826093770786839,63.338474853550764,11.4
407,Bio Science,Colombo,3,8,9,0.0781094303902507,42.68366125358283,5.1
408,Physical Science,Kandy,4,6,1,0.2629657471804714,76.11129286266942,6.7
409,English,Kandy,9,8,4,0.27536607283597475,60.54533289099233,16.0
410,Physical Science,Colombo,1,8,1,0.35483347479215516,61.31989956702133,1.6
411,Bio Science,Galle,5,5,9,0.43913907896159166,52.00604676907248,11.1
412,English,Galle,7,4,10,0.23408990813493036,60.83922941210572,14.5
413,English,Colombo,3,6,15,0.11668018504030331,69.33689664490902,4.9
414,Commerce,Colombo,2,7,11,0.16678583072082476,56.301141602844815,2.3
415,Commerce,UpCountry,2,4,7,0.42354490646946863,60.26207374899995,5.1
416,Bio Science,Galle,1,6,14,0.07293174253938073,87.79437136829988,1.0
417,Physical Science,Jaffna,5,4,2,0.31362803916934123,34.74937045547033,13.5
418,Bio Science,Ratnapura,3,6,13,0.006542941921405088,69.26842551592001,5.9
419,Commerce,Gampaha,7,4,1,0.12283466422712136,48.71800899572764,14.2
420,Arts,Kandy,1,8,2,0.29570424875072976,81.04734984751573,1.0
421,Arts,Colombo,9,9,2,0.22820602000133539,58.289090487440845,16.7
422,Arts,Gampaha,2,5,0,0.24677474512161568,44.29268138412692,3.1
423,Physical Science,Kandy,8,10,2,0.330281025229803,57.765849434715044,17.7
424,Bio Science,Gampaha,10,7,2,0.11729301220928373,66.2445138660297,21.8
425,Physical Science,Galle,4,6,3,0.1404024701632512,100.0,6.4
426,Commerce,Galle,6,8,12,0.3422291037139232,34.35284953005592,13.2
427,Bio Science,Gampaha,9,7,15,0.2691457037719345,49.51325797523351,21.7
428,Technology,Galle,7,5,7,0.007293412129413812,83.07828320702072,11.0
429,Bio Science,Colombo,8,10,8,0.3351638976427206,41.365605360509136,18.3
430,Physical Science,Galle,7,8,0,0.31004602037613904,60.14447884273682,15.3
431,Physical Science,Colombo,2,7,0,0.03930378689913688,52.74952681442624,3.3
432,Arts,Ratnapura,9,7,5,0.37375974742049306,52.89363929837742,16.3
433,Commerce,Kandy,1,10,0,0.26105072947353536,57.417110765872685,1.1
434,Physical Science,Gampaha,2,5,11,0.10237364197847981,60.50975918261166,3.7
435,Physical Science,UpCountry,3,5,4,0.27967818405821365,77.85592421329875,5.5
436,Arts,Gampaha,3,6,13,0.29772925708550163,86.42442061164547,3.9
437,Physical Science,Colombo,10,6,11,0.4600593645951186,71.89455945491129,24.3
438,Technology,Kandy,4,8,0,0.3710722127755852,56.4589119324245,6.7
439,Arts,Gampaha,5,6,12,0.15096217724559963,69.87704806212625,8.8
440,Physical Science,Gampaha,6,4,7,0.05906648378209628,75.57538350116653,13.8
441,Physical Science,Jaffna,1,6,11,0.4265920360403904,80.52547459606271,1.0
442,Sinhala,Galle,8,6,4,0.423033843937723,67.55070270477519,14.8
443,Bio Science,Galle,6,5,5,0.08765500736197862,85.41492328064028,11.5
444,Bio Science,RemoteArea,10,3,3,0.031065592598943315,52.25231919112732,24.0
445,Technology,Colombo,9,9,14,0.35593232490801946,84.09934443677132,17.3
446,English,Jaffna,5,8,12,0.36129091541824204,76.56539794140956,9.0
447,Sinhala,Gampaha,7,7,7,0.08857187685268952,54.349994348969425,11.5
448,Arts,Jaffna,4,5,11,0.3341059297787277,68.9902882401696,7.2
449,Bio Science,Gampaha,6,5,8,0.1394618723484644,68.52144367445999,12.7
450,Physical Science,RemoteArea,6,2,8,0.13030851398440202,61.869513394649765,14.4
451,Arts,Jaffna,4,4,0,0.16225896704517123,57.70596750093192,7.4
452,Commerce,UpCountry,6,3,13,0.26019818325842714,43.62758552471607,13.4
453,Bio Science,Galle,8,6,6,0.4022269616643114,52.66099180498294,17.8
454,English,UpCountry,5,5,3,0.2493218754448131,57.92441801715711,8.7
455,Physical Science,Galle,2,5,12,0.14902134781203719,57.41147415504899,3.8
456,Bio Science,Gampaha,9,5,12,0.44198714935592465,53.165038973659,22.3
457,Physical Science,Colombo,4,6,9,0.027544978721182334,80.41637029678522,7.6
458,Bio Science,Gampaha,4,7,10,0.3985457419490402,63.441123700329804,8.9
459,Physical Science,Ratnapura,7,7,7,0.39219087896092786,96.00112580804648,14.5
460,Physical Science,Kandy,10,10,14,0.12677340507717155,70.34121248599394,24.3
461,Physical Science,Kandy,10,7,6,0.09914759126013983,78.60232789027044,20.7
462,Commerce,Kandy,6,10,0,0.43735028074779864,56.87816932547599,10.7
463,Arts,RemoteArea,4,2,0,0.27943564678016214,50.07487851117041,7.8
464,Commerce,UpCountry,6,6,0,0.02300567881570731,63.942738077036914,9.5
465,English,Colombo,3,8,1,0.44541625823357134,79.93274106141722,4.5
466,Bio Science,Gampaha,7,5,9,0.17450299217783688,63.16391346818411,15.4
467,Physical Science,Gampaha,6,5,1,0.1710782769050132,67.2016727567179,12.9
468,Technology,Gampaha,3,7,8,0.32164396857993666,67.8634064717859,4.5
469,Physical Science,Galle,1,8,4,0.3306554713992879,60.52998616610282,1.3
470,English,Kandy,10,9,0,0.1766580604142074,59.29763301883146,17.6
471,Physical Science,Kandy,5,10,6,0.07163946394844034,48.022880569196374,9.9
472,English,Galle,10,8,9,0.2761348816848362,64.3336719974513,18.3
473,Physical Science,Galle,2,4,1,0.3125895823376201,70.29940945091496,4.9
474,Technology,Colombo,7,10,2,0.4301111825294868,65.43568177215549,12.5
475,Commerce,Jaffna,7,7,3,0.24221999368253294,64.26270791454681,11.7
476,Sinhala,Gampaha,4,8,2,0.3228480397841109,71.87517169331294,5.9
477,Physical Science,Colombo,6,10,2,0.027204413907937597,63.92402365527825,11.9
478,Commerce,Ratnapura,1,5,8,0.44726145010308094,64.2087390827773,1.0
479,English,Gampaha,2,5,11,0.16360790660335106,76.52740610441548,3.0
480,Commerce,Gampaha,6,5,14,0.31611056217115596,69.04899427523452,11.9
481,Commerce,Colombo,2,8,3,0.45802581565662076,57.95107058786337,2.0
482,Commerce,Jaffna,4,5,7,0.4052628921823435,70.52405382720401,5.5
483,Bio Science,Galle,4,6,0,0.3188519287389328,59.471723916491676,7.9
484,Commerce,Colombo,10,8,15,0.35180391403504263,63.27729814219196,19.6
485,Commerce,Ratnapura,9,7,12,0.46045255798248813,68.33133337801115,19.4
486,English,Galle,10,5,5,0.4060465900733975,65.00636268881098,18.2
487,Physical Science,Ratnapura,7,8,14,0.30492953026857844,50.44562914097523,17.4
488,Physical Science,UpCountry,7,2,0,0.32935135310481317,64.99845700950185,16.5
489,English,Kandy,1,10,4,0.07363421208260595,89.69769273627755,1.0
490,Technology,Gampaha,5,5,6,0.23508383988529985,48.30583212287244,9.4
491,Bio Science,Colombo,3,10,12,0.15049882384183322,58.461364145422685,6.4
492,Commerce,Ratnapura,3,5,11,0.21598531724995818,100.0,3.3
493,Physical Science,Colombo,6,7,0,0.33112343676537814,47.668009675177046,14.7
494,Physical Science,Colombo,4,10,8,0.0745755468008778,83.29585115744501,7.1
495,Bio Science,Kandy,8,8,11,0.008687981830628466,62.069407664639,18.6
496,Bio Science,Colombo,4,9,10,0.1984622016163648,65.90209988464584,8.8
497,Commerce,Kandy,8,9,8,0.1610921572440286,62.032482894197585,14.5
498,Physical Science,Kandy,4,9,5,0.21021602985085364,68.88550932221,8.5
499,Sinhala,Colombo,3,9,14,0.4656104601844903,43.303702352515366,5.9
500,Sinhala,Ratnapura,5,4,13,0.35354205060742183,69.29390686097287,9.3
501,Commerce,Ratnapura,5,5,1,0.1637293872995801,54.449572259531536,7.7
502,Commerce,Ratnapura,10,4,1,0.08963941111835155,32.553891575840055,21.1
503,Bio Science,Jaffna,10,7,8,0.30923914712846823,80.81333541533833,21.6
504,Technology,Gampaha,1,7,15,0.3287881257547516,35.88745850007304,1.7
505,Commerce,Galle,8,8,12,0.2418113419389175,98.22669345589067,15.0
506,Physical Science,Gampaha,8,7,13,0.10638038731108007,75.75429777731313,18.6
507,English,Gampaha,8,5,13,0.014277630418265186,46.085063168334244,15.5
508,Technology,Kandy,10,9,3,0.13283034873363625,81.57140472025807,17.5
509,English,Jaffna,4,7,14,0.22858524964509203,55.74430798462355,7.3
510,Arts,Colombo,9,6,5,0.393967143221246,51.9276417567975,16.9
511,Commerce,Colombo,10,7,12,0.4268769144225861,38.98544530846115,20.7
512,Bio Science,Kandy,3,8,9,0.20646727983348212,51.54055650160391,5.7
513,English,Gampaha,7,8,1,0.3980620273417639,49.30746842152308,13.1
514,Technology,Gampaha,6,6,14,0.4966764117755765,79.27219128437814,10.6
515,Physical Science,Kandy,9,6,3,0.35830518742611467,79.00790799193886,19.2
516,Physical Science,Gampaha,4,7,1,0.3642995158007034,41.88816832033635,8.6
517,Bio Science,Kandy,4,10,14,0.45476825077491545,71.05809954036818,7.9
518,Technology,Kandy,6,7,2,0.16907206420845494,33.396180201137426,11.3
519,Sinhala,Jaffna,8,8,1,0.005602696528735629,64.61517162333038,14.0
520,Physical Science,Jaffna,3,4,13,0.4934886358378496,98.9312027111138,6.7
521,Commerce,Kandy,8,9,7,0.24523403883551192,36.80281356793704,14.6
522,Bio Science,Jaffna,8,4,4,0.39283879658116344,46.780001867497504,20.1
523,English,Galle,7,5,4,0.4062455688046478,72.90912821860432,12.7
524,Technology,Gampaha,7,6,7,0.1987583385400145,76.17791712455241,11.9
525,Technology,Gampaha,5,7,10,0.2706365233611591,50.88324882388992,8.9
526,Bio Science,Galle,2,7,14,0.2699577630313389,89.10372603037143,2.8
527,Bio Science,Kandy,2,6,7,0.11010800467212523,51.266323512909906,3.3
528,Physical Science,Ratnapura,10,4,12,0.05881946694714674,91.10201411404498,24.4
529,Physical Science,Galle,8,4,6,0.2717861524713127,70.02977532061387,18.9
530,Technology,Ratnapura,6,7,4,0.060071613425731196,81.06822578055545,9.2
531,Technology,Jaffna,8,4,6,0.17304436192975658,68.56242189398192,15.5
532,Sinhala,Galle,3,8,12,0.09304166582046924,75.85446156531495,4.4
533,Sinhala,UpCountry,1,6,15,0.35345805414138903,78.15198789868855,1.0
534,Commerce,Ratnapura,6,8,0,0.43600442674999385,77.17179813950091,10.4
535,Arts,Kandy,2,9,2,0.28895730492609006,60.50758299763853,1.9
536,English,Gampaha,9,4,14,0.20507790358579875,53.50144247371827,19.4
537,Technology,Gampaha,5,5,2,0.49832132041065547,59.81591309495505,9.8
538,Physical Science,Ratnapura,5,4,1,0.010604567623269612,50.487682531386,12.1
539,Bio Science,Kandy,10,9,5,0.15217054210196135,53.46891838243653,22.6
540,Physical Science,Gampaha,8,8,2,0.13933657632350022,85.82165859700612,15.8
541,English,Colombo,6,9,15,0.17810179902895984,76.84091836134519,10.6
542,Commerce,Kandy,3,6,14,0.11529787057925134,75.65106223349372,3.0
543,Physical Science,Jaffna,9,7,3,0.13213141771572795,77.58965313631688,19.3
544,Commerce,Galle,10,5,2,0.12883855495866364,70.26265739148091,17.3
545,Commerce,UpCountry,4,5,6,0.2528720253762153,91.00616242250663,5.8
546,Bio Science,Gampaha,10,6,3,0.19552763851721555,30.080335075308238,23.5
547,Physical Science,UpCountry,4,5,4,0.3196400509924542,47.03611082304833,8.1
548,Commerce,Galle,2,4,13,0.2572005799338427,55.989922277402435,4.7
549,Commerce,Colombo,3,8,6,0.09171092618486526,42.36425283793654,5.8
550,Arts,Colombo,4,10,3,0.4050224894672539,63.19384156981939,6.6
551,Commerce,Gampaha,7,4,15,0.23609759917027856,69.89899043144948,15.4
552,Technology,Gampaha,3,5,13,0.07661575895299139,96.13004357928318,2.2
553,Commerce,Kandy,8,9,5,0.0834399214643311,76.05683712779059,13.9
554,Commerce,Kandy,8,9,8,0.3984842052394779,56.38710352767886,14.6
555,Technology,Jaffna,10,4,14,0.3514965921115502,74.41539220746121,21.5
556,Bio Science,Kandy,2,9,5,0.2532639762698805,35.09529819357034,4.4
557,Physical Science,Colombo,4,9,4,0.1530407548761662,64.13382839744102,7.6
558,Physical Science,Galle,8,8,14,0.23026101839853802,68.33180971917959,18.3
559,Arts,Gampaha,1,7,14,0.3182417685690217,53.46853903952548,1.6
560,Commerce,RemoteArea,1,5,11,0.43964115871475723,62.482039469065676,1.0
561,Arts,Colombo,4,10,13,0.2779339338393643,56.11193766085225,6.9
562,Physical Science,UpCountry,2,5,12,0.13836764738687507,52.01182022666607,3.7
563,Physical Science,Ratnapura,1,8,0,0.0213699573467393,70.11748710791814,1.0
564,Physical Science,Colombo,8,7,7,0.0877275279583703,79.00866790722506,17.0
565,Bio Science,Ratnapura,2,7,4,0.3250888103312314,69.64993311472219,3.2
566,Commerce,Jaffna,4,4,4,0.08021848341207882,55.428429958706246,8.4
567,Bio Science,Galle,3,6,2,0.24076977657172544,51.06169605101972,6.2
568,Bio Science,Gampaha,2,5,9,0.3494775077381927,58.39500025970352,3.0
569,English,UpCountry,8,5,11,0.15411245070155538,62.199881587169614,14.3
570,Bio Science,Kandy,3,6,1,0.33455294490364307,47.41864612712315,6.4
571,Commerce,Kandy,9,8,0,0.29053603082390933,75.80735980764032,16.8
572,Arts,Galle,10,8,8,0.21946955346419772,60.96589402914374,17.8
573,Bio Science,Colombo,5,9,4,0.4486227394421305,73.47321274967608,9.9
574,Commerce,Gampaha,9,8,9,0.34602944521372186,43.501187363916166,17.4
575,Technology,UpCountry,3,3,11,0.1802985165762876,55.174892630080166,6.8
576,English,UpCountry,5,4,15,0.4021322667627708,80.39090095728852,11.1
577,Physical Science,RemoteArea,10,4,14,0.36905110708483585,80.10318964626042,26.7
578,English,UpCountry,6,6,3,0.39584198275408217,43.462050827867344,11.5
579,Bio Science,Colombo,9,10,6,0.3204779915204972,67.5460331399617,19.5
580,Physical Science,Galle,8,5,12,0.1896853079197493,70.93971417827717,18.5
581,Bio Science,Gampaha,2,4,3,0.17428925780213456,50.87679931945327,4.7
582,Sinhala,RemoteArea,2,5,10,0.3270756803796322,70.35496989544326,2.8
583,Bio Science,Gampaha,5,4,14,0.06545000398345058,43.29322450463199,13.1
584,Bio Science,Kandy,5,8,1,0.4099571752492879,46.59662220544049,11.7
585,Commerce,Kandy,5,9,8,0.18516769199903654,72.98436918484236,7.2
586,Physical Science,Gampaha,4,5,15,0.3151859946827745,67.94250388050435,8.8
587,Physical Science,Ratnapura,8,4,7,0.24953195746670903,64.72130491377976,18.7
588,Physical Science,Galle,5,4,11,0.25966324601232693,62.873759728215624,13.3
589,Physical Science,Galle,1,7,14,0.36900307310067354,75.05353872298625,1.0
590,Physical Science,Colombo,10,7,3,0.3133350268357092,70.27645340119521,22.7
591,Physical Science,Galle,5,5,7,0.12515449417285673,75.37247169133968,9.5
592,Commerce,Kandy,1,6,11,0.037112965711868895,67.38503800392765,1.0
593,Physical Science,Gampaha,4,4,12,0.4201170336826455,60.17382239354205,11.2
594,Bio Science,Colombo,1,10,8,0.44244703737592883,55.64475385720515,1.4
595,Technology,Galle,6,7,14,0.08224826645865935,51.14730012915563,11.5
596,Bio Science,Jaffna,6,5,1,0.15473853345976624,54.458152679472185,13.3
597,Commerce,Kandy,1,8,3,0.14117119096586617,52.404235154357536,1.0
598,Physical Science,Kandy,8,9,15,0.4687242803700774,91.5236813138675,17.9
599,Physical Science,Ratnapura,4,8,10,0.1023886909653442,49.29593613228494,7.9
600,Physical Science,Gampaha,2,7,15,0.083269616049916,83.06043176225094,1.4
601,Physical Science,Colombo,1,6,5,0.09091927487409951,58.48393085012768,1.0
602,Physical Science,Colombo,3,9,6,0.36493458804688345,59.90290568864236,6.2
603,Physical Science,Jaffna,7,7,4,0.4440099221232376,68.01782135917088,15.5
604,Physical Science,UpCountry,10,5,9,0.19668370531663404,43.22193671815339,23.6
605,Physical Science,Gampaha,10,6,11,0.06803995218317838,53.50037397579783,25.2
606,Bio Science,Colombo,8,10,9,0.29286099870417,45.88291830073072,18.4
607,Physical Science,Kandy,5,9,12,0.10496747916448806,60.296125457346854,10.0
608,Bio Science,Galle,7,7,6,0.03207572368261741,49.36207287330225,15.6
609,Commerce,Jaffna,2,6,13,0.44311568919123806,86.25714765958689,1.7
610,Commerce,Galle,4,5,10,0.435420638166838,56.24984788998857,7.4
611,Physical Science,Kandy,6,9,14,0.48795508012963684,31.32256239657316,15.8
612,Arts,Galle,5,7,3,0.23700237745306646,56.483508141029375,8.9
613,Commerce,Colombo,6,7,7,0.14700059910521107,75.61183132890174,10.0
614,Physical Science,Gampaha,2,7,2,0.3848918727852012,85.45402677184276,3.9
615,Technology,Gampaha,7,7,12,0.09024746604195638,62.55760169570941,13.5
616,English,Kandy,8,9,2,0.12164603840814031,53.24649897945176,13.8
617,Physical Science,UpCountry,9,6,4,0.12784131310369035,61.7832205759921,20.3
618,Physical Science,Galle,6,4,5,0.47580970495609004,68.72584209302656,14.3
619,Technology,Colombo,7,10,2,0.364911459415537,44.06673989190805,13.9
620,Arts,Colombo,1,7,9,0.06684739629107672,60.83324457773273,1.0
621,Physical Science,Gampaha,9,8,14,0.04642293906195338,66.25698154472187,21.7
622,Physical Science,Colombo,6,10,1,0.42140742679225585,61.187048838390915,12.6
623,Bio Science,Kandy,4,8,4,0.40113716152238077,59.831855229519014,8.2
624,Bio Science,UpCountry,10,3,9,0.3354972890041776,50.463269917562194,25.2
625,Commerce,RemoteArea,9,3,5,0.09805032619830806,67.58113987655506,18.4
626,Bio Science,Jaffna,1,5,15,0.2401417694446356,66.83140850927691,1.0
627,Bio Science,Galle,2,8,2,0.30136297272863694,60.294931748567066,3.3
628,Arts,Kandy,3,7,6,0.4660687634201758,46.762077811660106,4.8
629,Physical Science,Colombo,1,8,2,0.08471187009870529,70.60281733735468,1.0
630,Physical Science,Kandy,2,9,14,0.25772340357305684,52.780970657233716,4.0
631,Arts,Kandy,2,10,11,0.078875819439156,89.74656851046092,1.6
632,Technology,Jaffna,7,7,12,0.22192467028707613,48.31118145241063,13.3
633,Commerce,Colombo,10,9,1,0.10006748731546145,71.93323915280267,18.2
634,Commerce,Gampaha,6,8,13,0.41809310415760564,37.87725088182887,13.3
635,Physical Science,Gampaha,9,8,12,0.12736813881875647,32.12539916906963,23.2
636,Bio Science,UpCountry,5,3,9,0.20855235812201212,56.17849358487865,12.9
637,Commerce,Gampaha,9,6,3,0.2038938262460676,27.6044914078893,17.7
638,Physical Science,Galle,10,8,2,0.43314748001087927,71.94584725871142,22.7
639,Physical Science,Galle,9,7,6,0.37889873236613014,62.67294811332963,20.4
640,Bio Science,Colombo,2,10,7,0.028787744507542012,84.51545942076729,2.7
641,Physical Science,Kandy,9,8,2,0.033543728584082166,58.492099029621,20.0
642,Bio Science,Galle,3,4,5,0.27559862256535206,66.14725371499915,6.8
643,Physical Science,Gampaha,3,7,0,0.21385951367889672,55.97708179876383,6.0
644,Bio Science,UpCountry,9,2,4,0.13779211026842103,48.89104184035524,22.0
645,Physical Science,Colombo,7,6,1,0.39631046910370266,54.39838473689417,15.7
646,Technology,Ratnapura,8,6,0,0.06431758594949971,41.940712121373274,15.2
647,Commerce,Galle,7,8,12,0.4870284564350759,71.8112788545931,13.8
648,Commerce,Galle,9,4,6,0.012051253376080484,58.38228875095987,17.9
649,Arts,RemoteArea,8,3,9,0.059115362305421804,62.99628615152047,15.8
650,Bio Science,Jaffna,4,8,3,0.155658327137926,100.0,6.2
651,Physical Science,UpCountry,2,5,4,0.25457454762775156,55.9542531671832,3.0
652,Commerce,Galle,5,8,1,0.10806807923966194,65.20638187909688,7.7
653,Commerce,Galle,2,6,15,0.3681075744270132,66.68796935173656,2.7
654,Arts,Kandy,4,8,7,0.1787709517129949,80.86391384954531,6.5
655,Bio Science,Gampaha,2,7,14,0.019269166698468787,70.57687499916847,2.7
656,Physical Science,UpCountry,5,5,10,0.4388609837203221,60.92865933210516,11.0
657,Physical Science,Gampaha,6,7,12,0.4719328365430315,100.0,13.6
658,Bio Science,Kandy,1,8,9,0.3092818112185221,51.604730321321256,1.1
659,Commerce,Gampaha,8,8,13,0.40326819428520255,63.59241240133357,15.9
660,Commerce,Kandy,2,6,2,0.06055576934665091,74.74723650139751,2.2
661,Bio Science,Gampaha,5,4,6,0.1344101408933323,50.72799020629738,12.4
662,Sinhala,Ratnapura,8,5,10,0.1626158438390919,76.48418137903101,13.5
663,Commerce,Galle,5,6,0,0.4803765834742481,52.807927767461024,9.0
664,Physical Science,Gampaha,3,7,9,0.25611131995368375,79.54854391717572,5.1
665,Physical Science,Kandy,6,10,0,0.0037067794069799986,74.65517284267881,12.1
666,Physical Science,Colombo,1,8,13,0.19009291143504775,65.1487470801272,1.3
667,Physical Science,Ratnapura,1,5,6,0.00387530043278822,47.992901261956575,1.1
668,Physical Science,Colombo,8,6,0,0.11890287023622292,54.127865223535636,17.1
669,Physical Science,Jaffna,7,8,11,0.2273500335705887,65.27775561309258,16.1
670,Physical Science,Ratnapura,10,4,8,0.16169652771041831,77.3240681754255,23.4
671,Physical Science,UpCountry,10,6,8,0.016367106142585353,68.80870116417145,21.8
672,Technology,Colombo,3,9,7,0.058167861204389715,71.56861312996797,3.3
673,Physical Science,Colombo,8,10,7,0.27544328061136647,68.73993364217743,18.0
674,Commerce,Colombo,8,9,14,0.34780245219224265,79.69328522556762,14.2
675,Bio Science,Ratnapura,1,6,3,0.2022745061164513,58.49383526218242,1.0
676,Sinhala,Galle,10,4,3,0.36574087321245347,63.9733494086098,19.3
677,Physical Science,Galle,7,8,4,0.08166644425757186,62.42562593099475,15.3
678,Bio Science,Kandy,2,10,8,0.06102897390384304,57.430665466791226,2.9
679,English,Colombo,2,7,2,0.4197268579716379,76.17560961820051,2.7
680,Technology,Colombo,2,6,3,0.16960667424609982,76.35962961029256,1.6
681,Technology,Gampaha,5,6,9,0.21612396097221215,82.58683205974499,8.3
682,Physical Science,UpCountry,7,5,4,0.47379080115864824,50.5445081609535,15.1
683,Physical Science,Colombo,4,8,6,0.21205616396855465,68.26213726616295,8.2
684,Commerce,Jaffna,4,5,4,0.0017450529259521175,78.38550566625639,5.1
685,English,Gampaha,9,6,8,0.46898596977491785,86.54344634881352,16.2
686,Commerce,Colombo,10,9,5,0.00705931674291399,39.87052627189638,18.9
687,Commerce,Gampaha,9,4,2,0.33114314186459903,60.95670729790656,17.4
688,Physical Science,Ratnapura,7,5,5,0.16144545476625177,59.66175664248556,15.6
689,Arts,Galle,10,8,5,0.2351953782801025,86.362608541153,17.8
690,Physical Science,Colombo,4,10,14,0.27364258384809204,33.85975272891015,9.9
691,Bio Science,Jaffna,8,4,11,0.20423002864777712,49.79025058955069,21.5
692,Bio Science,Ratnapura,10,6,9,0.3871843935910841,85.99548930144553,22.0
693,Commerce,UpCountry,3,6,15,0.465353204832223,60.45420142185837,5.7
694,Physical Science,Colombo,3,7,0,0.04320602605943413,40.478101804604464,5.7
695,Physical Science,Galle,7,7,6,0.40012644061748653,85.68055712298232,15.2
696,Commerce,Galle,9,6,2,0.06433557045032257,39.52277954161844,17.1
697,Physical Science,RemoteArea,4,5,0,0.04013859162480388,75.33054083484373,7.1
698,Commerce,Gampaha,4,6,0,0.4779157263610644,36.59615805736803,8.7
699,Physical Science,Jaffna,1,5,4,0.244648890745637,40.362030348944344,1.8
700,Bio Science,Gampaha,1,7,13,0.0763016455046443,69.50211984469365,1.0
701,Commerce,Colombo,3,7,9,0.2849785566085448,51.77536424654358,5.1
702,Physical Science,Gampaha,7,7,9,0.1316185693847765,68.58502600142687,14.7
703,Bio Science,Colombo,9,8,1,0.2321545084039971,87.53067362427478,19.7
704,Physical Science,RemoteArea,4,3,1,0.31232979693995516,58.17479163854547,9.8
705,Physical Science,Ratnapura,2,6,11,0.43463491443499735,89.91680980590972,3.3
706,Sinhala,Kandy,6,8,3,0.0015406991346541554,66.36437631481142,9.3
707,Bio Science,Kandy,6,9,9,0.10707033045797437,78.83808636636054,11.1
708,Technology,Kandy,9,9,14,0.04813527145938978,31.701507590697922,18.9
709,Physical Science,Jaffna,4,5,10,0.04854885077953125,74.54457044523272,7.0
710,Commerce,Colombo,8,10,11,0.4728887065699524,72.74145378198841,15.8
711,Arts,Kandy,3,6,11,0.4680414672575262,60.098961220213674,4.2
712,Commerce,Colombo,2,9,14,0.37465403985061657,95.43296359322883,2.5
713,Bio Science,UpCountry,9,4,14,0.32153152120045775,59.601874235202985,23.9
714,Bio Science,Galle,6,4,6,0.4239852231788515,38.866886672170054,16.1
715,Bio Science,RemoteArea,8,3,7,0.029204369045283785,75.22935565620111,17.6
716,English,Ratnapura,10,4,15,0.05974289655061421,46.144855313475205,22.1
717,Technology,Colombo,9,6,10,0.158556461648167,66.1488021097076,16.3
718,English,Colombo,1,10,15,0.41624618994825674,87.59796394375626,1.0
719,Physical Science,Ratnapura,1,8,9,0.23611627138325508,71.97717471900006,1.0
720,Arts,Colombo,5,6,6,0.25178738171880916,59.28917726939726,7.8
721,English,Jaffna,9,8,8,0.11463271482690379,58.733106325226565,16.4
722,Physical Science,Colombo,7,10,6,0.32419374058676304,81.98013942995968,14.3
723,Physical Science,Kandy,7,6,3,0.4439210770311321,43.2012753466346,15.9
724,Arts,Galle,2,7,8,0.16475710992923376,75.62582609121992,1.8
725,Commerce,Jaffna,3,8,8,0.30959296988494206,96.90413158896553,3.2
726,Technology,Gampaha,4,4,2,0.16597448205591103,69.15155132381076,7.4
727,Physical Science,Gampaha,2,7,9,0.39635955591716504,60.929724312222284,4.1
728,Arts,Gampaha,10,8,13,0.2374798684961586,64.09901894682227,20.0
729,Physical Science,Colombo,9,6,7,0.16973451110985233,56.29429432078249,19.9
730,Physical Science,Kandy,5,10,0,0.21002442710564595,50.234324011304466,10.7
731,Physical Science,Gampaha,7,7,1,0.045613760698114125,62.266635461890864,14.3
732,Technology,Galle,9,4,7,0.4330585766612203,73.6922680098999,18.0
733,Commerce,Galle,5,7,12,0.4790345276690524,90.16160238398079,9.0
734,Commerce,Kandy,6,8,7,0.23870708986770828,34.15190038117659,11.5
735,Bio Science,Gampaha,4,5,5,0.1106686040390697,25.91430115372585,9.0
736,Technology,Colombo,8,8,15,0.33232809954446935,91.95119148140273,15.2
737,Bio Science,Galle,1,8,7,0.22619073977057136,64.3570514087514,1.0
738,Technology,Gampaha,1,7,13,0.12615004041920985,68.14263144282282,1.0
739,Bio Science,Colombo,5,6,13,0.019216571745074518,74.01943682957678,11.2
740,Bio Science,Colombo,10,9,7,0.44485222589425605,60.69710477274401,22.7
741,Bio Science,Colombo,9,10,1,0.3983671760225238,90.12734883469273,19.7
742,Bio Science,Galle,2,4,2,0.4145030288196897,68.3774307643492,5.2
743,Arts,Colombo,3,8,6,0.21991986546569442,56.28599673898837,4.2
744,Commerce,Kandy,8,9,2,0.37662769597671375,55.62726092442885,15.2
745,Physical Science,Gampaha,5,5,12,0.2906126319399978,63.84703448269689,11.1
746,Technology,Kandy,3,10,14,0.18738764820674653,55.34341282378739,5.2
747,Bio Science,Galle,6,8,14,0.42137104406109,92.34231055707068,13.0
748,Commerce,Galle,6,7,10,0.49937877402220915,66.85937609231871,10.9
749,English,Gampaha,5,6,1,0.44964115363717994,42.94249099657036,9.5
750,Commerce,Ratnapura,5,6,5,0.38809598584315286,68.57803096346122,8.5
751,Physical Science,Gampaha,6,5,1,0.37375398609618843,82.08564476868841,12.5
752,English,Kandy,2,7,13,0.3251244215084274,82.41224560583493,1.8
753,Commerce,Kandy,6,9,1,0.42680874841978855,49.10284271737835,10.6
754,Bio Science,Jaffna,2,4,14,0.246540623912333,50.36393055792073,5.6
755,Physical Science,Colombo,3,8,10,0.0908647550989965,86.40983427767054,5.1
756,Arts,Kandy,2,6,1,0.38402486213460324,36.13534463287633,3.9
757,Commerce,Colombo,1,6,3,0.45975318708794266,67.06376338879099,1.0
758,Commerce,Galle,1,7,13,0.17067614596524977,57.97212054810555,1.0
759,Technology,Gampaha,9,5,6,0.3914916489785678,82.70464568804955,16.1
760,Arts,Jaffna,4,4,14,0.13686135154120704,51.178986583033584,8.4
761,Physical Science,Ratnapura,5,7,5,0.471300136679341,50.552965903432636,11.0
762,Bio Science,Gampaha,10,5,4,0.3417304960068933,71.25542745304257,22.5
763,Physical Science,Jaffna,7,4,3,0.28463799359119857,73.43273796415207,15.5
764,Arts,Colombo,2,6,1,0.3899350789517875,80.89395200756948,2.9
765,Physical Science,Galle,10,5,10,0.40661558527877084,72.09390705154424,21.7
766,Commerce,Kandy,9,7,7,0.44618494911267353,68.7422691141901,17.5
767,Arts,Kandy,4,10,12,0.45055976642371526,81.73674208940825,6.3
768,Technology,Gampaha,10,8,11,0.02634541277677327,44.94086082916316,20.0
769,Bio Science,Gampaha,10,7,1,0.061453804006397716,47.30522902458573,22.3
770,Technology,Kandy,1,9,14,0.41303043909360415,47.69805175923377,1.1
771,Physical Science,Gampaha,8,6,14,0.47302582669008914,26.714676879319256,20.8
772,Technology,Jaffna,4,8,10,0.15383592406197028,77.63236606326873,5.5
773,Physical Science,Gampaha,7,5,7,0.004300909216357673,84.94527673096246,14.0
774,Bio Science,Colombo,3,10,9,0.16135259451759898,72.83992446565314,4.6
775,Arts,Colombo,9,9,13,0.19143206798628581,72.2011121074948,18.0
776,Physical Science,Ratnapura,5,7,3,0.38051668236170116,62.77443657614033,11.4
777,Physical Science,Gampaha,5,7,11,0.02379233281891957,66.32715768956217,9.8
778,Arts,Jaffna,3,5,4,0.10632011804633013,87.42835147665863,4.2
779,Arts,Galle,9,4,14,0.4469842930973198,90.23777448819379,19.4
780,Commerce,Colombo,3,9,15,0.07741020472571702,58.72454135470597,4.7
781,Commerce,UpCountry,2,6,10,0.3796238259841714,81.63203513975398,1.8
782,Commerce,Kandy,9,6,0,0.18065520778953792,78.44141204298441,15.8
783,Physical Science,UpCountry,9,6,1,0.3313301074606931,70.25589994618456,20.4
784,Bio Science,Jaffna,10,7,10,0.03692325165149596,70.8137106917433,23.0
785,Physical Science,Jaffna,4,5,7,0.1432789725430217,68.79909430232355,8.7
786,English,Ratnapura,4,4,15,0.21239486874836,45.26978457646364,8.5
787,Commerce,Colombo,10,6,0,0.42860631303889446,36.43974981539045,19.5
788,Bio Science,Ratnapura,6,7,2,0.2817479288230588,72.7493708171554,12.6
789,Bio Science,Jaffna,9,7,1,0.022612646538844594,43.99431074857557,20.9
790,English,Gampaha,8,7,9,0.40093328666306305,43.66071950461979,15.3
791,Physical Science,Galle,10,6,15,0.027260744475741283,36.36794244465999,24.7
792,Commerce,Gampaha,3,5,4,0.46718328199595033,54.86439407401903,5.1
793,Commerce,Galle,6,5,15,0.10585872302019478,73.11504265068795,10.5
794,Commerce,Colombo,7,9,11,0.24396307232852738,72.32381219970841,13.7
795,Physical Science,Colombo,6,8,3,0.036140484383154536,74.25892661338654,13.2
796,Technology,Gampaha,3,7,3,0.28085619314888327,55.6275199021006,5.2
797,English,Gampaha,9,7,12,0.24861435036424084,67.6091866937769,18.3
798,Commerce,Gampaha,4,5,3,0.20512426744067147,74.18727082834977,6.6
799,Commerce,Galle,2,6,10,0.017786458517019876,71.95967044739383,1.9
800,English,Ratnapura,9,5,3,0.4394681893257515,52.7269634098759,16.9
801,Arts,Gampaha,3,7,3,0.40131829940643127,65.99467464985071,4.5
802,Physical Science,Galle,6,8,5,0.3165150101644954,32.73652887509097,14.5
803,Commerce,Ratnapura,5,4,1,0.2861149913169652,60.501845823064016,10.2
804,Commerce,UpCountry,2,5,12,0.3474732156849156,56.72396983897519,2.5
805,Bio Science,RemoteArea,1,4,12,0.07199500795718361,88.77865069476087,1.8
806,Arts,Ratnapura,9,8,14,0.466322123158242,52.34163827338999,18.4
807,English,Colombo,3,8,3,0.14233664575232047,63.25017878117764,3.6
808,English,Gampaha,7,7,13,0.32824513622150114,60.067508725431665,13.4
809,Bio Science,Galle,9,7,6,0.30337784057095235,54.626623807683565,20.5
810,Physical Science,Kandy,9,6,6,0.3183069898578043,68.65997813282235,20.4
811,Sinhala,Kandy,10,8,0,0.4394760615410561,53.72695010542676,19.2
812,Technology,Galle,6,8,9,0.14795560332530988,92.27985756977898,8.9
813,Physical Science,Colombo,8,6,11,0.37447409412632865,35.88110635921031,20.1
814,English,Galle,9,6,8,0.2991955319695846,73.46756188243168,16.5
815,Technology,Jaffna,3,7,6,0.03803016547732008,61.72807860515853,4.0
816,Commerce,Kandy,6,6,10,0.20707734044098758,64.24526231606396,10.4
817,Commerce,Galle,5,7,5,0.4189757866328722,67.03183761894618,8.5
818,Bio Science,Jaffna,7,5,13,0.15767369446529295,81.46629125731394,16.0
819,Physical Science,Colombo,7,7,15,0.24113194165643798,71.47609576098424,16.5
820,Bio Science,Gampaha,9,4,1,0.24431928407682996,75.51994954562029,22.3
821,Technology,Gampaha,1,4,5,0.3090049334029313,63.19603045677518,2.2
822,Physical Science,Ratnapura,6,6,4,0.44200892989509166,46.488354495603204,13.5
823,Bio Science,UpCountry,5,6,8,0.08676959939257822,62.66284132388305,10.2
824,Bio Science,Colombo,4,10,11,0.2523084413200628,82.79388931733938,7.6
825,Commerce,Jaffna,10,5,0,0.21213362964380605,53.83978157657605,18.2
826,English,Kandy,1,7,15,0.1479600450502982,51.257945896353284,1.2
827,Bio Science,Ratnapura,4,5,4,0.45980408847688614,71.29181735550091,8.3
828,Bio Science,UpCountry,10,5,2,0.004085546203856982,66.04917281203832,22.4
829,Arts,Galle,7,8,8,0.06105239631518855,52.43689466862895,11.6
830,Bio Science,Kandy,4,6,11,0.3666722249580548,62.004135357412984,8.5
831,Physical Science,Colombo,1,7,0,0.13172080234345673,57.27493608427205,1.0
832,Bio Science,Colombo,10,8,5,0.3615896305461217,62.59572903378325,22.2
833,Physical Science,Gampaha,1,4,2,0.4161268053577814,70.69848564728821,1.7
834,Physical Science,Colombo,1,6,0,0.12730800841726508,53.92195102192995,1.0
835,Bio Science,Kandy,10,6,10,0.0959721439315121,75.47366441548314,21.5
836,Bio Science,RemoteArea,5,6,14,0.07265031634057889,58.99766109353625,11.4
837,English,Kandy,7,7,2,0.10004430544122311,85.99461119570506,12.2
838,Bio Science,Galle,9,6,14,0.1335926945585958,92.31780678146623,20.1
839,Commerce,Jaffna,8,7,1,0.4343749082702544,47.653905130385446,14.8
840,Commerce,Gampaha,2,6,9,0.38500220662621626,46.11746907771237,2.5
841,Physical Science,Galle,9,6,11,0.0009221584591208032,80.17311720748485,21.1
842,Commerce,Gampaha,4,6,11,0.4370595710490489,69.3682520467723,7.2
843,Physical Science,Galle,10,7,11,0.039406149850988836,73.77502310652523,23.3
844,English,Colombo,5,8,7,0.32763280877343637,53.678672042048255,8.5
845,Physical Science,Colombo,5,8,2,0.07573738410841319,59.013190207656,10.1
846,Bio Science,Galle,4,5,10,0.031137905255478104,59.827487407844195,7.6
847,Physical Science,Kandy,6,7,6,0.3798853487605889,67.56301478327212,12.4
848,Sinhala,Galle,1,5,9,0.2336015569279215,45.81419977509455,1.0
849,Commerce,UpCountry,2,2,5,0.29953125665557956,61.00998330963787,3.4
850,Commerce,Ratnapura,4,6,14,0.21267650939872945,48.16332347737327,7.5
851,Physical Science,Kandy,4,10,6,0.033585931253921064,55.26654334348887,7.7
852,Arts,Gampaha,8,8,10,0.3698090831434873,63.53978281594638,14.8
853,Physical Science,Kandy,9,10,6,0.4101755605844133,70.61150594666282,20.7
854,Technology,Galle,4,7,9,0.020710271544350123,73.35480377513028,5.4
855,Physical Science,Colombo,6,7,0,0.18785859849196967,71.41372225741294,12.4
856,Physical Science,Kandy,4,7,3,0.27865826853508,39.25814905734241,7.9
857,Physical Science,Jaffna,4,5,3,0.30259171138345864,80.46129594185098,8.5
858,Bio Science,Colombo,9,9,4,0.2890764705706494,52.32800821264046,19.5
859,Commerce,Galle,4,6,13,0.3464703269510647,57.923126027412565,7.3
860,Physical Science,Kandy,6,6,9,0.48340810120976146,68.53121322850815,11.8
861,Arts,UpCountry,9,3,4,0.19529326056435553,56.944978184596884,17.6
862,Bio Science,Gampaha,3,6,7,0.27831178347779467,68.92738729572494,6.3
863,Commerce,Colombo,7,10,3,0.3495393147319995,69.71088849010282,12.9
864,Bio Science,Kandy,7,6,12,0.2962119110389025,54.55236505245775,17.6
865,Bio Science,Ratnapura,1,8,0,0.19337551500459083,57.244109217773975,1.0
866,Commerce,RemoteArea,2,4,14,0.3120396439749132,64.68824566332293,5.1
867,Physical Science,Ratnapura,5,6,4,0.3250557652200807,76.3740887347224,10.2
868,Physical Science,Galle,8,8,0,0.2924842376631684,53.02255699191869,18.4
869,Technology,Kandy,6,6,11,0.10255533037618542,57.86956799803754,12.6
870,English,Gampaha,7,8,2,0.252990679076216,45.67573068240768,13.5
871,Bio Science,Ratnapura,3,8,14,0.44217840488035026,53.35729011171305,6.8
872,Physical Science,Kandy,6,10,7,0.43430093901612177,43.240913849683196,14.1
873,Commerce,Kandy,9,6,15,0.37539396249800555,56.95404296230517,19.2
874,Bio Science,Colombo,3,9,9,0.3485977572186125,88.40347517038072,5.3
875,Physical Science,UpCountry,6,2,14,0.07663956888022544,77.36361013756535,15.2
876,Physical Science,Gampaha,7,8,4,0.2297323322522246,81.16019513367829,15.2
877,Arts,Gampaha,5,5,6,0.05547565487374706,48.74773894393849,9.8
878,Commerce,Kandy,10,7,13,0.4086422248180098,37.2840384756354,21.0
879,Physical Science,Colombo,8,8,0,0.14552160321987556,64.74572998468886,17.7
880,Physical Science,UpCountry,8,5,5,0.38343293212454693,90.30396841275342,17.2
881,Physical Science,Gampaha,6,6,11,0.40728944575445136,58.21996411996856,14.3
882,Commerce,Ratnapura,7,6,13,0.4462480487057704,68.02724532923499,13.5
883,Physical Science,Gampaha,3,5,7,0.3769150392438817,39.956972656651374,7.4
884,Physical Science,Kandy,7,6,5,0.28236450025369064,62.92309635610228,14.8
885,Arts,Kandy,7,8,3,0.2990924573633481,59.62518322029214,11.9
886,Physical Science,Jaffna,4,6,10,0.1602911384113096,33.60433465384879,8.5
887,Commerce,Ratnapura,10,7,7,0.08849809569522266,47.93995459552079,17.7
888,Physical Science,Colombo,4,7,14,0.06531810241189007,50.249048010002944,8.4
889,Physical Science,Galle,3,4,7,0.09101176055838572,39.80410224300405,7.0
890,Physical Science,Ratnapura,10,7,13,0.4669759437014237,55.62717974659872,25.3
891,Arts,Galle,7,4,13,0.08221662710034189,74.13155549997153,15.2
892,Technology,Ratnapura,5,4,5,0.36186872246427493,53.00226312650085,10.2
893,Technology,Galle,3,6,7,0.09231427165736233,80.72733905072515,3.9
894,Bio Science,Gampaha,6,7,11,0.48764488510788684,60.058605054213814,15.0
895,Commerce,Kandy,6,8,5,0.18329226773784874,67.39327252443861,9.0
896,Physical Science,Colombo,6,10,14,0.20606821451453494,74.46219523064356,13.2
897,Physical Science,Ratnapura,2,4,3,0.2022557893910769,84.50819941838957,3.7
898,Technology,Colombo,10,9,10,0.4082295920301043,54.258350823794885,19.2
899,Physical Science,Colombo,7,7,11,0.10914526237105476,72.13539261232484,16.3
900,Physical Science,Gampaha,7,6,5,0.41551236795281465,48.300598711645904,16.2
901,Physical Science,Kandy,10,10,14,0.32852942722104056,92.83143532141611,23.2
902,Physical Science,Kandy,4,10,8,0.11014008389846247,48.40466583788529,7.9
903,Physical Science,Galle,6,8,7,0.03270377292045534,69.25514343734972,11.4
904,Commerce,Jaffna,4,6,14,0.38749627071947934,90.39190550097328,6.3
905,Bio Science,Kandy,4,7,13,0.10948152290809338,48.552174557454535,8.8
906,Technology,Gampaha,6,7,6,0.44453341486141495,71.92645810110803,10.8
907,Technology,Gampaha,9,4,4,0.06489263868236955,47.108300489564066,18.4
908,Bio Science,Gampaha,7,5,12,0.3081822824037511,100.0,15.3
909,Physical Science,Galle,2,6,6,0.3460841968607556,34.629433145071836,4.5
910,Bio Science,Colombo,6,9,0,0.32885120727860956,37.24035984643632,13.7
911,Commerce,Ratnapura,5,4,7,0.15801490724812722,46.67717675075993,9.7
912,Physical Science,Jaffna,6,7,4,0.4377617616102341,45.660205268869404,13.4
913,Commerce,Colombo,8,6,6,0.3849026583743736,70.81304949119945,13.3
914,Bio Science,Galle,8,4,6,0.2551031708106404,89.99520409264385,18.0
915,Commerce,Galle,3,8,15,0.3016465139692244,84.82693628264919,3.8
916,Bio Science,Ratnapura,9,6,7,0.2831856134736868,67.00853430131224,19.4
917,Physical Science,Colombo,6,7,6,0.4733492886727126,63.143743435145865,13.7
918,English,Gampaha,7,8,5,0.44820661838964465,53.40456566994639,13.4
919,Arts,Kandy,9,10,11,0.11774864257803502,71.36609485803157,17.7
920,Physical Science,Colombo,7,9,5,0.13137988885752255,59.36794265125721,15.4
921,Technology,Jaffna,10,4,4,0.4907190360662162,64.84116359007129,20.3
922,Bio Science,Kandy,9,6,4,0.11828035097643436,50.88642602870365,20.1
923,Technology,Gampaha,1,7,3,0.4767396622412976,43.472570965932036,1.9
924,Arts,Ratnapura,1,6,15,0.32487685254837256,67.88204015695284,1.0
925,Bio Science,Galle,3,4,6,0.025054719520533786,63.05054738274479,7.2
926,Physical Science,Colombo,9,10,12,0.1678635997304168,57.061007064718964,22.0
927,Physical Science,Galle,1,8,11,0.2380770359564458,54.00234860774662,1.0
928,Commerce,Gampaha,1,4,10,0.41654644572522587,73.37609433611205,2.0
929,Commerce,Kandy,5,6,13,0.1642927066376758,73.32422293631562,8.4
930,Physical Science,Galle,8,6,2,0.15528915606227323,89.14825234959733,16.9
931,Physical Science,Galle,2,4,4,0.460131629514332,82.71394739682289,4.6
932,Technology,Gampaha,4,6,14,0.039517172700586745,49.092362851280654,7.1
933,Sinhala,Colombo,6,10,2,0.2757606073574977,58.137612611651974,10.4
934,Commerce,Galle,1,6,7,0.25211963492405165,43.028469257932855,1.6
935,Physical Science,Gampaha,4,4,14,0.028667380111255192,39.411461963957095,11.3
936,Physical Science,Colombo,4,7,4,0.04387961025965531,94.93233631465081,6.2
937,Physical Science,UpCountry,9,2,14,0.1909837164890023,89.20444755667731,21.9
938,English,Colombo,9,7,10,0.06708060967239049,55.55294126855779,16.4
939,Physical Science,Ratnapura,6,8,12,0.23903595222392793,84.65064208428916,13.8
940,Commerce,Ratnapura,8,7,9,0.30444444270358967,85.37580468967663,13.1
941,Physical Science,Kandy,10,10,5,0.3456983422514884,33.693037448016895,23.8
942,Commerce,Jaffna,4,8,0,0.27323503296038226,72.75905485525877,5.7
943,Commerce,Gampaha,10,8,13,0.18983000794665622,59.12519598262125,19.7
944,Technology,Gampaha,8,6,10,0.06487931330231778,70.74642542566468,14.2
945,Physical Science,Gampaha,3,8,3,0.12374270740353877,100.0,4.4
946,Physical Science,Jaffna,2,7,8,0.20971083850792677,87.78043608132147,2.2
947,Physical Science,Ratnapura,6,4,14,0.46205724170115026,65.07681806485499,16.4
948,English,UpCountry,5,3,15,0.10130029059719753,88.8251025599336,9.9
949,Technology,Colombo,8,10,14,0.2066721154663277,38.16833292042517,15.9
950,Commerce,RemoteArea,1,3,4,0.3661544286870271,69.55359246614978,2.0
951,Commerce,Colombo,10,10,14,0.3526016760009473,74.91215084542993,20.7
952,Commerce,Galle,3,6,0,0.48279629723697154,70.58539546935762,4.8
953,Physical Science,Colombo,7,7,14,0.09545064833983719,59.37269881214192,15.2
954,English,Ratnapura,10,8,3,0.008259805799980924,67.22960655182425,17.2
955,Bio Science,Galle,4,8,11,0.16116163049360138,78.33959045191645,8.5
956,Bio Science,Galle,10,7,15,0.07484630624135802,32.655571825263415,25.1
957,Commerce,Gampaha,5,7,5,0.2742345261917531,57.75734841804436,9.2
958,Physical Science,Jaffna,8,7,6,0.4493895276251168,49.45031598975717,19.5
959,Physical Science,Kandy,1,8,6,0.3441134164862714,72.93209325740479,1.0
960,Arts,Galle,1,5,7,0.06789942817506245,84.16757479257205,1.0
961,Physical Science,Gampaha,7,6,4,0.05804501219774372,52.822209562759326,14.7
962,Commerce,Kandy,9,6,5,0.4557249066377136,46.16959697314306,17.8
963,Physical Science,Gampaha,4,8,10,0.24380477494620018,66.75745918151466,7.6
964,Bio Science,Gampaha,8,8,10,0.46183649599464865,47.70183482310034,18.3
965,Physical Science,Galle,10,8,1,0.3681088577715082,57.10350534479356,22.3
966,Bio Science,Colombo,7,9,13,0.49667423031770047,61.521766644131496,17.0
967,Arts,Colombo,2,10,11,0.4356138713304867,74.20154119902529,2.2
968,Physical Science,Kandy,5,9,9,0.20710609613090258,69.22793377132803,9.1
969,Commerce,Jaffna,9,4,11,0.37911391377579523,67.9209537036767,19.3
970,Bio Science,Colombo,9,8,1,0.2356140836599725,85.05275766935695,19.6
971,Commerce,Gampaha,3,6,13,0.1165361465495573,70.54594290631192,4.9
972,English,UpCountry,3,4,2,0.12051462937817975,54.73243335831722,5.9
973,Arts,Colombo,2,9,3,0.1986610722309068,57.072143828453406,2.5
974,Physical Science,Jaffna,7,5,5,0.05573311300608769,51.035428743613345,15.4
975,Physical Science,Jaffna,6,5,5,0.08888314244432194,47.220455670038994,14.0
976,Physical Science,Gampaha,5,4,2,0.2503043418600495,40.15986369272271,12.2
977,Commerce,UpCountry,7,3,0,0.476961238680903,77.01348670060113,13.3
978,Physical Science,Jaffna,4,4,2,0.28884317100861256,50.22539414069824,10.0
979,Bio Science,Gampaha,5,8,3,0.20424837459401118,66.23873212759905,10.4
980,Commerce,Kandy,9,8,8,0.12135015993465087,59.502006490688686,16.2
981,Bio Science,Jaffna,9,7,9,0.09795065235322031,64.06164007116152,19.0
982,Arts,Kandy,4,6,7,0.3292035146894478,80.80701677095882,6.4
983,Physical Science,Galle,6,7,12,0.42416265871082937,68.64984642543074,14.1
984,Physical Science,Gampaha,2,7,3,0.19942796321958178,47.65987875181753,3.9
985,Arts,Colombo,3,8,6,0.2753295231866414,54.53831191819514,5.5
986,Bio Science,Colombo,9,10,12,0.3533633806245195,78.89919041930082,20.8
987,Commerce,Ratnapura,6,8,12,0.029147787527787905,73.24767806152457,9.7
988,Bio Science,Ratnapura,8,5,8,0.17544852371809172,77.83619981208612,17.2
989,Physical Science,Galle,5,8,1,0.3648764448810545,56.922478498340645,9.8
990,Technology,Jaffna,2,6,2,0.34230951325963593,40.05934276878397,3.1
991,Arts,Jaffna,7,7,0,0.026673862208045684,67.59971983036873,11.5
992,Commerce,Kandy,6,6,7,0.11890924918670248,67.29228357412973,10.2
993,Physical Science,Galle,2,4,1,0.3399786072225006,64.68513330740697,4.5
994,Commerce,Gampaha,6,8,6,0.13570802117795228,42.273845380368115,11.1
995,Bio Science,Galle,8,5,6,0.4072051469686938,53.396753006486115,17.7
996,Physical Science,Gampaha,1,4,10,0.014752429599579675,50.92447623588126,1.6
997,English,UpCountry,4,3,2,0.09517351464672252,66.99049964635293,7.5
998,Physical Science,Jaffna,1,4,1,0.14065649002527908,67.0069111133022,2.0
999,English,Colombo,2,7,2,0.46264491740504415,60.34768163151694,3.1
1000,Bio Science,Kandy,1,7,11,0.3981594781853328,80.01377077970743,1.2
1001,Physical Science,Kandy,6,9,7,0.44207254326465883,85.8606748485492,13.1
1002,Commerce,Colombo,6,8,11,0.2202395735886437,70.79584559017206,11.3
1003,Technology,Kandy,1,6,8,0.41128104563820994,74.06606544886436,1.0
1004,Arts,Gampaha,4,8,10,0.4267467859233743,56.8767494026307,7.1
1005,Technology,Ratnapura,4,6,7,0.19997841193749982,52.618572775704884,7.2
1006,Commerce,UpCountry,8,5,10,0.49723092387212636,80.14615828609446,14.5
1007,Commerce,Kandy,6,9,1,0.4256193146079346,47.37886614497545,11.0
1008,Technology,Galle,2,7,11,0.48704848437239434,75.95595030997292,2.2
1009,Physical Science,Jaffna,5,8,12,0.43324855432258275,91.79206749808415,11.3
1010,Bio Science,Gampaha,4,4,8,0.388101820127804,73.80222817155295,9.3
1011,Physical Science,Kandy,10,6,5,0.4719219367322729,61.28601312282014,23.9
1012,Sinhala,Jaffna,4,5,11,0.20990962229229504,45.395136064162294,7.0
1013,English,RemoteArea,8,3,1,0.3916667167484313,62.94954186719422,16.8
1014,Physical Science,Colombo,5,7,8,0.10644560295805477,79.13644201588595,9.4
1015,Arts,Galle,3,8,4,0.36639692736053847,59.31560085686375,5.0
1016,English,UpCountry,10,4,14,0.3926766415261964,82.32240891777666,20.8
1017,Physical Science,Jaffna,4,4,5,0.3582622049417949,67.97536043845214,8.6
1018,Commerce,UpCountry,1,3,0,0.42490653267858086,64.37010822879867,2.9
1019,English,Gampaha,6,8,15,0.20666772342480283,62.74817607323972,11.1
1020,Physical Science,UpCountry,10,6,11,0.27238406603774573,43.659342540752405,25.8
1021,Commerce,Jaffna,4,5,12,0.005333705347635498,59.62333743508584,6.3
1022,Physical Science,Ratnapura,6,7,13,0.073026581503012,60.0041851379175,14.3
1023,English,UpCountry,2,5,1,0.3220969628139108,69.13161239129059,2.1
1024,Sinhala,Gampaha,5,7,15,0.2811585998225225,67.27163060891888,8.5
1025,English,Gampaha,9,5,0,0.09866625677070201,76.24752031837349,16.0
1026,Bio Science,Kandy,8,10,3,0.12173239708014078,65.72029535249247,17.7
1027,Technology,Colombo,3,10,1,0.17204110096172903,52.93475265291298,4.9
1028,Technology,Gampaha,1,4,12,0.3582073564717546,53.77686335274915,2.5
1029,Bio Science,Galle,10,7,15,0.3048583013316505,58.44937964745954,24.0
1030,Technology,Ratnapura,3,5,0,0.0347856320876449,62.41153403989302,3.5
1031,Physical Science,Colombo,8,6,2,0.3799695745061803,55.40810187519338,17.8
1032,Commerce,Ratnapura,3,8,3,0.13132978151101476,45.35341069908468,4.6
1033,Physical Science,Gampaha,5,4,3,0.3358798392022101,76.60073784033284,12.2
1034,Physical Science,Jaffna,2,7,2,0.061681422330775226,63.28467036699995,2.8
1035,Physical Science,Galle,1,6,1,0.49896063835958404,64.6207924244016,1.0
1036,Commerce,UpCountry,10,5,11,0.04016758534385706,53.16064353145919,18.8
1037,Bio Science,Kandy,5,9,7,0.37086701420049756,47.87603391566319,10.8
1038,Arts,Colombo,5,7,9,0.2706651796265477,62.066460152670594,8.2
1039,Physical Science,UpCountry,6,4,12,0.04296959564206915,35.576768708119474,16.4
1040,Bio Science,Galle,2,6,10,0.013405228775377753,76.69719964946513,1.5
1041,Commerce,Kandy,9,8,1,0.18133285875833932,49.939649391827274,16.0
1042,Arts,Jaffna,2,8,4,0.40111196600357196,57.98442884006434,3.1
1043,Bio Science,UpCountry,2,2,6,0.02057562014069625,69.40378947378903,4.7
1044,Commerce,Jaffna,5,8,8,0.35219933166402706,60.630473835908944,7.7
1045,Technology,Gampaha,9,6,11,0.32768813813211933,47.97438316342247,18.3
1046,Commerce,Jaffna,4,5,2,0.1327688383863836,83.58550539716182,6.0
1047,Physical Science,Ratnapura,6,7,0,0.03874601786744514,37.01126987195957,13.7
1048,Physical Science,Gampaha,2,7,14,0.457660980277031,33.451823389231535,4.5
1049,Technology,Gampaha,4,8,8,0.15017490136836198,77.11900504182083,6.3
1050,Physical Science,Colombo,9,10,0,0.055691615893380564,38.10853214178728,20.5
1051,Technology,Ratnapura,2,5,7,0.340758539180458,82.29174311801236,2.3
1052,Commerce,Colombo,1,9,1,0.108340614395814,66.15332306567481,1.0
1053,English,Jaffna,4,8,6,0.23781537778131495,67.24505588762493,6.4
1054,Arts,Galle,4,4,11,0.025202772118016525,56.9645754855353,7.8
1055,Sinhala,RemoteArea,1,6,2,0.49649197445405246,48.61899322807797,1.1
1056,Bio Science,Gampaha,4,8,5,0.2238105633877462,56.85618741356965,8.0
1057,Arts,Kandy,3,8,15,0.49955499065476716,54.34173177742689,5.7
1058,Bio Science,UpCountry,2,2,5,0.19283743846703316,80.61502007390293,5.2
1059,Bio Science,Colombo,10,6,3,0.1739262779711097,50.35876857727018,23.9
1060,Commerce,Jaffna,4,5,7,0.45728616413353673,71.09520890856773,6.4
1061,Technology,Galle,8,6,11,0.16473292692224406,80.57811592197072,15.7
1062,Sinhala,Ratnapura,7,4,11,0.21600277365813536,52.28223189969854,15.0
1063,Arts,Galle,9,6,4,0.03905521835707876,67.6488712762475,16.0
1064,Bio Science,Galle,8,6,6,0.47773119401773784,49.591802773392274,18.2
1065,Bio Science,Ratnapura,1,7,12,0.0425756204254511,63.39711414250322,1.0
1066,Arts,Ratnapura,2,4,4,0.38559246676766207,55.12047595324052,5.8
1067,Physical Science,Ratnapura,2,7,12,0.2693076969055885,55.568392432898264,3.6
1068,Physical Science,Gampaha,8,8,11,0.03070257202376736,67.8667955787362,18.4
1069,Bio Science,Kandy,4,10,3,0.0008519140205280884,43.28824747064266,7.7
1070,Physical Science,Kandy,9,9,5,0.4677768192635647,76.43838868413741,19.6
1071,Physical Science,Colombo,2,10,2,0.37108670211777195,44.776934474074494,3.3
1072,Physical Science,UpCountry,4,5,5,0.34321812176970745,43.49367166626785,8.9
1073,Physical Science,Gampaha,1,5,5,0.21927826529961097,58.7155519657761,1.0
1074,Physical Science,Ratnapura,3,6,10,0.11930689335548872,59.4124646897452,5.6
1075,Sinhala,Gampaha,6,5,10,0.339931537365287,70.3333580938408,10.3
1076,Bio Science,Kandy,9,6,5,0.3041505343085496,63.77248638485381,19.8
1077,Bio Science,Gampaha,1,5,13,0.3631710974241682,42.08959274557003,1.5
1078,Commerce,Colombo,5,7,13,0.18289625925013103,81.29850236870936,8.5
1079,Physical Science,Colombo,2,10,15,0.49346188025659515,63.33990815189293,3.9
1080,English,Galle,7,7,10,0.033504327714266424,68.62188947900154,11.5
1081,Arts,RemoteArea,4,2,2,0.03985080851810702,94.03232829503244,6.3
1082,Physical Science,Gampaha,5,8,12,0.4584379237903075,85.29663419785574,11.8
1083,Bio Science,Gampaha,8,4,7,0.3238532174595218,66.65793894816503,20.1
1084,Technology,Kandy,2,8,3,0.1631670340910522,40.90395249435308,2.9
1085,English,Jaffna,3,7,10,0.3809763788503131,44.65497544843844,4.9
1086,Bio Science,Gampaha,5,8,15,0.22638669392651994,84.9306650626173,10.5
1087,Commerce,UpCountry,10,3,1,0.010560754403866057,54.47276379019712,20.3
1088,Physical Science,Kandy,4,8,6,0.32555183470997867,60.47377713206895,8.2
1089,Sinhala,Gampaha,5,5,10,0.12155596854576145,47.8179729779704,8.8
1090,Physical Science,Kandy,3,6,7,0.057667558305033895,70.18776841803361,4.6
1091,English,UpCountry,9,4,10,0.1126365912497021,82.1211923063942,16.4
1092,Commerce,Galle,8,8,15,0.23807894056462425,90.35325188731993,15.1
1093,Commerce,Ratnapura,6,5,3,0.02492821564162012,54.77775271154151,10.3
1094,Commerce,Gampaha,1,5,15,0.44157619338977383,77.17317698818704,1.0
1095,Physical Science,Gampaha,4,4,5,0.27995900828468095,61.073697718203555,8.8
1096,Physical Science,Gampaha,7,4,7,0.14649809005770786,76.70417851769125,17.0
1097,Physical Science,Jaffna,10,7,15,0.3435024240443415,67.44049199109355,24.7
1098,Physical Science,Galle,5,7,4,0.40211824848997063,49.63810855725711,10.2
1099,Arts,Jaffna,4,4,8,0.3069623139917401,83.80236389491385,7.8
1100,Bio Science,RemoteArea,9,5,5,0.10124734095526178,63.97808731417343,19.5
1101,Physical Science,Colombo,8,7,5,0.055144210073221844,57.228103708846305,17.4
1102,English,Galle,3,4,11,0.4299498485166933,68.16670200837888,6.4
1103,Technology,Galle,6,6,12,0.11734370677587025,54.950395426785846,11.4
1104,English,Gampaha,4,4,1,0.010041215338748855,66.72878189829605,7.3
1105,Sinhala,Jaffna,7,8,14,0.32145105407712604,64.05550385805142,12.9
1106,Physical Science,Colombo,1,10,6,0.07644266493215646,51.07807640101933,1.3
1107,Bio Science,Galle,1,4,15,0.4954849098822876,100.0,1.7
1108,Arts,Kandy,6,8,8,0.43486541586970595,48.89061508387225,11.5
1109,Commerce,Colombo,10,6,14,0.30422286300060886,72.29925507123285,20.4
1110,Physical Science,Jaffna,7,6,4,0.41693282130427173,62.851948083069466,15.6
1111,Technology,Kandy,9,7,13,0.2352678503843481,51.11604085481991,18.6
1112,Physical Science,Colombo,7,7,4,0.3942431222312176,56.940039648575045,15.0
1113,Physical Science,Ratnapura,9,6,11,0.3232667761985756,45.361726622803715,22.3
1114,Commerce,Gampaha,10,7,12,0.014322323984827967,96.99733829909509,18.5
1115,Commerce,Kandy,9,7,10,0.4743788337764212,60.98063562744823,17.0
1116,Commerce,Galle,8,8,4,0.43045978909834354,59.25780071344179,15.1
1117,Physical Science,UpCountry,7,2,0,0.47670369529661094,89.17804496792641,17.0
1118,Technology,Kandy,3,9,4,0.36568296728040783,49.64034718387553,5.0
1119,Physical Science,Galle,3,8,9,0.20603046083081106,83.91613533841068,5.0
1120,Physical Science,Gampaha,5,4,7,0.10349261164314111,72.38789718384359,11.3
1121,Technology,Jaffna,7,8,14,0.08999817378293451,37.31522165382671,14.1
1122,English,Colombo,10,9,2,0.07245812419388581,55.43363914441345,18.2
1123,Technology,Gampaha,7,6,8,0.11030482132075886,70.54908986896027,11.5
1124,Technology,Kandy,1,6,8,0.27531800667369766,64.53357742263717,1.0
1125,Commerce,Ratnapura,8,8,5,0.3418725316439205,63.073900956637715,14.5
1126,Commerce,Jaffna,1,8,3,0.1570282805081341,52.392528868409826,1.0
1127,Physical Science,Galle,4,7,14,0.27437348475393175,56.30691260110335,8.2
1128,Bio Science,Gampaha,2,7,3,0.1706263297269251,56.87389914235482,3.2
1129,Bio Science,Gampaha,5,7,10,0.34825498683699796,94.4196408131743,9.1
1130,Physical Science,Galle,6,6,0,0.49424311016012556,46.384866438116475,13.8
1131,Arts,Galle,4,5,13,0.34450848419144176,59.266914799978345,6.8
1132,Bio Science,Colombo,4,10,9,0.02951528841882667,64.93269703979294,7.5
1133,Physical Science,Gampaha,7,6,4,0.23861747891699464,40.0526951005655,15.8
1134,Physical Science,Jaffna,4,8,4,0.3851937463172654,68.47922334708588,7.8
1135,Commerce,Kandy,2,8,4,0.27112080312679115,42.679930625103,3.3
1136,Physical Science,Colombo,4,6,11,0.475531514861449,49.19136682519121,9.9
1137,Technology,Gampaha,7,5,0,0.02738583960210561,42.97118722564514,12.6
1138,Bio Science,Galle,1,8,15,0.14557777164783903,42.8912844099992,1.6
1139,Bio Science,Jaffna,4,7,0,0.1103590538198943,79.02491928870808,7.0
1140,Commerce,RemoteArea,6,3,9,0.3838111008817944,72.3238314570279,12.1
1141,Technology,Galle,8,8,11,0.2618965342420034,79.33580847866598,15.2
1142,Bio Science,UpCountry,8,2,1,0.06917210567650289,72.96894551568796,17.9
1143,Commerce,Colombo,9,10,0,0.142796631730714,57.47834708742504,16.0
1144,Commerce,Galle,5,8,12,0.2613296614981874,65.55718709039252,9.7
1145,Physical Science,Ratnapura,2,8,14,0.4980644906268246,82.20568860975297,4.1
1146,Technology,Jaffna,3,5,7,0.1821461787076859,88.07643664164016,3.8
1147,Arts,Gampaha,2,8,11,0.07841304866984766,46.62864038767326,2.6
1148,Commerce,Gampaha,9,7,11,0.248533262895829,100.0,17.3
1149,Technology,Galle,6,6,3,0.15509318861653287,41.76523202271795,11.2
1150,Technology,Galle,1,7,5,0.28298341191427406,55.570674266857935,1.0
1151,Arts,Ratnapura,3,4,7,0.23335515139261298,64.61102437662049,6.7
1152,Technology,Kandy,7,7,13,0.3447449608562614,68.98857071545763,13.1
1153,Commerce,Gampaha,7,6,4,0.45714535443375814,91.45748130109816,12.3
1154,Commerce,Gampaha,5,5,5,0.10025717538437551,77.67860599738567,7.2
1155,Commerce,Galle,3,5,3,0.41059003518419906,67.69252336286391,4.3
1156,Arts,Gampaha,7,8,5,0.47463285777426767,78.03239963045905,13.6
1157,Physical Science,UpCountry,5,5,15,0.18680484075898107,72.68628404918364,11.2
1158,Technology,Colombo,6,8,5,0.0568313502983494,52.36877343241326,11.3
1159,Technology,Jaffna,3,8,2,0.4109555853914459,68.28457701264743,4.8
1160,Physical Science,Jaffna,6,6,3,0.35054790471911945,62.51329888528445,13.2
1161,Technology,Colombo,7,9,5,0.10635610241702587,49.85716303292381,12.2
1162,Physical Science,Gampaha,8,8,7,0.22261179659127506,82.44185359777438,17.4
1163,Bio Science,Galle,2,6,12,0.28899610324494385,65.18316685319643,3.5
1164,Arts,Galle,2,8,13,0.0849270433257121,49.69248993783966,2.8
1165,Physical Science,Gampaha,6,5,13,0.3574564133147799,52.060173056168296,14.5
1166,Technology,Kandy,8,6,6,0.3449413706971783,71.02494053057497,14.3
1167,Technology,Ratnapura,5,6,3,0.4435633062558143,77.24148435011526,8.3
1168,Commerce,Colombo,1,9,13,0.28363648221409754,73.72478426234771,1.0
1169,Physical Science,Gampaha,1,6,2,0.28715651534781844,68.29347127527606,1.0
1170,Physical Science,Ratnapura,10,4,10,0.30969367798465075,52.845148477458764,23.6
1171,Commerce,Galle,9,6,14,0.13689163069095328,68.39326824992469,17.8
1172,Sinhala,Jaffna,4,6,7,0.3793029256390014,58.54834535553587,6.7
1173,Commerce,UpCountry,10,4,15,0.3312496306313156,64.57550730595878,20.3
1174,Physical Science,Jaffna,1,7,5,0.41957281273045544,60.82311614916713,1.0
1175,Commerce,UpCountry,8,2,11,0.384293002486302,55.60096385167807,17.7
1176,Commerce,Kandy,2,6,7,0.3192861152520312,74.77499843926878,2.8
1177,Arts,Kandy,2,9,8,0.08044607545479948,48.86326094870498,2.8
1178,Physical Science,RemoteArea,1,4,15,0.459573661604415,48.020580722321405,3.1
1179,Arts,Kandy,1,8,8,0.1836060906915742,52.221959341302565,1.0
1180,Commerce,Ratnapura,9,4,9,0.48214928425838116,77.75092659036264,18.4
1181,English,Jaffna,1,6,10,0.20093540100027357,70.08737843997099,1.0
1182,Bio Science,UpCountry,6,3,8,0.07296914634158541,37.25137144005003,14.3
1183,Commerce,Galle,7,6,9,0.44241987374983405,73.45910530951797,12.9
1184,English,Kandy,4,8,0,0.39752937006435257,59.27237880716793,7.4
1185,Physical Science,Jaffna,5,8,11,0.3931480280565698,59.23925994808005,11.5
1186,English,RemoteArea,4,2,13,0.044705375365559075,62.870299655269214,8.5
1187,Commerce,Ratnapura,4,4,2,0.43963991652598355,40.995565885618895,9.0
1188,Physical Science,Jaffna,10,5,8,0.29820031858143053,66.5986119990594,22.1
1189,Bio Science,Colombo,1,7,3,0.23517786813647684,42.48672741103613,2.0
1190,Arts,Kandy,6,7,9,0.4565858107065693,59.24990954093768,10.6
1191,Physical Science,Kandy,10,6,11,0.33302067624097015,60.26934431216591,25.2
1192,Commerce,Colombo,10,10,1,0.06651541192649296,72.04864137431099,17.8
1193,Bio Science,Colombo,7,10,0,0.25976858802835184,60.59616373780245,15.2
1194,Commerce,Kandy,7,9,13,0.3183082944237814,77.08986561264058,12.9
1195,Physical Science,Colombo,8,6,4,0.4492753488658171,44.0638610438042,18.1
1196,Technology,Colombo,7,9,13,0.13994705083745007,64.88299777114382,13.2
1197,Sinhala,Galle,6,6,3,0.39711694282370763,69.45474667386131,10.2
1198,English,Gampaha,8,5,15,0.39990645191737306,86.13448709699898,15.3
1199,Arts,Gampaha,3,7,4,0.06402474241184036,44.91221767332153,4.0
1200,Physical Science,UpCountry,9,5,10,0.008616591377936467,52.38572996504445,19.8
1201,Arts,Colombo,3,6,4,0.29070484794922824,69.57930469554802,4.5
1202,Physical Science,Gampaha,4,5,7,0.39473944314549286,87.67389945032943,7.1
1203,Physical Science,Kandy,10,7,5,0.2772154121636486,66.78819724339564,22.7
1204,Bio Science,Galle,6,8,2,0.40667374259993766,44.35058923290677,14.2
1205,Bio Science,UpCountry,8,5,15,0.31115157023375706,51.14333744295111,19.3
1206,Arts,UpCountry,3,6,14,0.32664618083615016,69.02267830576399,4.3
1207,Commerce,Galle,10,7,8,0.01407721288126279,69.36364942723615,17.0
1208,Bio Science,Colombo,6,6,7,0.04429910145971305,60.18089604064624,12.7
1209,Physical Science,Ratnapura,5,4,8,0.36251480885793735,47.81393960727397,12.7
1210,Sinhala,Gampaha,5,6,3,0.38142164118814453,78.02122851248208,7.4
1211,Bio Science,Colombo,5,9,15,0.27108898903216294,62.269202796958666,11.1
1212,Bio Science,Jaffna,9,7,12,0.2950825637255173,73.90447751652219,21.8
1213,Physical Science,Jaffna,7,5,7,0.30718291992253877,36.90248093283803,16.2
1214,Arts,Ratnapura,9,5,10,0.052495659426974706,83.01731608892443,15.9
1215,Commerce,Galle,9,8,2,0.33395430212546506,50.727847676554,16.4
1216,Physical Science,Colombo,6,8,4,0.2392349883810252,82.17026563170768,12.1
1217,Physical Science,Gampaha,6,4,13,0.3012614883436395,75.6910628581651,14.8
1218,Commerce,Jaffna,4,7,6,0.2815709144052613,41.568900562098165,7.2
1219,Commerce,Gampaha,8,8,15,0.38150012422701945,71.18290118459497,15.7
1220,Physical Science,Gampaha,2,6,0,0.15928413185799067,84.8479911833955,2.4
1221,English,Ratnapura,5,5,13,0.186763122533726,57.53123975436638,9.1
1222,Physical Science,Gampaha,1,6,0,0.1958031532622898,84.87488313900434,1.0
1223,Bio Science,Galle,10,8,2,0.38122804958700623,66.78600315540203,22.2
1224,English,UpCountry,2,2,3,0.2155563109015176,81.60536630922999,2.7
1225,Bio Science,Gampaha,1,5,14,0.08853738585002735,69.39228646297133,1.0
1226,Commerce,Gampaha,6,5,0,0.4915204852085144,58.140361145553065,12.0
1227,Bio Science,Jaffna,2,4,7,0.24669093198227388,91.05744249938134,3.0
1228,Physical Science,UpCountry,4,3,1,0.054624041578031524,71.32102863837694,8.3
1229,Sinhala,Colombo,5,10,10,0.3351374779963512,61.470169506061254,8.7
1230,Bio Science,Gampaha,7,5,4,0.36958117876424185,68.35830377444918,15.8
1231,Technology,Galle,10,7,15,0.2501114194544477,59.027318243792095,20.5
1232,Physical Science,Kandy,1,8,12,0.3232286091386607,67.61825860735013,1.0
1233,Physical Science,Colombo,5,10,13,0.08633743224136498,84.43432728815435,10.5
1234,Physical Science,Kandy,4,6,5,0.18396119264018945,60.07219540148907,8.2
1235,Commerce,Colombo,7,10,10,0.0809143016858081,51.88218329702558,12.1
1236,Bio Science,Kandy,10,9,5,0.1936176281824042,47.99675997500971,23.2
1237,Technology,Kandy,7,7,5,0.28140026109345956,63.60427135351866,12.4
1238,Bio Science,Galle,8,5,10,0.22126970359095666,52.8867033267074,17.0
1239,English,Gampaha,4,8,0,0.2966074203678703,38.50888418612219,7.2
1240,Physical Science,Colombo,4,7,2,0.2508795866842759,43.02117658475077,8.4
1241,Technology,Colombo,10,7,2,0.15890718670087817,78.62649555835065,18.3
1242,Arts,Galle,5,7,7,0.07170799906050607,61.36441396148864,7.4
1243,Arts,Colombo,5,6,5,0.1263364307106386,63.36645739979594,7.9
1244,Technology,Gampaha,3,6,1,0.10035662594729994,46.00086194487438,4.8
1245,Arts,Colombo,5,10,12,0.35371114684535526,57.2775892997039,10.8
1246,Commerce,Galle,5,4,13,0.40998342220619044,57.29368034751108,12.3
1247,Physical Science,Gampaha,8,6,0,0.36019430264971286,55.848462944034665,18.0
1248,Physical Science,Gampaha,7,4,3,0.32186707349757915,36.62401749062331,17.9
1249,English,Gampaha,8,8,0,0.1539256769068848,76.34512449666842,14.1
1250,Commerce,Galle,5,7,4,0.35549277955325564,61.753622835434754,8.1
1251,Arts,Kandy,2,9,11,0.3025417299945732,68.53129127443061,2.5
1252,Bio Science,Jaffna,8,7,10,0.023446683343812835,78.71507576096889,17.3
1253,Physical Science,Galle,9,4,7,0.45380605919670775,76.06613820842428,21.5
1254,Physical Science,UpCountry,2,6,9,0.03997692055081964,55.87378611701305,4.0
1255,Commerce,Gampaha,1,5,1,0.2513539520794194,69.567011371416,1.0
1256,Bio Science,UpCountry,6,3,7,0.25653457635953236,72.41268256859566,14.0
1257,Physical Science,Ratnapura,3,7,12,0.4185035943791908,70.73971397425899,6.1
1258,Bio Science,Gampaha,1,4,7,0.45653375052118317,79.41681016313908,1.5
1259,Physical Science,Galle,6,5,5,0.46983789575489643,74.49298241601092,13.4
1260,Commerce,Colombo,8,6,7,0.2848360667394891,74.41054419879632,13.9
1261,Physical Science,Colombo,9,10,12,0.33952111510580174,86.47921684479364,21.4
1262,Arts,Gampaha,6,7,1,0.04425993120628152,60.92989186076995,9.8
1263,Bio Science,Kandy,6,8,6,0.24395800542201113,63.866533490366216,13.6
1264,Bio Science,Gampaha,1,7,15,0.4489283521211423,79.7880527733095,1.2
1265,Physical Science,Jaffna,5,6,11,0.22784857551903054,62.82319262409955,11.4
1266,Physical Science,Galle,3,5,7,0.03479696771671531,70.72411508220752,4.3
1267,Bio Science,Jaffna,7,6,3,0.1003205712082268,53.09839039478638,15.6
1268,Bio Science,Colombo,9,6,13,0.2147534612177473,32.30754942071906,23.5
1269,Commerce,UpCountry,6,4,8,0.1187641524545262,72.96810970323243,10.8
1270,Physical Science,Colombo,5,7,10,0.1961462926708603,41.769794941153094,10.9
1271,Commerce,Colombo,7,7,15,0.16648093766802952,57.01325808896311,13.7
1272,Technology,Ratnapura,9,7,5,0.15946452640797604,74.8001760701316,16.4
1273,Arts,Kandy,5,7,11,0.04558230487841769,77.97643896872134,8.2
1274,Physical Science,Colombo,5,6,2,0.4413573455432932,78.6290783153201,10.7
1275,Bio Science,Colombo,10,8,15,0.3463531267327066,37.204170638754746,25.3
1276,Physical Science,Gampaha,4,8,12,0.31169095423456233,70.44020127713453,8.1
1277,Physical Science,Colombo,5,7,3,0.3032347040477034,57.634721490798846,11.6
1278,Sinhala,Kandy,7,8,11,0.1982511123573294,80.32323948241967,12.2
1279,Physical Science,Galle,3,7,3,0.4116576544257499,83.64539882340914,4.9
1280,Bio Science,Galle,4,8,0,0.46501999696396934,40.36627555646605,9.6
1281,Commerce,Colombo,9,9,13,0.0028086244977205688,66.73823961780698,17.1
1282,Arts,Colombo,2,6,12,0.0395992384190037,78.48948224229827,1.3
1283,Commerce,RemoteArea,8,5,9,0.3374878086831396,59.430024822548134,14.6
1284,Physical Science,Ratnapura,9,6,0,0.11803336136153608,86.18542079420422,17.9
1285,Bio Science,Galle,5,8,0,0.45585249938494093,53.97795680818295,11.7
1286,Commerce,Colombo,7,9,3,0.33370653255812743,56.9969739501465,12.9
1287,Physical Science,UpCountry,6,5,0,0.18414562757935654,43.900388165206394,12.9
1288,Bio Science,Gampaha,1,4,13,0.2076412013897151,68.80880979000409,1.3
1289,Physical Science,Gampaha,8,6,5,0.345441252623279,17.22702499656463,18.6
1290,Physical Science,Jaffna,9,7,13,0.07048205130107166,62.78353478722154,20.8
1291,Bio Science,Kandy,10,8,1,0.4417059401233047,79.53454228888106,22.3
1292,Physical Science,Gampaha,1,5,0,0.0023858492150888866,39.0485047608967,1.2
1293,Commerce,Kandy,8,6,15,0.4894734766519331,43.22545969576885,17.3
1294,Commerce,Jaffna,3,4,6,0.08382274018154712,79.74335021381643,5.4
1295,Technology,Ratnapura,6,4,5,0.3710556793069412,81.27554283818773,11.8
1296,Physical Science,Ratnapura,10,6,0,0.019962353521580267,39.66468717482397,23.5
1297,Physical Science,Gampaha,8,7,11,0.21571444952154634,91.49119037597134,18.8
1298,Physical Science,Colombo,5,9,12,0.3151568411570687,72.4867764726909,11.7
1299,Commerce,Jaffna,8,6,13,0.03511372879654201,82.23115795236144,14.8
1300,Arts,Colombo,7,8,9,0.2216467644499619,52.621952525527576,13.0
1301,Physical Science,Gampaha,7,5,11,0.15156820155511125,87.83588471863166,15.4
1302,English,Colombo,7,10,8,0.2491218059835964,59.97975615130323,12.4
1303,Physical Science,Kandy,9,10,5,0.25228826798457404,57.819476161718384,21.0
1304,Commerce,Colombo,6,6,1,0.39261580292115433,67.73566878959393,10.2
1305,Arts,Ratnapura,6,7,6,0.06175226422244884,57.119623096457765,9.9
1306,Technology,Ratnapura,9,4,2,0.041359800523733226,38.18940637471473,18.1
1307,Arts,UpCountry,6,5,13,0.2009451166193954,68.47651238388282,10.8
1308,Technology,Colombo,7,9,14,0.44375995968826626,62.22635447822035,13.8
1309,Bio Science,Jaffna,7,5,6,0.4276347598360465,51.481330792146395,16.1
1310,Technology,Ratnapura,2,6,13,0.2799964546407045,85.1079073242322,2.0
1311,Physical Science,Colombo,8,8,8,0.44438690948555354,99.88490021238604,17.2
1312,Technology,Kandy,6,8,4,0.40267179877435594,48.21312216235306,12.3
1313,Commerce,Gampaha,4,8,0,0.1389697300465247,62.96161627150412,6.0
1314,Technology,UpCountry,7,4,15,0.08505314022291505,61.52340607416177,14.9
1315,Bio Science,UpCountry,8,6,4,0.15057825048835294,96.32599064001471,15.4
1316,Commerce,Galle,1,4,7,0.11355893921940718,70.87602178078193,1.0
1317,Commerce,Kandy,10,10,7,0.31135939632934856,77.40433568659985,18.0
1318,Arts,Gampaha,4,7,2,0.29244955638732506,78.72748835729398,6.2
1319,Physical Science,Gampaha,4,5,3,0.2992186917263909,63.45230782255036,8.3
1320,Physical Science,UpCountry,10,3,11,0.09465176824572441,62.70424988950306,26.2
1321,Physical Science,Kandy,9,9,7,0.3959313626382194,86.2839847197801,20.1
1322,Physical Science,Kandy,6,6,7,0.21681304177131566,75.16832564292358,13.2
1323,Technology,Colombo,4,7,6,0.23622596018326647,50.311507375950775,6.7
1324,Physical Science,Ratnapura,1,7,5,0.4984809231056198,51.636829541741186,1.3
1325,Sinhala,UpCountry,8,3,3,0.14113589298137408,55.65520239704344,16.3
1326,Bio Science,Gampaha,9,8,9,0.1970690020538554,81.88827835824662,19.7
1327,Physical Science,Gampaha,5,5,12,0.33823160395204366,88.10171214849893,10.7
1328,Arts,Colombo,5,10,8,0.4402065100951207,96.27592448635627,7.6
1329,Commerce,Galle,10,8,1,0.06339050334201557,49.869450610066295,18.2
1330,Bio Science,Ratnapura,8,5,1,0.36752290321358194,62.603097863093105,17.8
1331,Commerce,Galle,8,5,0,0.4591402629977753,53.996973251856545,15.5
1332,Arts,Colombo,5,10,10,0.21146230671343452,62.264814854165586,8.0
1333,Physical Science,Galle,4,5,14,0.14336346146675877,80.9481828156959,7.5
1334,Sinhala,Jaffna,6,4,11,0.3388685733874686,64.81181484217296,13.5
1335,Sinhala,Colombo,10,8,2,0.12303682561914575,80.73786507359223,17.1
1336,Commerce,Kandy,5,8,2,0.19214487327364305,53.25552329133757,8.7
1337,Physical Science,Gampaha,8,7,3,0.4484566870449014,72.62124526116781,17.7
1338,Commerce,Colombo,9,8,15,0.2951662762956887,60.85865073716497,18.2
1339,Physical Science,Galle,1,4,2,0.047488633299922145,33.44163549365161,2.6
1340,Physical Science,Gampaha,9,6,9,0.16484876572318546,49.17797299489838,21.2
1341,Physical Science,Gampaha,9,6,15,0.31363258255868803,69.36194595519783,22.0
1342,Bio Science,Colombo,6,6,5,0.24074881857733893,91.32246731952242,11.6
1343,Technology,Gampaha,10,8,8,0.3301696583757953,57.106186810956096,18.9
1344,Arts,Galle,5,6,7,0.3807207088401703,60.962173566507786,9.6
1345,Arts,Gampaha,7,7,5,0.24030756010235405,69.84504638192256,12.2
1346,Bio Science,UpCountry,8,4,15,0.49347584315096915,58.50868020489761,22.4
1347,Bio Science,UpCountry,9,4,7,0.4573369378369502,56.243613927017165,21.6
1348,Bio Science,Colombo,9,6,7,0.02995370303432815,64.5817171681527,19.1
1349,Sinhala,Colombo,10,6,15,0.13321556887510916,60.95150495632555,19.0
1350,Physical Science,Galle,3,7,9,0.15027175615489202,37.75510646804955,7.2
1351,Technology,Gampaha,8,5,5,0.0921451783350053,52.74744940218895,13.6
1352,Commerce,Ratnapura,1,4,1,0.15600825152524012,69.72379529836965,1.6
1353,Bio Science,Colombo,7,7,4,0.21241031646773012,71.69004641193888,15.7
1354,Arts,Kandy,5,9,3,0.025775489496228876,81.54350550538953,7.8
1355,Bio Science,Galle,2,6,11,0.06365011806620724,84.33304017976381,2.5
1356,Technology,Colombo,2,8,5,0.04812293939674189,48.99718563503347,3.1
1357,English,Colombo,8,7,1,0.02315846957332529,49.31875326333658,14.1
1358,Bio Science,UpCountry,5,5,3,0.24074851015080923,50.980783602566135,11.0
1359,Physical Science,Galle,3,7,15,0.16690154161307252,65.21907569222519,5.8
1360,Commerce,Kandy,1,6,12,0.46772361482485564,56.65094826014995,1.0
1361,English,Galle,7,5,7,0.0513802677208689,60.88209450230678,12.2
1362,Physical Science,Gampaha,3,4,13,0.4630176678678361,53.41704513166215,9.1
1363,Commerce,Galle,7,5,0,0.043272808699729604,71.76608146177799,12.5
1364,Commerce,Gampaha,2,4,2,0.30960867330221753,46.77904557460993,4.4
1365,Arts,Colombo,4,6,14,0.12386516868816017,52.03642125065472,6.6
1366,Physical Science,Jaffna,2,7,3,0.4134028232469374,69.30343678786676,2.9
1367,Arts,Gampaha,4,7,1,0.030737413519984935,71.33449955936075,6.7
1368,English,RemoteArea,5,4,11,0.47625407788481267,62.1231642721826,12.1
1369,Physical Science,Gampaha,8,6,1,0.023628600166450076,73.53482232879546,16.3
1370,Physical Science,UpCountry,2,5,5,0.12055663415066692,74.45181409597538,3.4
1371,Sinhala,UpCountry,10,5,5,0.23209236303369501,90.98708185185278,17.1
1372,Physical Science,Colombo,3,6,2,0.3780289432831077,71.99389201928908,5.9
1373,Technology,Galle,10,6,7,0.4755563587716845,89.10804627172195,17.6
1374,Bio Science,Gampaha,5,7,11,0.214021215647188,66.42893757134453,12.3
1375,Physical Science,UpCountry,9,3,2,0.37865504690893637,81.9943926416291,20.8
1376,Technology,Gampaha,10,5,1,0.36358127722261935,81.81149572258836,17.5
1377,Bio Science,Jaffna,5,6,4,0.28558444764545327,59.86079390284795,10.3
1378,Commerce,Gampaha,9,5,12,0.3454595880504098,55.67189428082612,19.8
1379,Bio Science,Colombo,4,6,6,0.019033341533088943,55.309862577219825,7.9
1380,Commerce,Colombo,10,8,0,0.22078870044875676,66.22686246143986,17.7
1381,Physical Science,Gampaha,5,7,1,0.39293034703001517,43.254394878073796,10.9
1382,Bio Science,Galle,9,5,1,0.23711057250136547,53.69403701515641,19.4
1383,English,Kandy,4,6,7,0.4367522921134742,81.45845505921935,6.4
1384,Physical Science,Jaffna,5,7,9,0.4168189382823551,74.50250948168136,9.7
1385,Commerce,Colombo,5,10,5,0.4317230150861828,27.2104148470965,10.5
1386,Bio Science,Gampaha,4,4,13,0.06499834281409972,46.51029403270448,11.0
1387,Arts,Ratnapura,4,5,12,0.12207056228303526,98.38329569561051,5.4
1388,Physical Science,Galle,5,4,12,0.014798636606065174,83.69351111897585,12.4
1389,English,RemoteArea,6,6,14,0.4914003634315276,58.256091779134096,12.5
1390,Bio Science,Gampaha,7,8,14,0.11806906970838099,44.67351745257345,17.2
1391,Physical Science,Ratnapura,6,4,12,0.18354666724112112,47.25739406218237,15.7
1392,Physical Science,Colombo,1,9,3,0.1374632236142181,69.13741564262563,1.0
1393,Physical Science,Jaffna,2,7,3,0.01989681142270866,91.15392535435365,2.0
1394,Commerce,Kandy,7,10,4,0.13062900480505424,90.69886265340637,11.5
1395,Bio Science,Galle,3,6,2,0.04909783310385363,37.364717597662136,6.1
1396,Technology,Colombo,10,8,11,0.19714154319229232,61.06343084618259,20.3
1397,Bio Science,Galle,2,7,13,0.4834120591683878,53.64428426343138,4.4
1398,Physical Science,Jaffna,6,6,3,0.3491311860319089,63.55425460453835,13.7
1399,Commerce,Gampaha,4,7,11,0.35345039490394065,45.53408781639108,7.2
1400,Arts,Kandy,5,7,3,0.22658796664562764,53.31272434232755,8.2
1401,Physical Science,Colombo,6,9,6,0.40565200534472384,49.991083231454546,13.6
1402,Physical Science,Gampaha,3,5,6,0.4541420834587794,70.85406878880268,5.4
1403,Physical Science,Galle,1,8,0,0.4807750030419104,52.27711692955584,1.7
1404,Arts,Gampaha,3,6,11,0.04949511137320928,59.93233457862857,3.9
1405,Commerce,Galle,3,8,2,0.43982200432323887,68.6637770285746,4.1
1406,Bio Science,Kandy,6,6,14,0.11254144178793041,91.63781257186619,13.7
1407,Technology,Colombo,4,6,8,0.19863345099541696,95.7366325706721,5.1
1408,Technology,Kandy,7,10,5,0.17273859735601316,69.34019013071287,11.4
1409,Commerce,Kandy,2,9,5,0.33756502004339745,61.171390122860835,2.6
1410,Technology,Gampaha,4,7,3,0.2989622701168958,81.2437096018602,6.4
1411,Physical Science,Colombo,8,8,9,0.05455243738401799,82.0074682051734,17.2
1412,Physical Science,Gampaha,6,8,8,0.3914113147572583,77.22716398763316,11.9
1413,Physical Science,Ratnapura,10,4,14,0.21982270090074807,43.30989353178818,26.5
1414,Physical Science,Ratnapura,3,8,13,0.00111092166482335,84.62263104755014,4.9
1415,Commerce,Gampaha,10,8,11,0.20725163343041564,70.87302037916565,19.8
1416,English,Gampaha,2,6,15,0.25816578787359556,54.09446534691878,2.1
1417,Physical Science,UpCountry,3,5,2,0.03443734260411463,50.92185913787525,4.9
1418,Physical Science,Gampaha,1,4,7,0.07556762970810077,72.23048433309195,1.1
1419,Bio Science,Galle,1,6,12,0.4967860857454305,28.325420343190387,1.7
1420,English,Kandy,2,6,5,0.4355977010112428,60.6179025344551,2.6
1421,Bio Science,Jaffna,3,4,11,0.06666370967332391,55.67406161226863,8.3
1422,Commerce,Colombo,9,9,1,0.2901546998481282,49.14588632660715,16.6
1423,Physical Science,UpCountry,8,5,2,0.1896216486086716,54.14210311707688,18.3
1424,Physical Science,Kandy,9,8,13,0.27187020434995984,44.30899442874846,22.7
1425,Sinhala,Galle,7,5,0,0.23526759678369363,75.7872006572381,11.9
1426,English,Gampaha,7,6,2,0.024074462512842343,29.08157733062114,12.2
1427,Physical Science,Colombo,5,8,3,0.15771015549539152,64.03931312701313,10.8
1428,English,Jaffna,7,5,14,0.06276029101406333,54.28663181925085,13.6
1429,Commerce,Ratnapura,4,4,13,0.24448404614537383,96.25368020000685,6.6
1430,Technology,Gampaha,5,8,5,0.45365835998977166,62.84029657726253,9.0
1431,Bio Science,Colombo,1,7,9,0.49776638628477193,32.65000784464419,2.0
1432,Commerce,Kandy,4,10,13,0.4721265342412357,74.70231614777931,7.0
1433,Bio Science,RemoteArea,3,2,6,0.492848562487405,46.61134933433331,8.3
1434,Commerce,Gampaha,2,5,2,0.00762315789017759,75.77333591629753,2.1
1435,Physical Science,Galle,2,7,13,0.3647234892220139,75.76583998300038,2.7
1436,Physical Science,Kandy,8,8,15,0.13647440508826814,89.58893246079029,18.4
1437,Bio Science,Gampaha,1,5,10,0.4328089891345685,67.80547625580891,1.7
1438,Arts,UpCountry,8,3,12,0.4068667453120212,78.28723189269905,18.5
1439,Physical Science,Galle,9,4,6,0.21183728794147705,63.64131234663621,21.9
1440,Commerce,Galle,6,7,12,0.23663033755157875,57.15519314594416,11.8
1441,English,Colombo,1,7,3,0.13254583449626944,77.48632397708508,1.0
1442,Physical Science,Kandy,10,9,0,0.14440201811015096,41.542740436119004,23.7
1443,Commerce,Colombo,7,10,0,0.4905872116802423,59.455391689912965,12.9
1444,Bio Science,Gampaha,5,5,7,0.44442644433508727,54.97151641731452,11.5
1445,Technology,Gampaha,9,7,9,0.09593448605748739,77.13141100436883,16.7
1446,Physical Science,Galle,7,6,6,0.13776233893246648,48.79979032508518,15.4
1447,Commerce,Galle,5,4,3,0.054323996531130014,55.36751111062516,8.8
1448,Technology,Gampaha,2,7,0,0.49443539148984567,60.658702530637434,2.5
1449,English,Ratnapura,4,4,5,0.45360492526527385,84.81584578022708,7.7
1450,Commerce,Galle,2,5,10,0.2760489934936987,57.01225539255277,2.2
1451,Bio Science,Colombo,9,7,11,0.34644655197356283,59.486618876059985,22.1
1452,Commerce,Kandy,2,10,10,0.3739734697953272,44.77697460945419,3.1
1453,Technology,Ratnapura,2,4,9,0.10190561373011248,49.75507854363651,4.3
1454,Commerce,Gampaha,2,6,6,0.4673331686655787,69.19471878623006,2.2
1455,Physical Science,RemoteArea,1,4,5,0.2633713568608083,62.98102763798052,2.0
1456,English,Colombo,9,9,11,0.04622576875021345,66.22154722300193,18.2
1457,Commerce,Gampaha,8,6,5,0.19854130391683456,88.61822397314475,13.2
1458,Commerce,Gampaha,2,4,7,0.30082327808828346,38.415831302440495,5.2
1459,Physical Science,UpCountry,2,3,13,0.17641159573335158,100.0,3.6
1460,Commerce,Galle,5,4,14,0.34960221387591556,84.6741202083215,10.2
1461,Bio Science,Colombo,4,6,5,0.4410249902039774,57.61310498688686,8.9
1462,Commerce,Ratnapura,2,5,1,0.385946062191066,66.36849180276768,1.6
1463,Physical Science,Kandy,8,6,6,0.32132901004865194,52.757323736299284,18.3
1464,Commerce,Gampaha,8,6,12,0.2560787407058326,70.7884981416382,15.8
1465,Sinhala,Jaffna,4,7,9,0.12723174289395667,96.74765097858653,5.5
1466,Physical Science,Ratnapura,4,7,15,0.22747308249871662,57.805676876219536,8.7
1467,Sinhala,Colombo,9,6,13,0.14647645356908856,63.01991587672474,17.8
1468,Bio Science,Jaffna,4,5,12,0.4670116905448624,54.64850669103181,8.3
1469,Technology,Colombo,10,10,3,0.4536555784933305,52.55829582567603,18.8
1470,Arts,Galle,9,4,10,0.07791319165178978,58.959589529965754,17.8
1471,Commerce,Ratnapura,3,4,10,0.4113101105971099,48.57671616989063,7.4
1472,Arts,Colombo,2,10,2,0.3514573483778701,57.04581899779293,3.7
1473,Technology,RemoteArea,8,5,7,0.48760586028030234,64.3134859377407,14.7
1474,Bio Science,Gampaha,3,7,9,0.2316532843000893,58.452751420421926,6.2
1475,Bio Science,Jaffna,2,8,11,0.36108718570719156,31.013569761767656,4.8
1476,Commerce,Colombo,8,7,11,0.2589419600641882,63.185234389441575,15.0
1477,Technology,Kandy,8,6,4,0.03470024834617785,61.29092566933264,14.3
1478,Arts,Jaffna,5,6,3,0.02338237486838385,89.96312542415235,8.0
1479,Arts,Gampaha,9,7,10,0.06105572143989291,65.40228080270657,15.8
1480,Bio Science,Galle,6,7,3,0.14809553192620845,75.53379108798991,11.7
1481,Technology,Kandy,5,9,4,0.12955655290593765,55.614504374658885,8.4
1482,Physical Science,Gampaha,3,5,11,0.36416333435295006,84.97261507981001,5.5
1483,Commerce,Kandy,7,10,3,0.3579613674610621,47.331852789990634,14.4
1484,Physical Science,Kandy,9,7,2,0.48569728992468597,68.57483801678127,20.8
1485,Bio Science,Colombo,4,9,3,0.15519541272119808,74.10548071622459,7.5
1486,Bio Science,Gampaha,7,4,9,0.4692260418902965,74.90409188251739,15.3
1487,Bio Science,Gampaha,3,7,14,0.30642530174386756,99.46224715270759,4.8
1488,Commerce,Gampaha,2,4,12,0.2476543554950602,57.23453012460227,5.4
1489,Bio Science,Galle,1,4,12,0.3339206889066079,87.20674965421989,1.8
1490,Bio Science,Gampaha,6,7,4,0.3513777257927934,79.33467684088325,12.9
1491,Physical Science,UpCountry,5,5,11,0.08596451442962072,66.24199612021056,11.1
1492,Bio Science,Colombo,2,6,1,0.3758577517676287,88.08891560187337,2.4
1493,Physical Science,Gampaha,3,5,6,0.36258638223348827,60.80162769048197,6.7
1494,Physical Science,Galle,9,5,13,0.49876614197438945,66.83474834838859,22.4
1495,Commerce,Kandy,3,7,13,0.45597389033623775,66.41774542926115,4.7
1496,Commerce,Kandy,7,8,4,0.34233011584214573,42.90221463341598,13.3
1497,Commerce,Ratnapura,1,4,8,0.3561818565483264,75.42271051392567,2.4
1498,Bio Science,Gampaha,7,6,13,0.4729928169172926,75.58097212738413,15.9
1499,Bio Science,Colombo,9,8,5,0.48358913649208746,60.92981020288216,20.7
1500,Technology,RemoteArea,8,2,10,0.4134825986075637,91.43801821201032,15.3
1501,Commerce,Gampaha,7,6,0,0.38369677275358044,53.44169913907226,12.2
1502,Bio Science,Galle,10,4,8,0.055682911682445546,38.05303878083387,24.7
1503,Physical Science,Jaffna,8,8,15,0.4151610957403179,96.0330895710231,18.6
1504,Bio Science,Gampaha,4,8,4,0.12659783922789525,77.16663960804475,7.7
1505,Bio Science,Kandy,2,6,14,0.28189214800960644,76.39062493677376,3.6
1506,Bio Science,Galle,9,4,15,0.20268623521891765,62.408319496277166,23.5
1507,Commerce,Galle,3,4,14,0.1728036503186205,72.13137401605502,5.7
1508,Commerce,Colombo,4,7,8,0.15512500073353003,45.09432559532134,6.1
1509,Commerce,Gampaha,7,4,0,0.42771354032874487,56.62285523515982,14.1
1510,Arts,Gampaha,2,7,13,0.3845680603359221,52.94453685218329,3.2
1511,Technology,Ratnapura,8,8,1,0.26172437620435074,64.42821895571532,13.9
1512,Arts,Kandy,10,10,2,0.3322402469322284,74.85202687758581,18.5
1513,English,Galle,8,4,11,0.4922639751720045,49.785622207375425,18.0
1514,Physical Science,Gampaha,5,8,4,0.19876756788897154,72.8736902115263,9.1
1515,Physical Science,Jaffna,9,4,13,0.2755503030047875,69.49622390581484,23.1
1516,Physical Science,Kandy,8,6,5,0.2667618562872427,72.75778572438341,17.4
1517,Commerce,Gampaha,1,8,4,0.4679861875758676,58.366628519581674,1.0
1518,Technology,Colombo,9,10,0,0.17578120880542958,70.56023104000161,15.6
1519,Physical Science,Jaffna,5,7,3,0.49312737510887267,51.062901530280854,11.0
1520,English,Galle,9,6,5,0.15234880678659246,37.266218552158136,16.8
1521,Physical Science,Jaffna,9,7,3,0.05445351766201606,39.691019919969804,20.5
1522,English,Ratnapura,10,7,3,0.09568677262102804,53.95850518243861,18.7
1523,Bio Science,Colombo,10,10,4,0.21311067093210906,37.812147683406806,22.9
1524,Physical Science,Ratnapura,3,7,7,0.3248779749166237,86.75558847580935,4.4
1525,Bio Science,Kandy,8,10,4,0.25841261001200977,60.75753255875879,17.8
1526,Physical Science,Galle,7,5,6,0.18813908828722226,76.78908871099638,14.9
1527,Physical Science,Colombo,7,6,7,0.28101663285338785,75.30602533263865,15.7
1528,Bio Science,Galle,10,6,5,0.4194031381573341,62.596257126354686,23.3
1529,Technology,Kandy,2,7,5,0.41946551381923985,100.0,1.0
1530,Commerce,Jaffna,2,4,14,0.36311394409111536,100.0,3.0
1531,Bio Science,RemoteArea,2,2,14,0.4762242291216712,87.8783871810523,4.9
1532,Commerce,Ratnapura,2,6,15,0.29510233371891903,53.9221709131233,2.6
1533,Arts,UpCountry,4,5,13,0.0038288188270445,87.99450293901845,5.4
1534,Physical Science,Colombo,7,6,1,0.14546481640607883,34.27201337817331,16.3
1535,Bio Science,Gampaha,2,6,12,0.16411135224505036,86.95119627022702,2.5
1536,Physical Science,Galle,5,8,12,0.2736630386516839,27.6581732787351,12.7
1537,Physical Science,UpCountry,7,2,9,0.45244473569374105,59.71565195794329,16.9
1538,Commerce,Kandy,9,6,4,0.41905748177154706,80.13686352293486,15.4
1539,Physical Science,Kandy,8,9,0,0.11608649265415394,65.77799967276297,17.1
1540,Commerce,Jaffna,9,7,8,0.2596951179720346,41.82137496248346,17.1
1541,Arts,Galle,7,8,6,0.3295743177144808,65.55448024402642,11.7
1542,Physical Science,Colombo,3,6,1,0.4937557703155737,66.28435869961196,6.0
1543,Commerce,Galle,1,7,5,0.015651409680153994,65.57178170177306,1.0
1544,Physical Science,Gampaha,10,6,9,0.2319386583851598,58.39079916058032,22.2
1545,English,Gampaha,7,4,8,0.4940543270038601,76.82622174127056,14.1
1546,Bio Science,Gampaha,6,6,11,0.4886028985140475,82.67367380988946,13.9
1547,Technology,Kandy,2,7,15,0.16536325879881458,65.18714897981235,2.2
1548,Commerce,UpCountry,1,6,4,8.368128967373156e-06,84.79482250962157,1.0
1549,Physical Science,Kandy,10,9,2,0.29336729247616705,58.656089083501286,22.5
1550,Commerce,UpCountry,4,3,10,0.4334694253964453,57.65278467089936,8.0
1551,English,Colombo,4,9,9,0.1621486120889446,84.85365041134307,5.7
1552,Commerce,Jaffna,6,5,15,0.46713498241688506,87.30634534465842,10.5
1553,Technology,Galle,5,7,10,0.1663512185556315,55.69836798952706,8.1
1554,Technology,Jaffna,9,8,15,0.30510065998628455,56.021236565410995,18.6
1555,Physical Science,Kandy,8,6,3,0.3610230365908175,87.96577350213944,16.9
1556,Physical Science,Kandy,9,8,2,0.17270788224768086,59.46007057862779,20.0
1557,Commerce,Galle,10,5,0,0.17610320600964002,60.04928601624127,17.5
1558,Bio Science,Galle,7,6,9,0.23499741484188702,60.71628843978097,15.0
1559,Technology,Colombo,9,8,13,0.4176117140522875,86.32416255866028,18.3
1560,English,Galle,3,7,10,0.05042538378111422,97.1625724628368,2.0
1561,Bio Science,Gampaha,9,4,12,0.3157396926993958,67.0497994394413,24.5
1562,Physical Science,Colombo,2,9,14,0.33867396465463,100.0,2.4
1563,Arts,Galle,9,6,6,0.27893637999456833,54.68238676172231,16.5
1564,Physical Science,Gampaha,6,8,7,0.4679191936878113,59.25796945356576,13.3
1565,Technology,Galle,4,4,15,0.3009953584672734,77.59631390280265,8.8
1566,Bio Science,Colombo,2,6,1,0.31728837553851874,48.24513905324993,2.7
1567,Commerce,Ratnapura,10,6,7,0.2998800139574201,73.40318479173943,18.9
1568,Physical Science,Gampaha,3,7,11,0.3610093874640835,57.72257980045358,6.7
1569,Commerce,Colombo,5,10,8,0.06770470782694726,40.83811629997168,9.3
1570,Bio Science,Galle,9,5,6,0.4471381617621535,36.86245467314254,20.4
1571,Commerce,Colombo,7,9,10,0.021246161459526625,60.14314513427992,11.9
1572,Physical Science,Gampaha,3,4,0,0.32037198002699113,66.26417543746793,6.0
1573,Arts,Ratnapura,4,7,15,0.307740466101554,47.08215381962323,8.3
1574,Technology,Colombo,2,7,3,0.10406056371332673,64.17887133743514,1.6
1575,Physical Science,Galle,8,8,6,0.020355486842068282,65.72132580091926,16.6
1576,Physical Science,Colombo,6,10,5,0.06941769852405455,59.985369013658065,11.6
1577,Physical Science,Kandy,3,7,10,0.1358360274756108,51.10629527286495,6.0
1578,Commerce,UpCountry,5,3,13,0.44105284527952193,70.1035538622547,11.0
1579,Commerce,Jaffna,5,6,7,0.4278672020899951,61.364962424733804,8.4
1580,Commerce,Galle,1,4,5,0.03192778713302585,77.22615011847246,1.1
1581,Physical Science,Colombo,5,8,9,0.14463400401534243,45.10790219902493,10.4
1582,Bio Science,Colombo,6,9,5,0.4446581216245269,64.20947399970046,12.3
1583,Commerce,Galle,10,5,9,0.11832951422231014,45.422353750327716,18.5
1584,Bio Science,Jaffna,10,6,5,0.4979826519104434,58.94389014551864,23.9
1585,Sinhala,Kandy,2,6,6,0.12842009789365327,46.57380017447005,3.2
1586,Physical Science,Jaffna,3,4,4,0.36955662833549985,48.24081150283811,8.1
1587,Commerce,Gampaha,10,5,11,0.20852958678569677,65.44230775842087,20.1
1588,Bio Science,Ratnapura,5,6,10,0.06812227602226228,56.51560550529831,10.1
1589,Bio Science,Galle,3,8,8,0.12757730666440192,86.00042250301166,5.0
1590,Arts,Jaffna,5,5,6,0.3375590378107257,80.68747194648535,8.3
1591,Commerce,Gampaha,5,7,0,0.16852820101822502,72.07128416480724,7.9
1592,Sinhala,Galle,8,6,10,0.30206411030023916,76.77433191342432,14.1
1593,Physical Science,Gampaha,10,6,11,0.10276552138447981,67.45395856696483,23.3
1594,Physical Science,Colombo,9,7,11,0.2242904860914004,85.07194040404679,20.8
1595,Arts,Galle,8,6,13,0.25612289014211276,62.08935823740022,15.2
1596,Commerce,Galle,3,6,8,0.20639228165716217,95.79057904716905,2.6
1597,Physical Science,Kandy,1,9,10,0.09895901567529691,50.86712770285692,1.1
1598,Physical Science,Colombo,3,9,5,0.2307767623033688,45.567616107134484,5.5
1599,Physical Science,Colombo,1,10,10,0.3464502802695152,44.07538748083854,2.0
1600,Technology,Jaffna,9,7,7,0.4824528314129305,45.18700041140198,18.0
1601,Physical Science,Gampaha,3,8,15,0.39476081023897475,43.05966251705579,7.1
1602,Bio Science,Galle,8,7,8,0.08073524075952321,67.21144788068835,16.8
1603,Physical Science,UpCountry,6,6,10,0.13635092490177003,77.80732828803332,12.6
1604,Bio Science,Galle,3,7,10,0.039411947726675,65.51206116666673,5.4
1605,Physical Science,Gampaha,9,7,13,0.06782476213003896,45.72063636832804,22.8
1606,Commerce,Galle,8,5,15,0.12534148243422377,60.45480775921855,15.1
1607,Physical Science,Gampaha,3,7,1,0.09976368314911,73.12228925426166,4.8
1608,Technology,Colombo,7,10,1,0.10682462538331833,55.371068324545135,12.3
1609,Physical Science,Ratnapura,5,5,4,0.11538511321964401,50.02427954923178,10.7
1610,Commerce,Gampaha,2,8,13,0.1503393478918057,43.79323504598753,3.4
1611,Technology,UpCountry,8,5,4,0.06279303431337935,55.65884389379098,14.3
1612,Commerce,Colombo,1,9,11,0.13891749190914748,54.96156068568512,1.1
1613,Commerce,Colombo,4,10,9,0.34420591364102826,63.20440267733378,6.4
1614,Bio Science,RemoteArea,4,4,9,0.1182004999127289,71.6456910401976,8.4
1615,Bio Science,Ratnapura,10,5,1,0.08591921382634371,56.26293031480991,22.0
1616,Commerce,Galle,5,5,9,0.033847831092230385,67.27210794578501,7.4
1617,Sinhala,Gampaha,4,7,3,0.24998574309851918,68.58007724261904,6.0
1618,Commerce,Ratnapura,1,5,8,0.4209913639361382,45.552865728006125,1.2
1619,Commerce,UpCountry,7,6,3,0.02950832213187088,89.79061945672413,11.0
1620,Arts,Colombo,10,9,0,0.2711630136190746,48.87858588724137,19.0
1621,Bio Science,Kandy,2,7,4,0.3253094577112491,69.74834374558772,2.9
1622,Physical Science,Colombo,10,6,1,0.29623082838942194,43.46023599679659,23.7
1623,Commerce,Ratnapura,3,5,13,0.43881160178292555,68.15213920512484,4.0
1624,English,Ratnapura,5,8,5,0.43319779010428167,64.70097931859165,7.6
1625,Physical Science,Colombo,8,7,0,0.028653796264229647,84.88648973056672,16.9
1626,Commerce,Ratnapura,10,6,6,0.18047198461184344,59.51071492562211,18.8
1627,Physical Science,Galle,8,6,6,0.33541491524887634,82.49204323791541,17.7
1628,Commerce,Gampaha,2,7,14,0.4762223277462655,71.35687404095917,3.1
1629,Physical Science,Gampaha,9,6,3,0.40234239822652607,89.28160527319118,19.4
1630,Bio Science,Gampaha,6,8,8,0.08829465526690966,37.2985104957953,13.2
1631,Arts,UpCountry,9,2,2,0.13960441887364972,68.23253773515957,16.7
1632,Bio Science,UpCountry,4,2,4,0.38179693181186924,21.906577807329036,11.2
1633,Commerce,Jaffna,3,7,4,0.23573742363633782,61.128957951139164,3.7
1634,Arts,Galle,5,7,7,0.27365122101107703,78.81488705572204,9.2
1635,English,Gampaha,5,6,9,0.30448991008785353,86.1842531805083,7.2
1636,Physical Science,Gampaha,4,8,9,0.051645758862869706,75.5793683040488,7.1
1637,Bio Science,Kandy,7,8,15,0.4279810167166271,63.14156685672358,17.8
1638,Physical Science,Kandy,8,10,3,0.4315672196883636,69.67693256387153,17.6
1639,Sinhala,Gampaha,5,8,0,0.23411972206418363,97.74563784476433,7.0
1640,English,Gampaha,9,4,10,0.31342260925033155,66.13068035889103,16.6
1641,Commerce,RemoteArea,7,6,4,0.3299520600127451,76.41554653436141,11.5
1642,Technology,Galle,7,5,0,0.09486129236494206,53.559715657274474,12.7
1643,Commerce,Gampaha,8,8,2,0.05629241423313969,77.05641705558845,14.4
1644,Commerce,Jaffna,4,4,5,0.01033647320187514,76.09083937517784,6.5
1645,Physical Science,Colombo,10,8,0,0.4564409133888006,50.842294999869836,23.3
1646,Arts,Colombo,6,10,9,0.17285664447234567,76.15959182405385,11.2
1647,Physical Science,Gampaha,5,5,13,0.042915467505501514,78.87175838432509,10.7
1648,Technology,Gampaha,1,7,13,0.23289998924898575,77.59914074402514,1.0
1649,Arts,Ratnapura,9,6,12,0.03781255667308758,65.38281087340481,17.1
1650,Arts,Galle,2,7,2,0.042625376403477466,79.43638386707093,2.2
1651,Physical Science,Gampaha,6,5,6,0.24444267285226257,48.97612040675019,12.9
1652,Bio Science,Kandy,8,6,1,0.2544183298583176,60.646220703221054,17.3
1653,Physical Science,Ratnapura,3,4,5,0.2900715426639553,64.17103762925092,7.9
1654,Bio Science,Colombo,5,8,6,0.32815574000430087,80.57059413639303,9.7
1655,Physical Science,Galle,7,8,11,0.3341336850895596,51.00287159721995,17.3
1656,English,Kandy,4,10,11,0.21649834377575877,69.11642714362654,7.5
1657,Commerce,UpCountry,5,5,1,0.32176652926868815,53.11500433912165,8.4
1658,Bio Science,RemoteArea,1,2,10,0.15236987810725794,66.64179002098325,1.9
1659,Bio Science,Gampaha,4,8,15,0.220654095577569,73.38440026666527,8.0
1660,Bio Science,Colombo,7,10,10,0.1966635242661402,45.823604889827195,15.5
1661,Commerce,Galle,10,4,4,0.1645550006093182,80.96090689809184,19.2
1662,Commerce,RemoteArea,7,2,9,0.1192854128054831,70.91747014498529,14.0
1663,English,Kandy,10,7,11,0.03922950027043659,52.62105971003517,21.0
1664,Bio Science,Galle,10,7,9,0.2529552388928479,59.38231195749858,22.6
1665,Sinhala,Galle,4,4,0,0.2686440931029474,82.41294709741766,6.9
1666,Technology,Gampaha,6,5,2,0.16807752205102838,67.23776404409732,10.4
1667,Physical Science,Kandy,5,6,13,0.4879219315177229,52.02680384724463,12.3
1668,English,Galle,1,6,15,0.27848060515322914,55.747423592533664,1.0
1669,Physical Science,Jaffna,8,6,0,0.44450525945761893,69.3718797369692,17.3
1670,Technology,Ratnapura,7,6,11,0.2850426547608099,76.67193161696918,12.4
1671,Bio Science,Gampaha,5,4,2,0.09495792648583057,66.44298154457175,11.5
1672,Technology,Colombo,10,10,3,0.4873112698009599,57.128051547805725,18.5
1673,Technology,Colombo,10,10,11,0.44266750522452386,77.64525281442539,19.8
1674,Technology,UpCountry,7,4,11,0.2356368392188365,60.82163577304458,16.0
1675,Arts,Ratnapura,10,7,4,0.1215289459036572,49.17962912082639,18.6
1676,Bio Science,Colombo,3,7,3,0.11133480813242547,85.29921839595924,5.1
1677,Physical Science,Gampaha,8,6,3,0.4030102135831281,68.83194216346085,17.9
1678,Bio Science,Kandy,5,7,8,0.03455930572562971,52.2281363238518,10.6
1679,Physical Science,Kandy,2,7,8,0.3190301907067744,66.0138285501726,3.0
1680,Commerce,Colombo,2,8,8,0.32006746177091766,64.40941664500417,3.1
1681,Bio Science,Colombo,4,10,10,0.09122727386290441,59.751237599794706,7.9
1682,Sinhala,Colombo,7,9,4,0.3524561842173315,65.5032481614347,12.4
1683,Commerce,Kandy,10,8,10,0.3527031445977405,51.0720850856374,19.2
1684,Technology,Colombo,4,7,12,0.17501543372069184,79.10460198852391,5.9
1685,Physical Science,UpCountry,9,2,4,0.24168795635849583,61.90758240644519,21.4
1686,Technology,Gampaha,2,4,1,0.4163817755744969,36.35818515307829,5.1
1687,English,Ratnapura,6,5,5,0.26157663673362264,59.077716911208704,10.3
1688,Bio Science,Jaffna,4,6,1,0.309078550492488,51.26200283231816,9.3
1689,Commerce,Gampaha,6,8,9,0.20638482524313895,19.643905431467694,11.6
1690,Arts,Jaffna,10,6,12,0.07479954458245103,63.662786784255225,20.9
1691,Physical Science,Colombo,9,9,4,0.49903331581704546,77.55166767116752,20.0
1692,Commerce,Kandy,10,6,10,0.2657682601413037,63.382775195468255,18.3
1693,Bio Science,Galle,9,5,12,0.1682232307102554,76.62216082685971,21.0
1694,Physical Science,UpCountry,9,6,14,0.35689366299656694,67.12742526065009,22.2
1695,Bio Science,Colombo,9,8,11,0.31041088333075106,58.65443813811943,22.7
1696,Physical Science,Gampaha,3,7,11,0.11645414014967798,54.525977812348216,4.9
1697,Physical Science,Gampaha,9,6,4,0.4384627496987767,42.758078684198836,21.1
1698,Physical Science,UpCountry,3,5,3,0.03545146846061842,75.38648139294212,3.8
1699,English,UpCountry,10,4,4,0.30284912591795166,72.96123063888723,20.2
1700,Commerce,Ratnapura,3,8,6,0.23894424573916695,58.82562464298758,5.0
1701,English,Colombo,5,10,9,0.159099206892661,34.13601880189739,9.2
1702,Bio Science,Gampaha,6,5,15,0.413190064130121,74.58125929562307,14.0
1703,Bio Science,Colombo,9,10,12,0.32813853714463154,52.42834380187676,21.8
1704,Commerce,Gampaha,1,7,1,0.3797497484387877,62.65823560242972,1.0
1705,Bio Science,Colombo,8,7,14,0.20732937132226065,43.881296168563125,19.6
1706,Physical Science,Kandy,4,10,0,0.4711991656532552,61.379984774456396,8.3
1707,Commerce,UpCountry,10,2,3,0.1723617113595,59.53024378411235,20.3
1708,Physical Science,RemoteArea,7,5,6,0.26552246222782283,26.854242155218714,17.1
1709,Commerce,Gampaha,6,5,0,0.46682505590577944,84.26938041654597,10.4
1710,Commerce,Kandy,6,9,3,0.04159447894280455,56.61458278132351,10.0
1711,Physical Science,Galle,7,5,14,0.054405218583478854,63.11091876669193,15.9
1712,Physical Science,Colombo,4,9,14,0.49709388316173375,75.02015456744962,8.8
1713,Arts,Jaffna,6,4,13,0.48569557847782996,65.73998602713598,13.6
1714,Bio Science,Gampaha,3,8,5,0.3858508029185681,67.95969979954204,5.6
1715,Physical Science,Colombo,5,8,5,0.24209413803558238,45.33426119473981,10.6
1716,Sinhala,Gampaha,2,6,0,0.2530304243182216,57.867276617430285,2.9
1717,Physical Science,Ratnapura,3,6,6,0.1286064367687178,34.36024220858448,6.7
1718,Commerce,Jaffna,9,5,13,0.21636551806766247,62.93529246216069,17.3
1719,Sinhala,Colombo,6,10,15,0.21567468893316616,89.17601829689997,10.2
1720,Physical Science,Gampaha,3,5,4,0.018045009463369344,39.410202185093105,6.3
1721,Physical Science,Colombo,2,7,5,0.22657910401683473,57.23877571660561,3.8
1722,Physical Science,Galle,5,5,0,0.23989720425873357,28.14102890406121,11.6
1723,Bio Science,Gampaha,10,5,6,0.3328915871149314,63.1192017065818,22.7
1724,Physical Science,Kandy,5,10,3,0.25822645669383876,68.49261894943945,10.4
1725,Commerce,Kandy,1,8,2,0.43084146618760133,66.7521361349441,1.1
1726,Physical Science,Gampaha,3,7,11,0.18378091262091184,56.47197887878293,5.7
1727,Commerce,Colombo,7,7,10,0.20485879560280112,32.83745339371601,13.4
1728,Sinhala,Jaffna,9,8,12,0.28574125682803725,47.376616814172735,18.2
1729,Technology,Colombo,5,6,14,0.10136136225563974,85.84713294008378,8.6
1730,Commerce,Colombo,4,9,3,0.19674904279110972,74.68468632156303,5.4
1731,Bio Science,Jaffna,3,5,8,0.34308373587666385,62.62990828284497,6.0
1732,Commerce,Colombo,10,7,4,0.20590436963740205,64.43439821936849,17.8
1733,Commerce,Gampaha,9,7,15,0.45330825500497884,52.085718520314096,19.2
1734,Bio Science,Gampaha,7,7,11,0.3076502604702215,84.85949355866032,16.2
1735,Physical Science,Gampaha,7,5,4,0.07688387496068211,51.212757166085595,15.4
1736,Technology,Jaffna,8,8,7,0.2437221704946807,70.05913644367385,15.1
1737,Bio Science,Kandy,10,6,14,0.382389372797883,47.081479990954705,25.1
1738,Physical Science,Kandy,1,10,6,0.3216725826532681,60.32689937485569,1.5
1739,Bio Science,Jaffna,4,6,2,0.4426317868360599,79.72655907971588,8.4
1740,Bio Science,Colombo,5,8,12,0.3749914482613083,51.79600353720174,12.5
1741,Technology,Gampaha,5,6,14,0.030806886304943326,78.24036131055507,7.9
1742,Arts,Gampaha,1,5,0,0.0562563246190777,43.78850741722252,1.0
1743,Arts,Gampaha,3,4,11,0.32487434938554915,51.97133453098487,6.7
1744,Physical Science,RemoteArea,2,2,10,0.11920397925596932,64.86537088665494,4.2
1745,Bio Science,Galle,7,5,12,0.2939174513196187,80.57460168470901,15.7
1746,Bio Science,Colombo,5,7,1,0.3961087960469883,56.0272153650322,10.7
1747,Physical Science,Ratnapura,3,5,2,0.288465793903526,70.27862926212114,6.2
1748,Physical Science,Ratnapura,8,4,10,0.20774428500314468,82.1620292410488,18.2
1749,Arts,Colombo,1,7,0,0.32313515555635947,48.43277124136853,1.1
1750,Physical Science,Colombo,1,9,0,0.07180972213731585,37.12251606509891,1.0
1751,Commerce,Kandy,6,9,7,0.36160399775164087,58.1672676292235,10.8
1752,Physical Science,Galle,1,7,12,0.34851255685601107,85.0963275109671,1.0
1753,Physical Science,Jaffna,4,5,7,0.25720168247614456,51.310143308377576,8.6
1754,Physical Science,Colombo,6,9,1,0.13940674750658616,75.72424607961119,12.9
1755,Sinhala,Gampaha,1,5,7,0.39878189331487496,59.562492039056124,1.0
1756,Technology,Kandy,9,9,10,0.2552751516140086,91.3431812483588,15.1
1757,English,Galle,4,5,12,0.029588452929734388,99.68133080232931,5.0
1758,Bio Science,Galle,9,8,13,0.45930627592032996,81.97193770702998,22.4
1759,Physical Science,UpCountry,9,4,1,0.38385821824344596,35.80095782935172,22.8
1760,Commerce,Kandy,6,10,12,0.29240257384134083,29.95157112183106,12.0
1761,Bio Science,Jaffna,7,6,10,0.2184127586414506,65.91765844488623,15.6
1762,Technology,Colombo,1,8,4,0.47994984902084536,75.59975012184914,1.0
1763,Physical Science,Kandy,5,9,0,0.3875102871327007,67.51515008482778,11.0
1764,Bio Science,Colombo,3,8,8,0.26749653364341824,53.146105863890924,6.8
1765,Physical Science,Gampaha,10,6,3,0.32657694759194306,39.21021461895253,22.9
1766,Bio Science,Kandy,10,10,9,0.14037520086489957,78.44686442147469,22.5
1767,Arts,Colombo,6,8,13,0.09785797137444241,94.37897679451923,9.9
1768,Bio Science,Ratnapura,4,5,10,0.1366597736520393,54.94916212209296,7.8
1769,Bio Science,Ratnapura,9,5,1,0.14656804964136338,72.87818970629918,19.5
1770,Bio Science,Ratnapura,7,7,0,0.3698692253193554,99.04401062541834,13.6
1771,Bio Science,Ratnapura,4,8,5,0.07003052035961627,59.654193961938304,7.7
1772,Arts,Colombo,6,6,10,0.3887936008588394,62.45771490352832,10.6
1773,Technology,Colombo,2,10,7,0.2616976566806062,71.89598058767612,1.7
1774,English,Colombo,3,6,3,0.1922865521884009,57.234727503894135,4.2
1775,Arts,RemoteArea,7,4,0,0.15019805479684434,80.08849479358679,13.7
1776,Bio Science,Gampaha,4,4,0,0.2566003022733776,53.93988861278628,9.7
1777,Commerce,Colombo,10,8,5,0.15875923131502473,62.034264473486644,17.8
1778,Bio Science,Kandy,7,10,1,0.2147259962144935,38.86333368651139,16.2
1779,Physical Science,Galle,9,8,14,0.3695076448411748,63.46624725066654,22.6
1780,Technology,Jaffna,5,7,4,0.3129992531765753,46.88630510847864,9.1
1781,Physical Science,Colombo,1,9,14,0.3739911882365916,72.19095996850096,1.0
1782,English,Kandy,5,8,15,0.35648684482156107,42.53651717717638,8.9
1783,Bio Science,Jaffna,6,6,1,0.4075362466614609,75.19831391852836,12.3
1784,Commerce,Jaffna,2,5,8,0.10084497985335644,50.93240448368823,3.0
1785,Commerce,Jaffna,8,5,1,0.49756149973665065,87.26193050292667,14.6
1786,Technology,Galle,2,5,4,0.23788522493578296,82.56136090078238,1.3
1787,Commerce,Galle,9,8,3,0.3591164690404353,69.53468203234249,16.3
1788,Commerce,Kandy,2,6,10,0.3388750815006608,41.9301525309085,3.6
1789,Physical Science,Gampaha,3,6,0,0.2830750423085142,50.58166712598701,6.0
1790,Commerce,Kandy,8,9,9,0.4979081093029338,51.055660597986616,15.8
1791,Physical Science,Galle,6,6,8,0.10865792481844327,52.43310354516469,12.8
1792,Arts,Ratnapura,1,4,2,0.21086443363951407,84.65178303794724,1.3
1793,Commerce,RemoteArea,4,4,15,0.06386527961271599,65.21034313453683,8.0
1794,Commerce,Colombo,5,9,9,0.09091773599127473,54.63204272477075,8.0
1795,Physical Science,Gampaha,3,7,7,0.3564820317883833,52.28135779611135,6.8
1796,Physical Science,Galle,1,4,3,0.0024213393816400197,53.52243368960726,1.4
1797,Arts,Colombo,3,9,10,0.44491032568482525,72.98929239128586,4.2
1798,Physical Science,Gampaha,9,8,12,0.3165922416343258,41.5936441935862,22.8
1799,Physical Science,Colombo,2,9,12,0.22045252685816502,67.47267914908937,3.7
1800,Physical Science,Gampaha,1,4,8,0.1656805536234628,70.35320249447638,1.4
1801,English,Colombo,7,6,4,0.0631370242999581,35.9695300922389,13.0
1802,Arts,Gampaha,7,6,1,0.46078129322693767,39.23709612238247,12.9
1803,Bio Science,Gampaha,5,7,7,0.35616116251763025,62.784389850215376,10.8
1804,Physical Science,RemoteArea,2,5,12,0.16819649946302057,87.61473971066849,3.3
1805,Bio Science,RemoteArea,1,2,3,0.035468089720310236,79.5409218621906,1.0
1806,Arts,Colombo,5,8,13,0.1628414157705088,57.372953278990295,8.9
1807,Commerce,Jaffna,10,6,1,0.09231714740454172,81.63932651502188,17.9
1808,Physical Science,Ratnapura,4,8,5,0.39313665661560454,57.70559949323154,9.9
1809,Physical Science,Ratnapura,9,8,15,0.35979934237817984,62.57689694949584,22.5
1810,Physical Science,Colombo,5,6,0,0.24908031366146255,61.41023254070381,10.1
1811,Commerce,RemoteArea,10,4,7,0.4429205515455043,76.0919736970854,19.8
1812,Arts,UpCountry,2,4,8,0.090340344069542,54.86502707271829,3.2
1813,Physical Science,Colombo,4,10,6,0.22598279271674726,57.02926051751137,8.6
1814,Physical Science,Colombo,9,10,12,0.35531015198206023,47.27748584758629,23.3
1815,Physical Science,Colombo,8,6,12,0.03390117485933958,71.26539771515645,19.3
1816,English,Kandy,3,8,8,0.18633868044735546,78.00008784944382,3.6
1817,Physical Science,Kandy,8,6,1,0.2858324010910901,75.41937160023572,16.9
1818,Arts,Colombo,2,10,10,0.18340176936851182,44.5012926655975,3.6
1819,Commerce,Galle,3,7,0,0.24009949463637542,54.25655258579187,5.4
1820,Bio Science,Gampaha,5,8,6,0.3040591746835359,81.682018865088,9.4
1821,Physical Science,UpCountry,10,4,3,0.18419530708979248,64.98253759242488,23.5
1822,Physical Science,Jaffna,10,4,15,0.05300717796123411,68.01157126529733,26.1
1823,Commerce,Gampaha,8,6,9,0.06972224867106619,64.65799788539125,13.9
1824,Arts,Galle,1,8,7,0.2635019847770985,71.62187820264506,1.0
1825,Commerce,Galle,4,8,2,0.08737001281594864,65.28873897706023,5.3
1826,Commerce,Colombo,1,7,6,0.4449168360719484,54.36921115048631,1.0
1827,Physical Science,Gampaha,1,8,6,0.41709284256191304,76.21589274128854,1.0
1828,English,UpCountry,5,4,10,0.17451603450300768,46.95672425394841,9.9
1829,Arts,Colombo,6,6,14,0.41549358599746494,86.83186636168,10.3
1830,Physical Science,Ratnapura,1,4,9,0.2665939151705475,51.06068682239061,2.6
1831,Sinhala,Gampaha,6,5,8,0.07952546430147056,72.21834913061463,9.3
1832,Commerce,Galle,5,6,15,0.3071059272706618,65.02855573555485,9.2
1833,Commerce,Galle,4,8,10,0.33972555860820325,57.85433299790508,7.2
1834,Arts,UpCountry,10,5,3,0.0419457892350793,81.86356383899732,17.2
1835,Technology,Kandy,5,6,13,0.1572265452110191,77.6435916664152,8.3
1836,Commerce,Colombo,8,8,9,0.0026919938059594695,63.61573004651982,14.4
1837,Physical Science,Kandy,9,7,12,0.15821440167806317,92.17757069486635,21.1
1838,Bio Science,Galle,2,7,13,0.16772266645962436,81.1962378957384,3.0
1839,English,Ratnapura,6,6,0,0.3151043133895424,47.91784102598336,9.8
1840,Physical Science,Colombo,3,10,6,0.09952163982458251,29.09477557380415,6.2
1841,Bio Science,Ratnapura,2,4,9,0.015045493363896323,66.10290747327029,3.8
1842,Bio Science,Kandy,1,10,11,0.1578172667466407,86.2524708223351,1.0
1843,Bio Science,Galle,4,5,13,0.41280977312946193,75.65975997492107,9.1
1844,Commerce,Jaffna,8,4,5,0.19957260277891303,86.10945582150183,14.8
1845,English,RemoteArea,3,5,10,0.2075468849170099,56.02530727919104,3.9
1846,Physical Science,Ratnapura,5,4,0,0.23451378142330115,58.2416375416627,12.2
1847,Physical Science,UpCountry,10,6,8,0.37589441540499324,62.60587589720224,22.7
1848,Physical Science,Galle,5,6,9,0.2400124461892859,68.11831842465968,9.7
1849,Technology,Gampaha,5,6,7,0.04564137626839121,75.01164173534008,8.1
1850,Commerce,RemoteArea,9,4,9,0.1031998997998248,88.98554501391864,17.0
1851,Physical Science,Colombo,8,7,3,0.09394868349628754,89.14041332504439,16.7
1852,Technology,Galle,8,5,14,0.25393165920216787,91.99856153319693,15.0
1853,Technology,Galle,1,6,14,0.014964732532612601,77.03621668392849,1.0
1854,Technology,Galle,1,7,4,0.1418083042563818,56.86666264178872,1.0
1855,English,Kandy,2,10,7,0.3035974705215843,66.88847647662341,1.8
1856,Physical Science,Colombo,8,9,1,0.17732533776580084,70.32849140500495,17.1
1857,Arts,Kandy,10,8,5,0.3538560792094108,64.52602097518465,17.7
1858,Bio Science,Gampaha,1,8,9,0.1956106684283952,50.79308520388452,1.0
1859,Technology,Galle,4,5,1,0.48962876418888923,53.564425268296716,8.0
1860,Arts,Galle,9,4,14,0.48267814352915717,80.0206300022506,18.9
1861,Arts,UpCountry,2,2,11,0.39992035723229563,61.80249065755321,4.0
1862,Commerce,Ratnapura,3,8,10,0.47719526402575557,65.36259773012597,5.1
1863,Physical Science,Galle,6,7,7,0.1023891208088315,62.323679323248136,13.0
1864,Commerce,UpCountry,10,6,4,0.3754615828981701,48.61700973058238,18.3
1865,Sinhala,Galle,3,7,11,0.1608293166597285,62.93093909054316,4.7
1866,English,Colombo,4,9,9,0.36264715947146187,57.63274113642757,6.5
1867,Physical Science,Ratnapura,9,4,2,0.18694673081659963,50.62289208890769,22.0
1868,Physical Science,Ratnapura,9,5,1,0.14471032987209276,44.62536531178868,20.3
1869,Physical Science,Kandy,10,8,3,0.47939754761083,59.990951573620755,22.3
1870,Arts,Kandy,5,7,7,0.10494272087791906,72.77255152206432,7.5
1871,Technology,RemoteArea,7,4,0,0.37928429730328134,76.80870142789445,14.0
1872,Physical Science,Gampaha,9,4,15,0.3373360816022776,46.58778461534871,25.3
1873,Commerce,Gampaha,8,6,15,0.15173882090403212,91.59605690405941,14.7
1874,Technology,Kandy,7,9,9,0.22917150874613978,68.89418233471007,12.0
1875,Arts,Galle,8,8,15,0.0714715479621646,50.59456913971812,15.3
1876,Commerce,UpCountry,5,4,15,0.4606043021853613,61.44453249816663,11.2
1877,Commerce,Galle,5,5,14,0.4840599007637153,38.839213481726205,10.4
1878,Commerce,Gampaha,5,4,2,0.3662315158756798,36.67362394697308,11.2
1879,Physical Science,Kandy,1,6,12,0.4247101719163149,91.8213753303592,1.0
1880,Commerce,Galle,6,8,0,0.041308715400659335,49.510485845407814,10.7
1881,Commerce,Gampaha,5,7,1,0.19198430897819574,68.55338576463188,7.9
1882,Technology,Colombo,8,9,9,0.1654055574411074,62.83213339089053,15.1
1883,Commerce,Colombo,8,6,10,0.2824757828095345,65.2671459044465,14.7
1884,Arts,Ratnapura,2,7,14,0.09167764733709227,72.52040708753496,1.6
1885,Physical Science,Jaffna,6,8,6,0.2816906603134988,31.739690472310006,14.4
1886,Bio Science,Colombo,10,6,0,0.32718268278829415,79.77813205487497,21.4
1887,Physical Science,Colombo,10,9,8,0.06617654592863137,62.51935011078286,21.6
1888,Physical Science,Colombo,6,8,7,0.06586035443272198,55.935792902299056,12.3
1889,Arts,Kandy,3,8,0,0.017711694921575538,67.02009705995627,4.5
1890,Sinhala,Gampaha,1,7,15,0.38044622481207213,56.68321804664258,1.0
1891,Physical Science,Jaffna,7,6,9,0.16550426841940236,67.62317955424768,14.6
1892,Bio Science,Ratnapura,10,8,0,0.11271022787240109,57.51901309452125,22.4
1893,Technology,Colombo,5,7,1,0.38904719752261446,71.16515165332837,8.7
1894,Physical Science,Gampaha,10,8,15,0.07162784504476977,64.29080550222561,25.0
1895,Commerce,Gampaha,5,8,1,0.21359171354865247,45.049696314008955,8.2
1896,Arts,Colombo,8,9,5,0.37239333775926364,67.93512798827022,15.1
1897,Commerce,Ratnapura,5,8,0,0.2869161587935883,55.940782133621546,7.7
1898,Physical Science,Galle,5,7,3,0.27700007174621155,34.1850413062362,11.9
1899,Bio Science,Jaffna,1,4,15,0.07873170535801255,70.46484438775593,2.4
1900,Arts,Colombo,2,9,6,0.09046636391737051,54.93834351122858,3.0
1901,Commerce,Ratnapura,5,7,12,0.29127939695487054,71.18634954680054,9.3
1902,Physical Science,RemoteArea,7,2,12,0.011783430540330042,53.174210150708646,17.7
1903,Arts,Jaffna,3,5,11,0.4345589944817052,47.4042465696829,6.1
1904,Physical Science,Gampaha,1,4,8,0.1752354003204874,81.70186446983604,1.0
1905,Arts,Jaffna,2,7,9,0.20830810850866355,77.14721974167377,1.4
1906,Physical Science,Galle,3,6,2,0.12921616736630004,60.90130620261915,5.2
1907,English,Galle,9,7,3,0.43833554963155164,68.06650631503024,16.4
1908,Bio Science,Gampaha,8,4,4,0.3212520364029525,74.1562199980192,19.0
1909,Bio Science,Gampaha,4,7,4,0.22495423451753338,61.84715449684788,7.6
1910,Physical Science,Ratnapura,8,4,1,0.29265439782987057,42.37240567396681,20.0
1911,Bio Science,UpCountry,9,6,12,0.19018479798769544,70.49203977173713,20.9
1912,Technology,Kandy,3,7,4,0.23279123914220606,77.03332521812511,3.9
1913,Sinhala,Colombo,6,7,9,0.17881609670714227,73.3977207321271,9.8
1914,Bio Science,UpCountry,8,2,0,0.20533739710541765,60.8895575533033,19.6
1915,Bio Science,UpCountry,10,3,6,0.15748827200471516,71.47936567329758,24.0
1916,Arts,RemoteArea,7,4,13,0.038820538773011004,63.15132604818454,14.7
1917,Technology,Galle,9,6,15,0.01867313908158441,83.16262822983833,15.8
1918,Commerce,RemoteArea,7,3,14,0.0870531021338693,87.20770870734727,13.3
1919,Bio Science,Colombo,1,6,4,0.1258188719143652,42.557261709244464,1.8
1920,Bio Science,Galle,9,6,5,0.4452359302948412,79.2390163230119,19.8
1921,Commerce,Galle,5,5,13,0.30562432726155236,100.0,8.8
1922,Physical Science,Colombo,6,9,8,0.47914858481199546,71.88382503159269,13.4
1923,Commerce,Ratnapura,2,6,15,0.1698234300978148,82.25635940715235,1.9
1924,Bio Science,RemoteArea,2,6,2,0.2008690019002185,51.29355202855131,3.6
1925,Arts,Colombo,4,8,0,0.35987661379492847,52.44439744204908,6.4
1926,Physical Science,Galle,4,5,7,0.2889510388170152,60.35735577411641,7.9
1927,Commerce,Ratnapura,5,5,1,0.2639400401910492,54.463260256330585,8.9
1928,Bio Science,Ratnapura,7,5,1,0.28778202078196263,40.82264141322683,15.8
1929,Commerce,Gampaha,1,4,9,0.2920676561382299,61.91007928712615,2.3
1930,Physical Science,Colombo,10,6,12,0.3828702121022657,78.54574575637366,24.8
1931,Commerce,Jaffna,4,7,3,0.3340410136575045,42.02214324239608,7.2
1932,Commerce,Kandy,9,9,4,0.4786571243410341,64.68697832565272,16.6
1933,Commerce,Ratnapura,8,6,0,0.47398150902821656,62.22675911402169,14.4
1934,Commerce,Colombo,3,7,10,0.2109614248391148,60.48026356848014,4.8
1935,Commerce,Gampaha,6,7,2,0.01786130475595521,68.44788161967179,10.1
1936,Technology,Colombo,9,7,10,0.005537391109363632,71.03988876796635,16.7
1937,Physical Science,Galle,8,6,7,0.06159670244393889,57.913507295257936,17.5
1938,Technology,Gampaha,7,4,5,0.03744869944904777,78.41335929095354,12.9
1939,Bio Science,Ratnapura,7,7,2,0.18668302448543428,69.40915640315903,15.1
1940,Physical Science,Gampaha,1,8,13,0.02643729944200146,90.10212676407947,1.0
1941,Physical Science,Ratnapura,5,8,11,0.312457018068559,64.50357115668274,11.0
1942,Bio Science,Colombo,7,10,6,0.09508711299763861,58.173532175062505,15.1
1943,Arts,Colombo,2,10,10,0.2569826592847938,61.873009208019155,2.7
1944,Arts,Galle,6,8,5,0.05153939131686758,80.17475316149664,9.7
1945,Arts,UpCountry,2,6,4,0.413864532914146,59.76954450171739,3.1
1946,Commerce,Galle,3,8,7,0.389979414096658,62.18534317823934,5.2
1947,Bio Science,Gampaha,1,7,7,0.19324361052569766,92.91459684647859,1.0
1948,Physical Science,Colombo,3,10,2,0.45529666626279197,40.83282091662048,6.9
1949,Bio Science,Kandy,7,10,7,0.09285032309268859,68.85230190467007,14.1
1950,Bio Science,Jaffna,5,6,9,0.4069683526065181,63.578163787309485,10.8
1951,Physical Science,RemoteArea,4,5,8,0.272927717188319,60.24086564148408,8.1
1952,Physical Science,Colombo,8,8,12,0.16479003414937027,51.69956056186294,19.0
1953,Commerce,Ratnapura,8,5,11,0.04218046745880388,55.54120900029007,15.9
1954,Arts,Jaffna,1,8,12,0.08565556320387546,59.87863954306932,1.0
1955,Sinhala,Galle,9,4,9,0.4314313026778438,71.93610768823255,18.2
1956,English,Galle,9,8,2,0.30344303759585767,73.78661668890898,16.4
1957,Commerce,Jaffna,2,8,10,0.11854777919824977,38.31785774127256,3.0
1958,Bio Science,UpCountry,2,4,7,0.2479264387277823,45.47652566192362,5.2
1959,Commerce,Kandy,8,7,7,0.053918334912620935,71.71833291767312,14.6
1960,Arts,UpCountry,6,4,11,0.04942124583429636,74.98388790095191,12.3
1961,Physical Science,RemoteArea,3,5,6,0.4538823258185841,41.045103061639594,5.5
1962,Bio Science,Galle,2,5,7,0.2289281446314546,76.6143306060163,1.5
1963,Technology,Gampaha,5,5,0,0.18078357697556846,59.790429095016776,9.0
1964,Bio Science,Colombo,8,7,2,0.47453591332213035,72.20607854922343,16.8
1965,Commerce,Kandy,6,8,5,0.1995003393035849,49.72394341336274,10.5
1966,Commerce,Gampaha,3,8,11,0.16812106402679017,44.64964417640454,4.7
1967,Physical Science,Galle,9,8,14,0.13649308557892115,62.37019514915326,21.6
1968,Bio Science,Colombo,8,10,15,0.2825314103735477,63.535865957252106,19.5
1969,Bio Science,Colombo,10,10,6,0.2792052961378557,58.19733117387402,22.3
1970,Physical Science,Galle,6,8,6,0.0080970879984808,57.147040434328964,12.1
1971,Physical Science,Ratnapura,1,7,10,0.3270311619786533,90.39333822290817,1.0
1972,Technology,Gampaha,2,4,5,0.3941535515132268,37.00290214788235,6.4
1973,Physical Science,Gampaha,4,5,14,0.3079822712151948,54.326889240282235,9.5
1974,Commerce,Kandy,2,6,12,0.43494406914201883,59.721244519428865,2.6
1975,Physical Science,Colombo,3,9,11,0.13820818051833794,65.85977598116361,6.2
1976,English,Galle,8,8,11,0.09598970138437124,76.1652084890145,15.9
1977,Physical Science,Gampaha,9,7,11,0.34863904690998687,78.48042826413955,22.1
1978,Bio Science,UpCountry,6,5,10,0.09427955110016367,81.14785417169827,11.1
1979,Technology,Gampaha,4,4,3,0.04555243968763151,68.72181425717888,7.6
1980,Technology,Colombo,2,7,4,0.04830753426983092,36.04968757290733,2.7
1981,Physical Science,Colombo,7,8,8,0.384196746612859,39.0344819553314,16.3
1982,Technology,Ratnapura,10,6,0,0.014368650834052199,77.20934958254568,17.3
1983,Bio Science,Kandy,7,7,1,0.14472835241959997,76.7393977652085,14.9
1984,Bio Science,Colombo,10,10,4,0.06459320497203841,71.54031609417449,21.6
1985,Physical Science,Gampaha,9,7,4,0.3774550733997526,49.69595218369413,21.4
1986,Physical Science,Kandy,5,10,11,0.251746542786492,60.662178198383515,11.5
1987,Arts,Colombo,10,9,6,0.1027462072488336,57.01703322778674,18.2
1988,Bio Science,Colombo,4,8,7,0.3752054493256336,48.12903009497808,9.0
1989,Bio Science,Galle,10,5,9,0.3751832545690817,68.38572950897888,22.6
1990,Arts,UpCountry,6,2,5,0.2615113235343253,94.83204471942452,11.2
1991,Arts,Colombo,2,6,5,0.13792489352760484,55.06559267336953,2.4
1992,Physical Science,Colombo,2,7,4,0.2931385496311108,81.45161449643666,3.3
1993,Commerce,RemoteArea,9,4,4,0.4667650503770959,48.71990426043281,19.3
1994,Physical Science,Ratnapura,7,7,12,0.025818193813109402,42.95005342072349,17.0
1995,Arts,RemoteArea,7,2,10,0.13347492331089617,79.81243613691936,13.5
1996,Commerce,Ratnapura,5,6,7,0.14248459769633903,60.217788356482934,8.1
1997,English,Galle,7,5,4,0.31590583179244136,81.06873134167049,12.2
1998,Physical Science,Gampaha,9,8,5,0.3255821983309736,84.56340179794566,19.8
1999,Physical Science,UpCountry,10,4,2,0.10315769747185671,56.82388053495759,23.9
2000,Physical Science,Gampaha,5,6,14,0.10805029883125533,87.14524355234926,9.8
2001,Physical Science,Jaffna,9,8,13,0.46410634225958475,53.35917668638221,22.1
2002,Physical Science,Ratnapura,1,6,4,0.37814940883140546,48.62301302284152,1.7
2003,English,Colombo,3,6,14,0.46713484926585974,83.08411643874973,4.1
2004,Physical Science,Galle,7,4,13,0.4148314940813492,43.282890253153,19.9
2005,Physical Science,Kandy,4,6,8,0.20105899013184925,63.976616946582325,7.1
2006,Arts,UpCountry,2,4,14,0.06095381842258407,85.74480165862681,3.7
2007,Bio Science,Gampaha,3,6,2,0.3147751831283689,80.75185771920488,5.2
2008,Arts,Galle,7,6,15,0.17599553112882715,61.00998300976006,13.1
2009,Physical Science,Gampaha,8,5,7,0.21270599529590928,78.6384587679246,16.8
2010,Bio Science,RemoteArea,9,6,14,0.2129398704720291,50.15603359810515,22.2
2011,Physical Science,UpCountry,6,4,10,0.4682598108321064,54.98945451472108,15.2
2012,Physical Science,Gampaha,10,8,6,0.03443120959629681,66.45614303167518,21.2
2013,English,Galle,9,7,3,0.0965518807348692,67.16626669842569,15.5
2014,Physical Science,Galle,4,4,4,0.3039714355074711,46.28409648673022,10.0
2015,Commerce,Colombo,5,7,7,0.4418790329434467,91.43414983067927,7.8
2016,Bio Science,Kandy,1,10,9,0.45897132593499546,36.33805745573008,2.5
2017,Bio Science,Ratnapura,9,4,6,0.2793464632574651,63.81305819932867,21.7
2018,Technology,Galle,9,5,9,0.017280609417198334,67.43861242507083,15.6
2019,Physical Science,Colombo,9,6,9,0.18144051716973697,38.29560502133306,20.8
2020,Commerce,Ratnapura,3,6,1,0.4594166460863395,80.3619410268601,4.3
2021,English,Gampaha,10,6,7,0.24997204298654618,52.39285402241897,18.6
2022,Commerce,Kandy,10,6,7,0.3633066395917421,64.97682783309777,18.6
2023,English,Galle,10,5,8,0.13459671022474734,68.92057446510108,16.9
2024,Physical Science,RemoteArea,8,2,1,0.0125034851679528,38.68613062777254,19.9
2025,Bio Science,Gampaha,3,7,13,0.2891800931141121,50.41792571551919,6.9
2026,Physical Science,Ratnapura,6,5,3,0.4174905022182102,84.94541740882674,13.2
2027,Arts,Jaffna,5,5,1,0.4951343484450298,59.51252536331005,8.6
2028,Sinhala,Kandy,8,6,3,0.4233135539194363,21.04413772822666,16.4
2029,Physical Science,Gampaha,3,8,2,0.27699718116056266,56.47117524905167,4.9
2030,Commerce,Gampaha,1,4,6,0.30436379440026895,62.506471634396625,1.1
2031,Physical Science,Kandy,9,10,13,0.41208201993558286,69.79055972056868,21.9
2032,Commerce,Gampaha,10,5,4,0.00990534841380808,32.01683395802135,18.7
2033,Bio Science,Galle,9,6,15,0.4758221740972322,67.06037068123183,22.8
2034,Sinhala,Kandy,3,8,14,0.26561062292411575,54.51021887751155,5.7
2035,Commerce,Galle,2,4,6,0.47602612224496044,66.31551814518699,4.9
2036,Bio Science,Kandy,4,10,1,0.38225908329041564,68.0950400695323,8.4
2037,Physical Science,Colombo,8,6,3,0.07615883930735068,67.49991194339695,17.4
2038,Physical Science,Galle,6,7,5,0.08262990731981368,83.5595988446708,11.1
2039,Physical Science,Kandy,10,6,11,0.17682298800635665,98.35855201394176,23.8
2040,Physical Science,Colombo,1,6,4,0.13199401096789865,44.99594721054339,1.8
2041,Technology,Kandy,8,6,15,0.21964937964876313,61.77029474786855,15.1
2042,Commerce,Gampaha,5,4,10,0.30195193543769494,76.14592615278902,9.8
2043,Commerce,Galle,6,8,1,0.21828974974337084,58.59805828730792,10.2
2044,Physical Science,Gampaha,5,8,11,0.02821029235360939,24.658209317488435,13.3
2045,Technology,Jaffna,10,8,6,0.48781580757545107,60.11179934097743,18.5
2046,Arts,Ratnapura,5,7,1,0.2125610671006748,79.01220481192942,7.8
2047,Physical Science,Gampaha,3,7,13,0.4255375021608602,45.578878365105325,7.2
2048,Arts,RemoteArea,4,2,8,0.036977146130576066,67.30756769915114,7.3
2049,Commerce,Galle,5,8,6,0.405032439858341,34.389578006020535,10.7
2050,Physical Science,Colombo,2,9,11,0.0867023188556525,78.55044462848959,3.4
2051,Bio Science,Colombo,6,8,2,0.33970247149848104,64.62346421780623,12.1
2052,Bio Science,Gampaha,2,4,5,0.3309033481275451,53.978743321709594,5.4
2053,Physical Science,Jaffna,4,5,4,0.4549033591334298,55.73075703148015,8.6
2054,English,Galle,1,8,11,0.1603383401753693,43.013978931739246,1.4
2055,Technology,Jaffna,4,4,8,0.054479879957821276,79.1144809930098,7.1
2056,Commerce,Kandy,7,6,12,0.4322829081299377,54.00973812364239,13.9
2057,Bio Science,Galle,8,5,2,0.16578876482018357,68.50448153541664,16.7
2058,Bio Science,Gampaha,2,6,1,0.11626689453023464,46.07134439185021,3.3
2059,Commerce,Colombo,3,9,1,0.24310430599418126,93.47604149736505,3.3
2060,Commerce,Kandy,1,9,3,0.07306784500589492,84.8949710749645,1.0
2061,Physical Science,UpCountry,7,3,12,0.14848167653598454,97.1061692321947,16.6
2062,Commerce,Galle,4,5,0,0.19264031703232654,92.85793844337468,6.1
2063,Technology,Kandy,10,9,8,0.13862764674553468,54.48218710385806,18.7
2064,Bio Science,Kandy,8,8,2,0.22512975037154104,47.738030967025786,18.5
2065,Physical Science,UpCountry,5,4,13,0.19232533614206238,96.8920178089352,11.6
2066,Arts,Gampaha,9,4,12,0.38729551555529973,63.883935419495295,19.4
2067,Physical Science,Gampaha,6,5,4,0.4592043384623549,74.49826906669878,13.3
2068,Physical Science,RemoteArea,10,3,1,0.05046160837392627,51.18978076590975,23.4
2069,Physical Science,Galle,2,5,7,0.41165127172209554,54.436503624810484,2.8
2070,Bio Science,Gampaha,1,7,14,0.4658856038509678,79.44937497702513,1.0
2071,Arts,Gampaha,1,7,10,0.3433065729843379,35.451893243531245,1.1
2072,Commerce,Gampaha,9,7,10,0.4982098380853442,76.74762461808614,16.3
2073,Physical Science,Colombo,1,8,13,0.16752149983244602,74.36710699673536,1.0
2074,Technology,UpCountry,3,5,2,0.4151549707924827,53.04768376975118,4.6
2075,Technology,Gampaha,2,4,4,0.3368512523384445,62.362748690846686,3.3
2076,Technology,Galle,4,7,6,0.1617143935987288,65.71281798434234,6.7
2077,Physical Science,Colombo,1,8,1,0.3523382417551726,64.05541478295387,1.0
2078,Bio Science,Kandy,1,7,2,0.25481091952877893,71.35214586961632,1.2
2079,Sinhala,Ratnapura,4,4,7,0.09448694539856128,51.27526264089733,8.3
2080,Arts,Galle,4,6,15,0.08693984120473136,100.0,5.6
2081,Physical Science,Kandy,7,10,9,0.35669942338292404,61.4160892800148,15.5
2082,Physical Science,Kandy,8,7,13,0.35596523115836676,64.53958681602492,19.5
2083,Bio Science,Ratnapura,8,7,7,0.26538688048071674,92.67033903329447,17.2
2084,English,Colombo,8,8,2,0.25070783363887356,33.56429304614919,15.8
2085,Commerce,Ratnapura,9,8,12,0.09001922284443092,95.01384371633438,16.2
2086,Bio Science,Colombo,1,8,9,0.21464306150215245,65.90190162091267,1.0
2087,Physical Science,Kandy,9,9,11,0.4356987605155505,57.54735315619352,22.2
2088,Commerce,Kandy,10,8,6,0.42736365304757545,46.205214902111074,19.2
2089,Technology,Kandy,8,10,13,0.3304594509040494,47.46347417402025,16.8
2090,Bio Science,Kandy,1,8,10,0.4986783389848666,59.87264651808966,1.1
2091,Arts,Colombo,7,6,12,0.44658917334481024,70.16974915553415,13.8
2092,English,Colombo,9,6,1,0.072615211784051,69.83744809209819,16.0
2093,Physical Science,Colombo,4,9,8,0.19956820154685145,67.99024273865078,7.6
2094,Commerce,Galle,9,8,12,0.06596874237963718,58.346882941714355,18.2
2095,Physical Science,Kandy,1,10,12,0.23304480821460155,86.09268715368698,1.0
2096,Arts,Colombo,9,10,7,0.388191412372416,100.0,15.9
2097,Commerce,Colombo,6,10,8,0.07789435496437974,86.41937479057593,9.3
2098,Commerce,Galle,4,8,8,0.4402110162099517,58.61063363455404,7.0
2099,Arts,Jaffna,5,5,6,0.28452877577025315,70.53118100127014,7.8
2100,Bio Science,Jaffna,7,6,3,0.37447222739862257,69.99262253622616,15.1
2101,English,Gampaha,10,8,11,0.022577906053800167,89.55514613634486,18.9
2102,Commerce,Colombo,4,6,15,0.04691907667543588,62.42728849040495,7.1
2103,Physical Science,RemoteArea,8,4,11,0.31043059319883015,51.026238484451746,21.4
2104,Commerce,Galle,3,7,4,0.4190959564643938,79.00776937251342,4.7
2105,Arts,Gampaha,2,7,6,0.4369325422626087,69.09565642478394,2.2
2106,Bio Science,Galle,1,8,12,0.3441846626335408,49.3685803014489,1.7
2107,Technology,Galle,6,5,4,0.10046936007367174,72.58360488522393,9.5
2108,English,Colombo,2,7,15,0.09751085733034837,95.07383191892632,1.9
2109,Physical Science,Gampaha,8,6,11,0.4406813736785769,55.09360692202797,20.7
2110,Sinhala,Colombo,10,7,9,0.056617692758637705,51.13497622958866,18.6
2111,Physical Science,Colombo,4,9,14,0.3430354320542382,67.45095627545862,8.5
2112,Physical Science,Jaffna,9,8,7,0.2667534195183727,73.70449241809371,18.9
2113,Physical Science,Colombo,4,6,15,0.21071004806854277,66.37630002353609,8.7
2114,Technology,Galle,4,7,4,0.2201672830819278,79.01637913696864,5.9
2115,Commerce,RemoteArea,8,5,4,0.4726036813675953,65.9106093616177,15.2
2116,Physical Science,Ratnapura,8,6,4,0.43072159994849807,77.17480505343441,16.8
2117,Bio Science,Gampaha,5,5,3,0.432491931940873,50.68762930655574,11.2
2118,Commerce,Galle,3,4,10,0.2033091540718111,46.58417598392295,6.6
2119,Physical Science,Galle,2,4,11,0.05349060436865366,60.39949461709645,4.4
2120,Technology,Galle,9,5,15,0.49891971655882034,47.30329994207517,19.1
2121,Technology,Gampaha,9,8,10,0.07267154362774075,71.13986711652676,15.4
2122,Commerce,Gampaha,5,5,15,0.25779116516432893,37.24944142172121,9.7
2123,English,Kandy,8,10,11,0.13230959429919603,58.709091780210485,15.4
2124,Bio Science,RemoteArea,7,2,6,0.25537143082495417,58.71063839331872,16.7
2125,Sinhala,Gampaha,3,6,15,0.15246659705132404,51.800452790762016,5.6
2126,Commerce,UpCountry,5,5,1,0.44844332031047973,55.90469466729349,8.9
2127,Commerce,Colombo,9,6,9,0.4841707978544298,64.56407371050972,16.4
2128,Physical Science,RemoteArea,4,2,12,0.20503214131894154,85.03849190668852,9.9
2129,Technology,Jaffna,3,4,3,0.03509482028878025,45.88896082442564,6.6
2130,Bio Science,Gampaha,7,7,10,0.33166804967274094,70.36005936761137,15.5
2131,Physical Science,Kandy,8,10,2,0.18831278202423413,69.3363816828576,18.0
2132,Physical Science,Colombo,5,8,9,0.49298432797821357,64.18247173244563,10.9
2133,Commerce,Colombo,8,8,12,0.044687388942460216,58.529374557084175,15.6
2134,Commerce,Colombo,5,8,7,0.05956322034758138,46.4151220315401,8.2
2135,Arts,Colombo,9,10,6,0.3497115570932735,91.47848188026002,16.3
2136,Technology,Gampaha,7,5,2,0.37932480117687983,62.08960753972691,12.6
2137,Physical Science,Galle,5,5,3,0.23554820214528172,56.76666015168584,10.4
2138,Arts,Kandy,9,8,12,0.13863230122006803,97.8232513731449,16.3
2139,Physical Science,Colombo,5,6,13,0.15490502456522615,69.83429878993866,11.3
2140,Technology,Galle,8,4,3,0.16898648321063542,99.65246643575176,14.6
2141,Technology,Kandy,4,9,11,0.1126409953206865,44.25521731652932,7.5
2142,Commerce,RemoteArea,9,3,15,0.4253212740736747,63.94291699903282,19.8
2143,Arts,Jaffna,6,4,9,0.032538603777398756,43.94971129645408,12.0
2144,Bio Science,Colombo,6,8,6,0.2036389120391573,61.168150797934935,12.7
2145,Bio Science,Gampaha,3,7,15,0.3738015724204962,65.596381142435,7.0
2146,Technology,Kandy,3,7,7,0.0019127372233633255,56.62952119372545,3.2
2147,Bio Science,Ratnapura,4,7,3,0.4390162583904642,62.30832910233855,8.6
2148,Bio Science,Ratnapura,1,4,7,0.3531466061896822,57.36054315624703,3.2
2149,Bio Science,Colombo,6,8,0,0.036686978417034,58.34439995282351,11.6
2150,Technology,Colombo,1,8,12,0.44749829449721906,54.66311662762867,1.1
2151,Bio Science,Gampaha,4,6,8,0.24365249631540897,85.64232212127206,7.7
2152,Physical Science,Gampaha,7,4,6,0.32611966694515576,46.36875887346159,17.0
2153,Arts,Colombo,6,10,15,0.44101668725942095,70.68545619043275,11.6
2154,Technology,Jaffna,8,6,3,0.44058117234473265,43.610322556962345,15.0
2155,Physical Science,Kandy,4,10,7,0.2043720592537508,50.97582426407311,8.3
2156,Physical Science,Colombo,9,8,11,0.11884474251246707,54.57603019065402,22.6
2157,Physical Science,Ratnapura,10,8,9,0.12871077217308835,62.52329443614249,23.0
2158,Bio Science,Ratnapura,8,5,1,0.38297079319186395,63.131327321196075,18.0
2159,Bio Science,Gampaha,5,5,13,0.4647151805020702,49.89909363374467,11.7
2160,Arts,Colombo,6,8,7,0.03611533665682498,57.297403104109286,10.0
2161,Commerce,Gampaha,5,7,9,0.007509864037006875,49.6328188062606,7.5
2162,Commerce,Kandy,6,9,5,0.4114675307363703,46.97035344993009,11.1
2163,Bio Science,Kandy,1,6,6,0.1933013016270292,80.00339448241328,1.0
2164,Technology,Colombo,4,7,6,0.13822462247908052,42.12021995861317,6.2
2165,Bio Science,Gampaha,9,5,1,0.09418692380792093,61.62027051979662,19.6
2166,Sinhala,Kandy,4,9,13,0.1732403049141223,91.97110049413884,5.4
2167,Commerce,Galle,2,6,10,0.48573404463900394,83.09237640102495,3.1
2168,Physical Science,Galle,6,4,1,0.48853988727184844,66.8803780279413,14.8
2169,Commerce,Kandy,2,7,3,0.1657567632783522,61.25619040416704,2.7
2170,Bio Science,Gampaha,3,4,5,0.4818450591445576,73.54963093547944,7.4
2171,Commerce,Gampaha,7,5,3,0.1499317248698085,67.04090852353048,12.4
2172,Physical Science,Galle,4,8,5,0.42724054763353625,83.8393861051386,8.2
2173,Physical Science,Ratnapura,1,8,4,0.1060021045773798,59.99421614717601,1.0
2174,Technology,RemoteArea,9,2,5,0.41324379418599544,77.5165254189316,17.5
2175,Physical Science,Jaffna,6,7,8,0.1768651987785917,59.114112193754345,12.3
2176,Technology,Jaffna,9,7,5,0.09786175997147561,90.90244481075577,16.0
2177,Physical Science,Ratnapura,3,5,5,0.4673899537118154,60.07230377466817,6.5
2178,Commerce,Kandy,5,10,15,0.10709216621433493,43.21597631717971,8.5
2179,Commerce,Gampaha,9,8,10,0.4959176128796209,66.16557700543837,16.7
2180,Commerce,Colombo,6,6,10,0.0542869461942449,76.46902709534953,9.8
2181,Bio Science,Colombo,2,6,7,0.005010391695103644,87.93021853249914,2.7
2182,Physical Science,Galle,1,7,14,0.4353967730385415,52.0577278625822,1.1
2183,Physical Science,Kandy,9,9,4,0.2933022041542406,35.833665811706894,21.2
2184,Bio Science,Gampaha,1,7,4,0.2108131510375158,69.45069769925905,1.0
2185,Commerce,Ratnapura,5,6,9,0.0409819627660471,71.48655090403511,7.1
2186,English,Jaffna,1,8,12,0.28744626549084695,44.83392110189606,1.8
2187,Technology,Jaffna,5,8,10,0.19686279261794976,60.05603483074984,7.9
2188,Arts,Kandy,5,6,0,0.24181095649434137,55.72869931088184,9.1
2189,Arts,Kandy,7,10,5,0.3151959307011042,74.84680038919709,11.3
2190,Commerce,Gampaha,7,4,0,0.31996680281528156,53.794415461924906,14.1
2191,Physical Science,Kandy,10,8,10,0.48029962067651966,58.46733650186279,23.3
2192,English,Colombo,1,9,7,0.3275267067196724,65.21939626547935,1.0
2193,Commerce,UpCountry,9,4,9,0.16970207009111543,43.82833113933902,18.6
2194,Commerce,Kandy,1,9,15,0.1648164138825392,96.011729101659,1.0
2195,Physical Science,Gampaha,5,7,8,0.23858047645382618,78.01102299874181,9.7
2196,Bio Science,Gampaha,7,4,5,0.12966384993409152,51.973029758541195,17.5
2197,Bio Science,Galle,8,7,13,0.18821948906314445,49.7354210537748,19.9
2198,Technology,Colombo,2,8,8,0.4210563859649169,48.397609087773574,3.6
2199,Commerce,Colombo,1,7,1,0.4298808014335986,69.30112218540194,1.0
2200,Bio Science,Jaffna,4,4,8,0.31389623910017017,48.844292421803935,10.3
2201,Sinhala,Gampaha,4,7,15,0.29142047099704166,63.760091149657896,6.5
2202,Physical Science,Galle,10,7,3,0.21354991586676458,36.13766260732092,22.8
2203,Bio Science,Colombo,6,10,14,0.3179494577844233,75.11899403064115,13.5
2204,Physical Science,Galle,1,4,2,0.40302667286574495,69.68124219609008,2.6
2205,Arts,Ratnapura,1,4,0,0.36892352895449015,57.231466880581834,2.0
2206,English,Ratnapura,3,6,0,0.017729757838842952,62.903368559840345,3.8
2207,Physical Science,Galle,5,5,7,0.3655649993028168,75.43611513199389,10.2
2208,Technology,Kandy,6,8,1,0.35997383358750085,63.000150425840346,11.3
2209,Physical Science,Gampaha,5,6,0,0.049495268344351306,71.71279511679977,10.0
2210,English,Colombo,5,8,1,0.07512368229456307,42.98035053959407,8.0
2211,Arts,Kandy,9,7,2,0.3939542555901635,66.6804135600538,16.6
2212,Technology,Kandy,2,8,3,0.27949478912330095,64.40177074098956,2.3
2213,Physical Science,RemoteArea,1,2,12,0.41081449529283115,84.02977414012493,1.9
2214,English,RemoteArea,6,3,10,0.09237206745299181,65.4555928380998,11.5
2215,Arts,Kandy,9,9,8,0.01530738235316842,62.53958758275795,16.5
2216,Bio Science,Gampaha,7,8,6,0.08097087733558933,54.64300962900276,14.7
2217,Technology,Gampaha,8,8,11,0.22628502264150957,87.86842968225066,14.9
2218,Physical Science,Jaffna,5,4,4,0.2616463778049508,26.657250285958867,13.3
2219,Technology,Colombo,10,10,4,0.42885056102633334,69.66755786531364,18.4
2220,Physical Science,Gampaha,4,8,13,0.3581002649260318,66.1942633462966,8.5
2221,Arts,Ratnapura,6,8,5,0.49519532026453983,59.74581666425809,10.6
2222,Commerce,Ratnapura,3,7,0,0.03935979568768194,55.06016341339593,4.0
2223,Physical Science,Colombo,1,10,15,0.06511053626996066,66.66217493785743,1.0
2224,Physical Science,Gampaha,4,6,5,0.04217779691028484,69.67819406073656,7.2
2225,Physical Science,Galle,9,4,12,0.2692290232890689,54.074412956267956,23.9
2226,Bio Science,Gampaha,4,4,12,0.133430385403163,68.0254084174987,9.4
2227,Bio Science,Gampaha,1,4,10,0.34181647004855237,70.26141309989195,2.0
2228,Commerce,Ratnapura,4,7,15,0.06634544422832767,53.19373756027513,7.1
2229,Physical Science,Kandy,7,9,5,0.05159569978106315,70.05807430529492,13.7
2230,Physical Science,Colombo,3,10,13,0.23008273499647391,71.8838410989368,6.3
2231,Arts,Kandy,10,8,10,0.18794917663166194,53.01552492616838,18.3
2232,Physical Science,RemoteArea,6,6,4,0.4145824579975495,44.17878785254182,14.6
2233,English,Colombo,1,6,9,0.4187770375214993,52.318306838137985,1.3
2234,Technology,Colombo,4,8,8,0.058714333936737584,66.03065345547805,5.0
2235,Commerce,Gampaha,3,4,9,0.40616138992102274,63.36102686469793,6.3
2236,Commerce,RemoteArea,1,4,9,0.28208249118931056,85.40885120874432,1.1
2237,Technology,Galle,3,5,4,0.25177913693835,56.49306431773634,4.8
2238,Physical Science,Galle,4,7,8,0.047381688122307364,50.66351825454182,8.8
2239,Physical Science,Gampaha,5,7,9,0.36981538449729184,74.35530943732411,10.6
2240,Physical Science,RemoteArea,6,2,14,0.029816891198698015,52.29962319287998,15.5
2241,Arts,Colombo,2,6,6,0.13884588482479998,51.13748067226065,1.9
2242,Physical Science,Ratnapura,2,5,14,0.047715767382011554,55.33382344500519,3.8
2243,Commerce,Galle,6,8,2,0.2653838049204618,16.03970172893451,12.3
2244,Sinhala,UpCountry,5,4,10,0.32261502935479613,73.50299997270459,10.3
2245,Technology,Ratnapura,1,5,8,0.44542757324021237,78.09971492430337,1.0
2246,Commerce,Colombo,3,7,9,0.36693596049813176,78.25029895990176,4.3
2247,Physical Science,Ratnapura,5,4,6,0.4805521994568834,91.28142550279719,11.3
2248,Technology,Colombo,2,6,3,0.3804749164422226,84.10545888973604,2.0
2249,Commerce,Colombo,1,10,13,0.14903655164622587,61.49049999862281,1.0
2250,Physical Science,RemoteArea,9,6,11,0.2737924052815828,82.1386055188804,21.5
2251,Physical Science,Jaffna,5,4,8,0.2289698196600079,62.535395300748526,12.1
2252,English,Galle,2,7,5,0.2829843618186722,56.11045350671175,2.4
2253,Commerce,Galle,10,8,8,0.2860446697061962,52.666333802510486,19.1
2254,Technology,Kandy,4,7,3,0.3510505427345131,57.485640920464,7.2
2255,Technology,Galle,3,4,9,0.04152190732278216,69.43458374715568,6.0
2256,Commerce,Kandy,7,8,1,0.37337256444087563,84.21706987073497,11.4
2257,Commerce,Gampaha,1,6,12,0.07187180661662862,76.92967617577958,1.0
2258,Bio Science,Kandy,10,9,13,0.013103652460007775,54.93037497376427,25.1
2259,Bio Science,Kandy,4,6,15,0.2594527709807311,51.838071891943585,9.0
2260,Bio Science,Galle,7,5,8,0.2907384803310984,72.52816085695522,15.7
2261,Arts,RemoteArea,10,5,15,0.017425535058514463,81.0356154415202,18.7
2262,Commerce,Gampaha,5,5,9,0.2576855573900115,82.91214110331435,7.8
2263,Technology,Galle,4,6,11,0.2672851041827358,61.46873304410603,6.2
2264,Bio Science,Ratnapura,4,5,13,0.026247450632490565,73.54254286697109,7.0
2265,Commerce,Galle,2,6,3,0.355792642557338,74.33739983665372,1.5
2266,Commerce,Gampaha,8,8,15,0.10514485089219366,47.234111255813005,16.8
2267,Commerce,Ratnapura,4,6,10,0.39722960691264797,69.16657277244504,6.1
2268,Arts,Gampaha,2,6,1,0.155411064899946,74.06520912299645,1.5
2269,Physical Science,Kandy,9,9,6,0.23894626573210842,70.65587168113927,19.9
2270,Commerce,Colombo,10,9,6,0.4459254397094335,61.79029997463322,18.5
2271,Physical Science,UpCountry,7,2,4,0.4030897334262738,100.0,16.4
2272,Bio Science,Ratnapura,3,4,4,0.3909317892927276,90.95778001319627,7.4
2273,Bio Science,UpCountry,7,4,7,0.08021709880771077,63.640936170144634,15.2
2274,Commerce,Jaffna,1,8,5,0.0240711933498044,59.65409808973425,1.0
2275,English,Gampaha,1,4,0,0.3028794753403021,70.50417972303947,1.0
2276,Commerce,Gampaha,4,6,10,0.2053458212444239,64.13706753836576,5.6
2277,Arts,Jaffna,4,7,13,0.454538638215237,85.57313612918884,6.8
2278,Commerce,Kandy,4,6,11,0.17479663178155097,46.49119881072801,7.0
2279,Commerce,Jaffna,9,4,3,0.20527417549896115,57.88950528184221,18.1
2280,Physical Science,Gampaha,6,6,0,0.26300027152445976,70.27869056056582,12.6
2281,Physical Science,Gampaha,3,6,4,0.398200332816056,77.0562237221937,4.6
2282,Bio Science,RemoteArea,6,3,4,0.13414952705040123,39.78623441412103,15.2
2283,Bio Science,Colombo,2,7,3,0.4709103285811871,47.18905616798179,4.3
2284,Physical Science,Gampaha,2,8,14,0.2699605563607691,41.8561086850645,4.3
2285,Physical Science,Colombo,7,6,8,0.4204886305872046,50.902323290351106,15.6
2286,Physical Science,Galle,3,5,7,0.2628092417280094,44.34178330050065,6.4
2287,Sinhala,Galle,7,6,13,0.3859965978700067,74.58696646944495,12.8
2288,Bio Science,Colombo,3,6,15,0.025710376242147337,70.93506828435972,4.9
2289,Bio Science,Ratnapura,2,5,9,0.3996062408415068,62.19256331078613,3.7
2290,Physical Science,Ratnapura,4,8,13,0.2619797149049712,66.89142202195029,9.1
2291,Commerce,Gampaha,4,8,2,0.22470779409329128,78.91359353360717,5.6
2292,Physical Science,Gampaha,3,8,4,0.05580483330593394,46.36596370516065,6.0
2293,Physical Science,RemoteArea,9,6,5,0.3707812694542565,33.546976215799894,21.3
2294,Commerce,Gampaha,6,6,4,0.06558182625206943,72.65767820769544,9.9
2295,Physical Science,Colombo,5,10,7,0.09615890640199654,57.63554443309596,9.9
2296,Physical Science,Galle,6,7,4,0.06321162785482415,46.72347209954959,12.9
2297,Physical Science,Gampaha,8,8,7,0.0032878038568280865,71.81016968234597,16.8
2298,Physical Science,Kandy,5,7,9,0.3309568900335918,34.985306923775,12.2
2299,Physical Science,Ratnapura,4,4,14,0.13542202238580325,54.13617351772174,9.9
2300,Bio Science,Gampaha,7,5,9,0.07473522959540063,28.67015575585642,15.3
2301,Technology,UpCountry,5,2,15,0.15998624125716632,71.3864280472279,11.9
2302,Commerce,Kandy,4,8,13,0.24954234577333861,90.10535257432711,6.1
2303,Commerce,Gampaha,5,4,2,0.25170626044214306,52.402319856066576,10.5
2304,Physical Science,Kandy,4,9,4,0.1835980041659797,50.12683680320474,8.6
2305,English,UpCountry,8,6,3,0.2474661355207145,88.2683058981628,13.9
2306,Bio Science,Colombo,8,7,12,0.21367072889749705,75.4115287547788,19.2
2307,Physical Science,Kandy,1,6,10,0.41133262349224287,100.0,1.0
2308,Commerce,UpCountry,3,3,5,0.014806983745590974,64.91204114541068,5.9
2309,Physical Science,Colombo,4,10,2,0.43401506666152345,64.39955789851211,8.4
2310,Bio Science,Jaffna,2,6,11,0.12195762783931269,87.17244266284277,2.9
2311,Commerce,Kandy,5,10,15,0.36089110751812525,65.2705775479331,10.3
2312,Technology,Jaffna,8,6,9,0.20251980817025295,68.20794026872125,14.2
2313,Bio Science,Gampaha,2,5,3,0.14716648225239304,25.180518944403076,4.5
2314,Arts,Gampaha,9,6,10,0.30767368649994226,91.06555734784436,15.3
2315,Sinhala,Jaffna,7,6,3,0.38444220943155216,67.36311222206528,12.4
2316,Physical Science,Colombo,6,8,4,0.22496822655180188,60.389358504932055,13.0
2317,Physical Science,Gampaha,8,6,10,0.2332769215327405,78.61017511818217,16.9
2318,Bio Science,Colombo,2,8,14,0.02942824238383973,49.27808369927425,3.6
2319,Bio Science,Ratnapura,5,4,15,0.4619979903139219,59.229321629030586,13.8
2320,Bio Science,RemoteArea,4,4,5,0.42344834822312943,70.80003359942464,10.3
2321,English,Gampaha,8,6,1,0.19899639377121786,61.16039242117286,13.9
2322,Arts,RemoteArea,1,6,9,0.38247530658027923,71.19947297761198,1.0
2323,Commerce,Colombo,3,10,11,0.1566395878542296,69.23955676261394,4.1
2324,Bio Science,Kandy,10,10,7,0.36521089650638744,72.95814824394523,22.7
2325,Technology,Colombo,8,8,3,0.25834585828203016,41.68796457315683,15.5
2326,English,Galle,5,8,6,0.23038336110987573,82.17217203258234,8.6
2327,Technology,Galle,4,4,6,0.028261498629057358,55.74170618821158,7.5
2328,Physical Science,Colombo,6,7,11,0.48271096090443144,66.36598693773212,14.4
2329,Commerce,UpCountry,5,6,13,0.41870448493921014,57.48836336710754,10.1
2330,Physical Science,Colombo,3,10,12,0.3966940339932233,61.68892168870558,6.8
2331,Physical Science,Kandy,5,6,9,0.15245809882686212,67.93640904093118,8.8
2332,Physical Science,RemoteArea,4,5,10,0.14479509221186682,76.02753071084857,7.0
2333,Commerce,Galle,1,7,10,0.2865965482973246,78.51846629291566,1.0
2334,Commerce,UpCountry,1,2,1,0.4231115981130743,66.98766928741576,2.0
2335,Physical Science,Gampaha,7,8,13,0.4673142030843262,57.563073339683676,17.7
2336,Bio Science,Colombo,4,7,14,0.13446451300390277,72.54169671432385,8.7
2337,Bio Science,Colombo,1,10,6,0.3037074001597087,66.6043401989659,1.0
2338,Bio Science,Kandy,6,6,11,0.36195139994673264,66.38597672872766,14.4
2339,Physical Science,Galle,1,4,0,0.11319607259161196,68.01334958935135,2.6
2340,Bio Science,Colombo,8,8,15,0.20373431511121215,48.363636448757305,20.3
2341,Arts,Jaffna,9,4,11,0.09373713685682034,35.09620104443998,20.0
2342,Physical Science,Gampaha,3,6,13,0.3494525388841671,84.3499883223292,5.4
2343,Physical Science,Gampaha,7,4,1,0.43189256827259886,58.52939314825667,17.2
2344,Bio Science,Jaffna,5,6,4,0.43876717727582754,68.23892763175961,10.1
2345,English,Gampaha,3,6,7,0.3350444352463535,50.48651499611826,5.5
2346,Commerce,Galle,5,8,11,0.17357618008718168,84.43336318003199,7.9
2347,Commerce,Colombo,10,8,6,0.3305201884271272,68.25118825823488,18.3
2348,Bio Science,Galle,7,7,2,0.43213336358540927,58.307236038208124,16.3
2349,Commerce,Ratnapura,7,4,12,0.31292791696789163,70.2868757453593,14.9
2350,Physical Science,Colombo,9,7,9,0.20644597014793276,38.3744909153338,20.6
2351,Commerce,Jaffna,8,4,14,0.45990137535949943,72.59693496048547,17.7
2352,English,Galle,4,8,8,0.4176082966347132,86.30240797473613,5.8
2353,Commerce,Colombo,5,10,11,0.4412176201239059,70.22918922845852,10.1
2354,Technology,Gampaha,5,6,12,0.4515960105201472,68.79214514276052,8.9
2355,Arts,Kandy,10,10,4,0.19690615383015658,57.244531464686204,17.3
2356,Physical Science,Colombo,2,10,2,0.42981950375366756,77.24142422492989,3.5
2357,English,Galle,7,4,6,0.2851748356233489,81.46513965870963,13.2
2358,Physical Science,Galle,7,7,15,0.019079486777020038,61.02083947647417,15.9
2359,Commerce,Colombo,9,9,15,0.3179181782600588,72.87970287059674,18.0
2360,Physical Science,Gampaha,9,6,3,0.23530946214724763,64.98321654631077,20.1
2361,Physical Science,Galle,4,8,0,0.1375773295936487,66.02656758685426,7.3
2362,Bio Science,Gampaha,5,8,4,0.48519157002351976,50.409120415809454,11.9
2363,Physical Science,Kandy,7,9,10,0.027535429146487045,82.14164637700016,14.5
2364,Bio Science,Ratnapura,10,6,7,0.4729386953535332,71.97827671733108,23.5
2365,Commerce,Kandy,7,10,14,0.07963353031731907,85.03608035462054,12.2
2366,Physical Science,Colombo,10,8,11,0.1884940896502661,48.769841937869444,25.1
2367,Physical Science,Galle,8,4,3,0.20861758770967465,45.651201383602,19.7
2368,Commerce,Gampaha,8,8,14,0.36551025933040693,97.89092484189149,14.6
2369,Bio Science,Colombo,2,10,6,0.10780460436835226,80.20693935407292,2.5
2370,Arts,Galle,9,8,14,0.4930509216137696,54.77368520113329,19.0
2371,Commerce,Ratnapura,4,7,7,0.37450592638201147,76.52228916820536,6.4
2372,Technology,Gampaha,1,7,8,0.3949763191735274,57.01278666286929,1.0
2373,Commerce,Gampaha,1,8,10,0.05321438635744724,39.519357111546285,1.0
2374,Bio Science,Colombo,5,10,14,0.2381560047547251,35.49624154564577,12.1
2375,Commerce,UpCountry,7,2,8,0.47280467523914443,63.670167461269685,13.9
2376,Physical Science,Galle,5,4,4,0.13503303577590325,85.41201735245137,10.9
2377,Bio Science,Ratnapura,3,6,5,0.07269182747542985,85.32082144428729,5.3
2378,Arts,Jaffna,7,6,6,0.24269722988209413,81.90217432452846,12.8
2379,Bio Science,Kandy,1,9,9,0.46519653482560414,76.95016659823965,1.4
2380,Arts,UpCountry,1,3,1,0.24339531221531363,65.26046990618214,1.6
2381,Technology,Gampaha,2,4,8,0.20241715145982947,81.27946134018396,3.4
2382,Technology,Kandy,1,8,15,0.3251362183568883,37.33670471138727,1.0
2383,English,Kandy,9,6,15,0.46844199942527565,82.34681878355825,17.6
2384,Bio Science,Gampaha,4,4,0,0.024528724602033036,43.184922619491616,9.5
2385,Bio Science,Gampaha,7,5,13,0.0766977727383456,52.80915421325103,17.6
2386,Commerce,Colombo,5,6,5,0.06637715502213021,72.93778239329863,7.8
2387,Bio Science,Galle,7,5,5,0.04266649114958282,76.43096030270613,14.4
2388,Commerce,Gampaha,7,5,13,0.15105304032419792,57.354373616197826,13.6
2389,Arts,UpCountry,1,2,6,0.11465451656015502,72.69289441128328,1.2
2390,Commerce,Colombo,1,6,1,0.27434563310466764,68.94397902404361,1.0
2391,Bio Science,Jaffna,3,6,12,0.16364471086285165,61.340290958314625,5.7
2392,Physical Science,UpCountry,10,2,5,0.20260393072893812,64.80776290607045,24.0
2393,Bio Science,Jaffna,2,4,5,0.4709323452499063,93.71326072035237,4.8
2394,Physical Science,Galle,7,4,8,0.07782782063470312,59.7764795792166,16.5
2395,Technology,Galle,3,6,13,0.19422866339740108,62.79362015109664,4.5
2396,Bio Science,Gampaha,7,5,7,0.1285409202593909,65.75010714328309,14.8
2397,Physical Science,Kandy,9,8,4,0.2745829911788761,59.25569905714318,20.8
2398,Physical Science,Colombo,1,6,6,0.36816811327332216,74.85753597126597,1.0
2399,Commerce,Kandy,3,10,6,0.40849393670893247,85.03865939128586,3.7
2400,Commerce,Colombo,6,6,4,0.2576483472586828,58.29996891300656,11.0
2401,Bio Science,Jaffna,9,6,6,0.4274582957634713,50.148222833527406,20.4
2402,Physical Science,Kandy,5,8,2,0.3925377539386587,90.62361914516508,9.6
2403,Bio Science,Gampaha,3,7,6,0.07850203071686923,64.79714214380823,5.3
2404,Bio Science,Colombo,8,10,12,0.12271437950999758,40.43208386398002,19.5
2405,Commerce,RemoteArea,5,4,5,0.33586026416671044,90.43411191545349,8.3
2406,Commerce,Ratnapura,6,5,14,0.487397009870304,83.89281498481853,11.3
2407,Bio Science,Ratnapura,2,4,11,0.18806485030000009,89.52013784067672,2.9
2408,Physical Science,Colombo,4,7,5,0.11490392032237035,84.01371286083872,6.6
2409,Sinhala,RemoteArea,1,4,1,0.4345647171477895,100.0,1.4
2410,Bio Science,RemoteArea,4,4,14,0.09980597977144129,51.44594946463275,10.7
2411,Commerce,Jaffna,1,5,14,0.3487041370249308,55.06527887943004,1.0
2412,Physical Science,Galle,4,5,1,0.017124535177932276,53.11604479865822,7.4
2413,Bio Science,Colombo,2,9,6,0.00949025754895183,55.187306903315225,2.8
2414,Physical Science,RemoteArea,6,2,0,0.22578335697208235,61.84426773094793,14.6
2415,Commerce,Colombo,6,7,8,0.3282700637749516,56.651519445121224,10.7
2416,English,Colombo,8,6,2,0.07121722697938421,43.15674096753858,14.1
2417,Bio Science,Colombo,9,10,5,0.38194122650076895,49.383437148087445,20.3
2418,Physical Science,Kandy,8,8,2,0.06436824120598578,56.593703728070636,17.2
2419,Physical Science,Galle,1,5,11,0.26685390393583736,82.66450676111121,1.0
2420,Bio Science,Gampaha,3,8,8,0.15414959613854023,55.370347110218475,5.7
2421,Physical Science,RemoteArea,6,4,9,0.37612663839160265,76.6495172858335,13.5
2422,Physical Science,Gampaha,1,7,11,0.402058376781942,45.680816143919884,2.4
2423,Arts,Colombo,8,8,6,0.03304561978123555,15.016534801749842,15.2
2424,Bio Science,Gampaha,6,5,0,0.09630228465373247,58.00237354016289,12.9
2425,Physical Science,Jaffna,1,8,3,0.4463220547846978,52.349869028072405,1.1
2426,English,Galle,10,8,13,0.2078064183004334,53.273942038926,21.7
2427,Physical Science,Gampaha,2,8,4,0.23836793268652273,47.017245928579335,4.4
2428,English,Kandy,6,8,6,0.08401192083128323,52.38727279225508,10.0
2429,Bio Science,Colombo,10,6,6,0.4974473982504964,48.18975102733904,23.4
2430,Technology,Kandy,8,6,4,0.46152384141966296,48.548959275512374,14.8
2431,Commerce,RemoteArea,5,4,11,0.0010123354911218407,45.117289726175144,10.8
2432,Technology,Ratnapura,1,5,0,0.2753673413289425,28.05899053312525,1.8
2433,Sinhala,Galle,10,6,4,0.4361336918015773,28.858887677875572,20.3
2434,Physical Science,Kandy,2,6,4,0.2152668031169801,98.91633697754162,1.3
2435,English,Colombo,4,8,3,0.21840712928834244,60.55129813299065,6.0
2436,Bio Science,UpCountry,4,6,12,0.18967357836314463,88.86813669456279,8.2
2437,Bio Science,Gampaha,7,5,5,0.01441416757766173,59.83613307066116,15.5
2438,Bio Science,Gampaha,2,5,14,0.3951416679268514,64.83585162330354,3.3
2439,Commerce,Colombo,7,9,7,0.22839260169554737,68.10005936198664,12.7
2440,Physical Science,Colombo,7,8,9,0.2655328192018629,74.10105972217036,14.2
2441,Commerce,Galle,7,8,4,0.1278425584033192,43.29995820619928,12.7
2442,Commerce,Kandy,3,8,13,0.39205924603340975,60.80337729352671,4.6
2443,Arts,UpCountry,6,5,7,0.396874273352224,68.0717264222934,10.3
2444,Technology,Colombo,6,9,14,0.27646040842587966,37.997113913200124,13.3
2445,Bio Science,Colombo,4,8,11,0.4523139629000819,84.96007481354434,8.3
2446,Bio Science,Ratnapura,1,6,4,0.057942115363320945,77.9413612661392,1.0
2447,Physical Science,Kandy,9,8,12,0.39331333232179966,34.4733542934043,23.0
2448,Physical Science,RemoteArea,2,2,2,0.2792920711603323,47.814992872573065,5.1
2449,Physical Science,Jaffna,9,7,7,0.11550658351822463,65.07274612390742,19.3
2450,Bio Science,Gampaha,8,5,11,0.06615189132594745,78.12763465006488,18.5
2451,Physical Science,Galle,1,4,3,0.15050352016141916,84.39190794310935,1.4
2452,English,Galle,7,8,13,0.428157959050726,56.939879401777205,13.9
2453,Commerce,Ratnapura,10,5,2,0.393809674838068,96.07256013711185,17.3
2454,Bio Science,Galle,3,5,15,0.32256621290902004,66.76861013301624,6.2
2455,Commerce,Gampaha,10,5,2,0.04516350389183871,57.638081466385024,17.8
2456,Physical Science,Colombo,10,9,5,0.47741531987165187,70.9258713087338,22.5
2457,Bio Science,Colombo,9,10,7,0.15272006618770356,68.16185775045149,19.4
2458,Commerce,Gampaha,5,4,9,0.3034999916725292,68.32325812339784,8.7
2459,Bio Science,Gampaha,3,8,4,0.4015509354027171,91.94241712413395,5.4
2460,Bio Science,Colombo,8,6,0,0.06642791722937902,63.71055912863358,16.3
2461,Sinhala,Colombo,3,9,0,0.32609837112793655,45.23588579941772,4.3
2462,Technology,Galle,7,8,2,0.016147998352106285,48.4036767152438,12.9
2463,Commerce,RemoteArea,7,3,11,0.05089465575217056,87.58937023040188,13.4
2464,Commerce,Galle,7,8,11,0.36157181721357096,75.75743730905661,12.3
2465,Commerce,Colombo,1,9,5,0.07754107778639707,39.1547655828909,1.5
2466,Physical Science,Colombo,5,9,1,0.22175336165268916,36.41712154540342,10.9
2467,Bio Science,Colombo,1,9,0,0.12416627538868458,60.375818266993555,1.2
2468,Physical Science,Colombo,7,6,14,0.21061475433497107,76.24732562182272,15.6
2469,Bio Science,Kandy,8,10,6,0.03861012014573545,52.829285348304026,16.7
2470,Commerce,Kandy,7,7,13,0.3774502720204947,41.297446260644584,14.5
2471,Physical Science,Jaffna,1,5,13,0.03952058869705721,49.62242397631538,1.0
2472,English,Jaffna,3,6,11,0.418957248680235,90.18626645961567,4.3
2473,English,Colombo,10,9,15,0.3313044320847806,74.95455018048875,20.3
2474,Arts,Gampaha,3,5,1,0.2082927878321416,75.50123095067624,4.4
2475,Commerce,Jaffna,7,7,7,0.4332432717352459,80.97489976453302,12.0
2476,Technology,Gampaha,4,5,1,0.09306563933816425,51.10990688368467,7.2
2477,Physical Science,Colombo,3,10,10,0.13228211370741272,59.40447499569605,5.0
2478,Arts,Gampaha,6,6,0,0.06856183082960332,57.47991921617677,10.3
2479,Physical Science,Colombo,10,9,9,0.19078434664501748,70.75027253622106,22.0
2480,Arts,Ratnapura,6,4,1,0.4933665923670438,76.8425726514414,12.9
2481,Physical Science,Galle,10,4,15,0.08051368890034732,95.54822178582221,25.3
2482,Technology,Galle,5,5,1,0.4154882429328993,72.71453254602797,8.4
2483,English,Colombo,6,10,6,0.325940035836536,75.32378762520057,10.2
2484,Physical Science,Ratnapura,3,7,0,0.007907065305929772,88.89946329991623,5.0
2485,Bio Science,Jaffna,10,6,15,0.4724450964688501,64.42411856341943,24.6
2486,Sinhala,Colombo,5,10,2,0.48554563261249234,78.83504448832714,7.3
2487,Bio Science,Gampaha,9,5,4,0.4624503509307717,70.67423765189828,19.7
2488,Technology,Ratnapura,4,8,11,0.2508698288535169,74.72428075960592,6.4
2489,Commerce,Colombo,2,8,6,0.11018759123793948,59.782081135890074,2.9
2490,Bio Science,Galle,5,8,13,0.19563233873524072,45.58651088200791,12.4
2491,Physical Science,Galle,3,7,15,0.30709577320811554,72.67251464060416,5.8
2492,Physical Science,Colombo,3,7,5,0.18941819045872488,67.73625403095657,5.6
2493,Arts,Gampaha,4,6,7,0.3540858254348414,54.86835389884902,6.5
2494,Bio Science,Colombo,4,7,0,0.39778777388825926,58.54897740067486,9.5
2495,Commerce,Ratnapura,5,7,15,0.10469644932402883,54.27159813639334,9.8
2496,Bio Science,RemoteArea,7,4,15,0.20247095414140026,54.398835027866355,18.6
2497,Commerce,Jaffna,4,6,6,0.47887218801302994,55.78554880063818,7.1
2498,Technology,Kandy,7,7,15,0.124903400631319,47.57342628668589,14.3
2499,Sinhala,Galle,9,8,8,0.1732237442972145,55.24782764463546,16.5
2500,Bio Science,Galle,3,8,6,0.01783025192598614,73.70601909259614,3.9
2501,Technology,Galle,5,4,5,0.16618302055180068,84.34176876000086,9.8
2502,Arts,Ratnapura,4,4,15,0.1854656990520513,98.63156717088052,7.8
2503,Commerce,Colombo,9,8,8,0.04991777981341117,57.997999352456915,16.4
2504,English,Jaffna,5,5,12,0.0007211249924786167,84.00160235942516,7.7
2505,Physical Science,Gampaha,10,6,3,0.28770274218435504,66.5426089089071,22.4
2506,Physical Science,RemoteArea,2,3,11,0.1507633006643594,61.93968880693565,3.6
2507,Technology,Jaffna,10,7,9,0.008911918630046034,70.53304596003395,17.1
2508,Bio Science,UpCountry,1,2,5,0.42997215198358973,79.03188562152071,3.0
2509,Technology,Colombo,7,8,5,0.29220483853332047,55.02548388000254,13.0
2510,Technology,Galle,1,7,13,0.08558417524591022,58.6801947764251,1.0
2511,Physical Science,Gampaha,8,8,9,0.43262331147048827,58.353299536810724,17.7
2512,Technology,RemoteArea,9,2,13,0.12679298523649019,57.09838928661563,18.6
2513,Bio Science,Colombo,7,7,2,0.11372286576812801,78.98323772185084,14.0
2514,Commerce,Kandy,9,10,6,0.44731702849863453,51.54226192381134,17.1
2515,Commerce,Galle,10,8,0,0.08972893972973683,51.185772805424904,19.3
2516,English,Gampaha,6,7,10,0.4394928965845372,69.66804652411011,10.9
2517,Physical Science,Gampaha,7,6,7,0.4014866506239005,66.95488704767547,15.2
2518,Bio Science,RemoteArea,3,4,7,0.15488877041461668,57.35224937451881,7.0
2519,Commerce,Gampaha,9,7,7,0.017198540576567778,88.75432008614253,14.7
2520,Arts,Kandy,3,10,8,0.04128655177565849,54.540462809645966,4.8
2521,Commerce,Ratnapura,6,4,14,0.054764133884788735,64.43371064093056,13.2
2522,Physical Science,Galle,4,8,3,0.44539941758023904,32.59874192381265,8.7
2523,Physical Science,Kandy,9,9,14,0.2020179890187378,62.425034442416376,21.0
2524,Bio Science,Gampaha,1,8,15,0.01626487864324716,47.65565161372385,1.0
2525,Technology,Ratnapura,9,8,5,0.2782742310278398,48.75602419813262,16.8
2526,Physical Science,Kandy,4,10,14,0.10399612530349583,37.66210558570265,9.5
2527,Physical Science,Ratnapura,10,8,10,0.11756302130400947,51.612435106632724,21.7
2528,English,Ratnapura,5,4,11,0.08042086745903931,64.37408169886612,10.1
2529,Physical Science,Kandy,1,7,6,0.38101073119935863,59.337273425815546,1.1
2530,Sinhala,Colombo,1,7,1,0.0003064469026363148,54.27841942209958,1.0
2531,Commerce,Colombo,6,8,15,0.21949208194842257,62.626443757765486,11.8
2532,Technology,Jaffna,10,5,5,0.04343558320124169,54.92514381084081,19.2
2533,Physical Science,Ratnapura,1,5,7,0.27618730050227674,62.98094705361055,1.0
2534,Physical Science,Gampaha,2,5,14,0.17299617308067128,65.34660410063239,3.7
2535,Arts,Colombo,3,10,3,0.014175790388214093,65.62470783279976,3.7
2536,Technology,Kandy,7,10,4,0.23048711557752205,58.985566243031,12.0
2537,Arts,Jaffna,2,4,7,0.28529274893240125,56.99510459665793,3.8
2538,Physical Science,Jaffna,5,8,2,0.12382701583135858,72.6733347540613,10.2
2539,Arts,Colombo,9,10,5,0.38275594853552936,71.54310219150555,16.1
2540,Arts,Ratnapura,10,5,13,0.18552438289714163,66.01361462386606,19.7
2541,Commerce,Ratnapura,8,4,0,0.37467325707200716,77.92655137149866,15.1
2542,Arts,Gampaha,8,4,3,0.2895078645043838,62.7397348836615,16.3
2543,Technology,UpCountry,2,3,15,0.4346265339934425,65.08241033894006,4.8
2544,Commerce,Colombo,1,7,13,0.27346239549113577,65.47112765817639,1.1
2545,Physical Science,Colombo,9,6,5,0.09281359666035299,64.97675944938881,19.9
2546,Bio Science,Colombo,10,9,2,0.41129559713934316,47.24199905820198,23.5
2547,Physical Science,Kandy,4,7,0,0.39151762508739524,31.895581126467654,9.6
2548,Bio Science,Jaffna,9,5,5,0.48617790736716326,66.7220670727423,20.2
2549,Bio Science,Kandy,7,6,15,0.046790959553768496,80.01053717244952,15.7
2550,Physical Science,Galle,6,7,13,0.29561558115292463,51.48562341636813,15.0
2551,Bio Science,Gampaha,10,7,2,0.24583449197174118,77.09609150535248,21.5
2552,Physical Science,Colombo,9,8,7,0.3354360577400826,38.803162480087735,21.8
2553,Technology,Colombo,10,9,6,0.4900899240616149,54.618175908920776,19.5
2554,English,Jaffna,4,5,10,0.2661360385578779,90.5902373332624,6.5
2555,Physical Science,Kandy,1,10,6,0.3428693174732146,68.33904728806789,1.0
2556,English,Kandy,5,6,12,0.17360672186102138,61.46283686424246,8.5
2557,Commerce,Jaffna,6,5,11,0.14948524383584127,69.28428752947343,11.1
2558,Physical Science,Kandy,6,6,7,0.16764828284183353,81.44514798876139,12.1
2559,Physical Science,Galle,1,7,6,0.019303946798470695,41.322601164567054,1.0
2560,Commerce,Kandy,7,6,4,0.14237032270629746,81.76789625418034,10.9
2561,Arts,Galle,8,5,9,0.08647319690360106,57.1494520335723,14.1
2562,Arts,Colombo,5,10,7,0.22871398991777842,74.12577389444415,8.1
2563,Physical Science,Jaffna,2,5,13,0.2304123819493657,57.286646611751564,3.0
2564,Physical Science,UpCountry,2,4,7,0.3826149156132518,88.75584982332975,3.9
2565,Bio Science,Gampaha,5,4,10,0.2511458239460145,64.53255495250865,12.0
2566,Physical Science,Galle,7,5,7,0.2315407941616205,43.567748771407466,16.2
2567,Physical Science,Jaffna,7,7,14,0.11581315585024571,74.05114637432638,15.9
2568,Physical Science,Ratnapura,4,7,11,0.42624000507233867,85.01844972690624,7.9
2569,Technology,Kandy,3,7,14,0.04550045284235954,84.82394763058552,3.6
2570,English,Colombo,9,8,9,0.4911479824896431,65.90250555272696,16.7
2571,Bio Science,RemoteArea,7,2,5,0.23803749792574908,74.68112985334967,15.6
2572,English,Galle,2,6,1,0.09299349979786187,54.17647881440367,2.2
2573,Bio Science,Colombo,1,10,7,0.17716402788424146,72.3655648182652,1.0
2574,Bio Science,Colombo,2,7,12,0.00768509135439438,71.44219374192417,2.7
2575,Physical Science,Kandy,3,8,9,0.08326133962911841,21.07100970196462,6.3
2576,Commerce,Gampaha,5,8,15,0.1676699096563386,52.49091738178107,9.1
2577,Sinhala,Ratnapura,3,6,14,0.2772076393759937,70.11766901647712,4.5
2578,Commerce,Kandy,10,10,0,0.06474042232242722,62.47492097634525,18.4
2579,Bio Science,Gampaha,9,7,8,0.3379816480915578,63.56383763461028,20.2
2580,Commerce,Colombo,10,9,8,0.4221382449945899,65.34061927963452,20.0
2581,Physical Science,Galle,4,5,5,0.28616980523695296,80.61501480130073,6.9
2582,Technology,UpCountry,7,4,9,0.14845072361261208,69.81183327972522,13.9
2583,Commerce,Galle,4,7,5,0.06069616274293571,27.51060726491763,7.2
2584,Bio Science,Galle,3,4,5,0.007767531491974011,91.7156446371136,5.0
2585,Commerce,Colombo,10,9,10,0.3659011664991434,36.401808440233694,19.3
2586,Commerce,Colombo,1,9,3,0.3142396841563619,75.87213938563086,1.0
2587,Physical Science,Colombo,9,8,0,0.23814170301768695,36.5352174226295,20.9
2588,Commerce,Galle,1,8,15,0.05099777611006895,88.85159965304732,1.0
2589,Physical Science,UpCountry,1,2,0,0.10351259063198309,55.83001430875274,1.9
2590,Arts,Jaffna,1,4,0,0.4075861518433211,65.7641633417414,1.6
2591,Technology,Galle,5,8,4,0.23992573401018474,32.207601072920355,9.9
2592,Technology,Kandy,7,8,12,0.48141642980968635,76.94344747939711,13.5
2593,Commerce,Gampaha,7,7,14,0.4999860736839912,73.24453318115006,13.8
2594,Commerce,Gampaha,10,8,6,0.4003535631827939,72.25984900185976,18.5
2595,Physical Science,Ratnapura,1,4,0,0.12909180495354722,74.24424935407241,1.7
2596,Arts,Ratnapura,6,4,0,0.11555748109006081,62.67763304247952,11.5
2597,Physical Science,Jaffna,9,7,13,0.1268171602119113,63.339378949574964,22.4
2598,Bio Science,Gampaha,6,7,12,0.4933925394082763,53.83639730100628,16.0
2599,Physical Science,Kandy,4,7,11,0.1676702390341458,58.853286842846245,9.5
2600,Physical Science,Kandy,10,10,10,0.3532233718223445,83.09741929282977,21.9
2601,Commerce,Colombo,9,9,11,0.47950885490568046,52.93315564152227,18.8
2602,Physical Science,Gampaha,3,5,5,0.40979807338431,34.85356341440021,7.4
2603,Arts,Gampaha,10,6,10,0.29880190456532635,50.18700609901873,18.5
2604,Bio Science,Gampaha,4,4,1,0.08448276233586605,69.59064019536554,9.8
2605,Physical Science,Galle,4,8,1,0.0874691223391732,55.9572163459385,8.3
2606,Commerce,Gampaha,4,6,11,0.24621154278419166,74.56740484462968,6.4
2607,Physical Science,Kandy,6,10,12,0.4759722479371215,35.99308379352922,15.6
2608,Physical Science,Galle,7,8,6,0.4522468478753274,18.261871313949285,17.4
2609,Arts,Galle,9,7,14,0.08309602772720853,70.96162854559746,17.2
2610,Physical Science,Galle,3,5,8,0.14385987238742043,79.07039330102498,5.4
2611,Technology,Colombo,8,10,7,0.2944056577779876,37.83507166104484,16.0
2612,Physical Science,Ratnapura,8,6,1,0.23871524612648243,68.39064829009739,17.3
2613,Physical Science,Colombo,1,10,15,0.05968140468825617,85.35395360368065,1.0
2614,Arts,Colombo,5,7,13,0.18465359349915972,66.43424687133694,8.9
2615,Bio Science,UpCountry,10,2,6,0.4773571838276483,76.51636259004306,23.3
2616,Physical Science,Kandy,5,10,4,0.47572111237225134,64.8561145122707,10.0
2617,Bio Science,Ratnapura,8,6,12,0.27971294051329576,62.05598437089667,19.2
2618,Physical Science,Colombo,8,6,10,0.3176306523386138,77.31523311513318,16.8
2619,Technology,Colombo,2,6,9,0.11095314042947879,93.19196378373725,2.0
2620,Bio Science,Kandy,3,9,11,0.37097636321031563,57.132382866731646,6.3
2621,Arts,Jaffna,2,7,13,0.026248093567440678,65.1840249947565,2.3
2622,Technology,Galle,1,8,12,0.11034109408196546,51.13971817810123,1.0
2623,Bio Science,UpCountry,2,4,3,0.0029418438325041762,63.82820316669201,5.1
2624,English,Colombo,10,9,11,0.1928506293756344,63.15400945824375,20.0
2625,Bio Science,Gampaha,6,5,13,0.42513059935104586,83.87677915055282,13.0
2626,English,Colombo,1,7,9,0.4912532385549848,85.79622252997319,1.0
2627,Physical Science,Gampaha,6,4,13,0.3338779876902786,78.31978179930614,15.4
2628,Commerce,UpCountry,1,2,3,0.3724333427132162,77.2014651657208,2.3
2629,Bio Science,Kandy,2,6,14,0.13137478910747002,56.427456749818724,3.4
2630,Bio Science,Jaffna,8,5,3,0.2601663467444074,47.176021228497,18.2
2631,Commerce,Gampaha,6,7,8,0.3682889494126824,70.55226063586774,9.6
2632,Arts,Ratnapura,9,7,6,0.24863791298338955,63.300303858919285,16.8
2633,Physical Science,Ratnapura,1,8,6,0.04427319605702296,92.98783321976472,1.0
2634,Physical Science,Kandy,5,8,13,0.3704320965821546,37.67533275606871,12.5
2635,Arts,Jaffna,7,5,3,0.10978219593737598,70.7937120930593,11.7
2636,Commerce,Colombo,9,6,8,0.0488488354688279,73.04576177723413,15.5
2637,English,Jaffna,9,6,7,0.239028974412691,52.07063305625381,17.2
2638,Arts,Galle,4,4,9,0.03730453889980656,49.986342524952605,7.4
2639,English,Gampaha,4,6,3,0.3147218334908269,56.41107242641649,7.1
2640,Arts,Jaffna,4,6,12,0.3202366251566226,41.37733177128577,7.1
2641,Physical Science,Gampaha,3,7,5,0.12835098656650462,84.35999206202666,3.7
2642,Physical Science,Jaffna,8,8,3,0.48226721090379676,100.0,17.5
2643,Arts,Galle,5,8,0,0.412225793373245,54.8807350744467,8.5
2644,Commerce,RemoteArea,7,2,4,0.05479347894986375,52.410572312006394,13.9
2645,Physical Science,Gampaha,10,5,9,0.3742560636695475,44.837124743068436,23.1
2646,Bio Science,Gampaha,6,8,13,0.1765373438049172,50.05794866724709,14.5
2647,English,Colombo,9,7,10,0.37514426082447944,56.15833367495344,16.9
2648,Commerce,Colombo,3,6,2,0.40039739617630443,79.13151911271451,4.7
2649,Bio Science,Jaffna,6,5,0,0.07568902803023081,100.0,10.5
2650,Bio Science,UpCountry,3,4,1,0.3309209924189513,49.65761053812321,8.0
2651,Physical Science,Gampaha,2,6,1,0.4313649802446543,46.96919904052608,4.1
2652,Bio Science,Colombo,3,6,7,0.1616868120253367,45.98010185131337,5.2
2653,Bio Science,Colombo,2,7,15,0.040164152090482186,74.26184143613746,2.4
2654,Physical Science,Gampaha,2,5,3,0.013633739969599379,66.66331367756925,1.8
2655,Arts,Colombo,10,6,15,0.05500048019836429,69.01388703471204,18.7
2656,Bio Science,Colombo,7,10,2,0.0021029606415069457,54.335444243966826,14.8
2657,Technology,Jaffna,10,7,3,0.16347297119641413,81.88807048745537,18.2
2658,Technology,Ratnapura,3,8,9,0.14966429398122405,75.9639154396167,3.9
2659,Physical Science,Kandy,8,9,0,0.05517063384370907,70.81295729773151,17.6
2660,Commerce,Galle,2,5,0,0.32555893905139893,65.55357940493741,2.5
2661,Bio Science,Colombo,7,9,4,0.49595317891980495,59.15916766370102,16.6
2662,Technology,Kandy,3,9,6,0.45046320742229423,52.27247603796499,5.9
2663,Physical Science,Jaffna,9,5,8,0.12642529983852746,71.79857523315295,19.0
2664,Commerce,Jaffna,7,6,6,0.3849908164857735,69.3474398640689,12.5
2665,Commerce,Gampaha,9,7,10,0.46843163164250956,73.50786704928228,16.1
2666,Physical Science,Gampaha,2,4,4,0.45318211852277424,38.533490227536504,5.8
2667,Physical Science,Galle,6,8,2,0.4422747606556442,66.0891721445649,13.9
2668,Commerce,Galle,5,5,7,0.3932252560887967,58.86999728987982,8.5
2669,Arts,Gampaha,2,5,15,0.14649573805552374,54.3210419059461,2.1
2670,Bio Science,Colombo,4,9,11,0.04178153310539612,76.42640416329984,7.3
2671,Commerce,Ratnapura,4,6,6,0.24390967642297762,65.65905585448324,6.1
2672,Bio Science,Ratnapura,8,6,3,0.027395567178168434,96.81185079590665,17.9
2673,Arts,Kandy,7,10,0,0.4992368422675144,67.26723241649027,13.5
2674,Physical Science,Ratnapura,5,8,12,0.1791548415323692,61.541690581258365,9.9
2675,Technology,Gampaha,9,6,2,0.4791699591944471,59.37571746334152,17.0
2676,Physical Science,Galle,1,6,10,0.3865604959504578,47.42148095550779,1.3
2677,Bio Science,Colombo,4,8,7,0.2056454768453999,81.96272267779564,7.8
2678,Physical Science,Galle,5,7,1,0.05915570635801981,65.22477928558934,9.4
2679,Physical Science,Jaffna,8,4,8,0.11859654517235801,68.98194520439718,18.1
2680,Commerce,Colombo,3,10,13,0.33652228807470125,50.53672303715488,5.1
2681,Physical Science,Jaffna,5,5,3,0.41496760168937763,73.1850177413794,10.0
2682,Technology,Jaffna,3,6,14,0.4897202459156589,52.96903047349806,6.0
2683,Physical Science,Gampaha,7,6,15,0.06608109200685225,59.191357332397395,16.3
2684,Bio Science,Colombo,10,6,13,0.07797367269246802,68.38156850394903,24.6
2685,Bio Science,Kandy,3,8,15,0.02121973834507318,58.78581798056925,5.4
2686,Physical Science,UpCountry,7,6,6,0.13018226275109435,51.11504534211632,15.8
2687,Physical Science,Kandy,2,8,9,0.41053371940565536,63.74797052351896,2.9
2688,Bio Science,Colombo,7,6,11,0.09912842836545382,80.65010205601095,16.0
2689,Bio Science,Jaffna,9,7,6,0.2739323749475345,76.42614394984294,19.4
2690,Bio Science,Gampaha,5,8,11,0.22320359900300996,76.11123322416333,11.3
2691,Commerce,Kandy,6,9,7,0.162913121170068,70.79359750336707,8.7
2692,Commerce,Jaffna,10,5,6,0.30917320672723203,55.86653911137954,18.4
2693,Physical Science,Kandy,3,6,10,0.2511628946650978,81.81308874188933,5.6
2694,Bio Science,Galle,10,5,3,0.16738158674229103,35.46146194569745,23.1
2695,English,Jaffna,5,5,12,0.34442544256000246,72.50683907456622,8.2
2696,Commerce,Kandy,5,7,11,0.13998409551926994,78.1194247617348,8.1
2697,Commerce,Colombo,3,7,6,0.3215916698972405,61.64562646648231,4.8
2698,Bio Science,Galle,8,4,4,0.47862293417077545,51.16562352870999,19.5
2699,Arts,UpCountry,6,5,14,0.3644759895907582,66.44411465920432,12.1
2700,Arts,Colombo,3,8,11,0.209199779818164,54.136074539278134,5.6
2701,Commerce,Gampaha,1,5,9,0.3737796606012625,72.21390986524716,1.0
2702,Sinhala,Colombo,10,8,6,0.4046209084000751,77.1860048698946,18.8
2703,Physical Science,Galle,1,6,2,0.1629202334989877,67.70034672952983,1.0
2704,Physical Science,Jaffna,10,5,9,0.3525661078291443,70.30703325483967,23.1
2705,Arts,Colombo,2,10,10,0.21719809803670737,76.40476335213482,2.4
2706,Technology,Galle,10,6,6,0.40926124089093435,76.1383395988338,18.2
2707,Physical Science,Colombo,5,10,6,0.1476887975876804,51.325894357192496,9.8
2708,Physical Science,Galle,7,7,1,0.4688798350122163,37.430100850588005,15.3
2709,Physical Science,Gampaha,1,6,7,0.2873934686319867,67.66829985881007,1.2
2710,Physical Science,Gampaha,1,4,6,0.17665165696785762,76.86578546641152,1.0
2711,Arts,Colombo,4,9,8,0.20968563435591103,40.28652327483335,6.6
2712,Commerce,Colombo,10,9,11,0.17389930665701625,66.53248114524541,20.1
2713,Bio Science,Jaffna,6,8,3,0.07312316792857765,78.42503519591926,11.3
2714,Bio Science,Kandy,9,7,8,0.03424619844373461,62.253128557450374,20.8
2715,Physical Science,Colombo,1,6,0,0.16088934756913048,82.81701442109527,1.0
2716,Physical Science,Colombo,10,6,4,0.22934522053909495,82.00758386217997,22.5
2717,Commerce,Ratnapura,5,8,9,0.1809084697180095,61.75931179864082,8.8
2718,Sinhala,Jaffna,9,8,6,0.006959751833656103,57.48390444626617,14.8
2719,Technology,Jaffna,8,7,3,0.28950312297623926,56.25996005005129,15.1
2720,Physical Science,Ratnapura,7,8,12,0.07240823994547035,68.02282393538863,16.1
2721,Technology,Kandy,10,7,14,0.105502639280808,49.39744806126105,20.4
2722,Arts,Ratnapura,2,7,6,0.060374267140600235,42.62443403143877,2.7
2723,Arts,UpCountry,9,5,13,0.26021636501425843,32.42757852255314,19.7
2724,Bio Science,UpCountry,8,5,11,0.04757964620701005,65.1827054018117,19.6
2725,Bio Science,Jaffna,10,4,14,0.1281786245919564,97.58327402732843,24.1
2726,Bio Science,UpCountry,10,2,8,0.2258543588099965,34.14223076585267,24.9
2727,Physical Science,Galle,9,7,12,0.0838544425859356,63.23755683788584,22.3
2728,Physical Science,Galle,9,5,13,0.22312068085091652,63.28688898763493,21.8
2729,Physical Science,Kandy,9,8,4,0.17136756285869598,59.719006242136246,20.1
2730,Bio Science,Gampaha,3,7,4,0.43029858868480286,80.85201874095038,5.5
2731,Arts,Colombo,7,10,1,0.39745160631414467,47.17395686385036,14.3
2732,Bio Science,Gampaha,1,6,13,0.4964272917327658,37.30620210499046,2.6
2733,Physical Science,Kandy,9,6,4,0.26445586648272373,53.98575422756181,21.4
2734,English,Colombo,9,6,7,0.28769854677877504,53.482484959274785,17.7
2735,English,Colombo,3,8,3,0.4733229240578664,28.03630487938846,5.9
2736,Arts,Gampaha,5,8,1,0.19979610734375924,64.1823009425528,8.4
2737,Sinhala,Colombo,8,6,7,0.2778413422540961,45.7098105918905,16.1
2738,Commerce,Kandy,6,6,15,0.18954274786273684,66.25350727665295,10.6
2739,English,UpCountry,10,5,3,0.27293035294904644,56.05739911772747,19.1
2740,Physical Science,Jaffna,10,5,13,0.04038321625876973,50.38976042915478,25.0
2741,Bio Science,Jaffna,9,8,15,0.3918970466718657,80.85940764285274,21.4
2742,Physical Science,Kandy,3,9,12,0.49263997371452195,61.7781014438774,6.4
2743,Physical Science,Gampaha,7,5,4,0.03287020121977696,62.814073505433164,14.7
2744,Physical Science,Colombo,6,6,13,0.4005198651157372,75.29609384754167,14.2
2745,Commerce,Galle,5,5,11,0.12086740024751685,69.82752468574215,9.4
2746,Arts,Colombo,4,6,6,0.09877352663849065,65.17500168874767,6.4
2747,Commerce,Ratnapura,5,7,10,0.34668519913672824,52.63712054466839,8.3
2748,Physical Science,Galle,4,4,4,0.022066124278290855,45.316321015184805,10.4
2749,Technology,Colombo,3,7,12,0.2316196736261802,68.36771267383766,5.2
2750,Commerce,Gampaha,7,7,14,0.0007222329576606623,52.571267341041946,13.4
2751,Bio Science,Ratnapura,6,5,9,0.27719701432323696,76.41661663489091,12.1
2752,Commerce,Colombo,4,7,3,0.23104083386581165,59.55690388271811,6.0
2753,Physical Science,Colombo,9,8,14,0.45774130334033625,76.72918037475816,22.4
2754,Bio Science,Ratnapura,1,4,15,0.36013595139220766,52.71341795592081,2.1
2755,English,Jaffna,1,4,6,0.06300308593947063,45.88202803508738,2.6
2756,Physical Science,Galle,9,5,12,0.17726997987597365,91.18309683752156,20.5
2757,Bio Science,Gampaha,7,4,3,0.4657898848394059,59.2579695839683,17.4
2758,Technology,Galle,2,8,9,0.36266707363704487,78.19824388070423,1.0
2759,Arts,Colombo,10,6,11,0.2971375574931445,44.32119387138637,20.1
2760,Physical Science,Gampaha,5,7,3,0.27953579539345086,57.254575883544476,10.3
2761,Physical Science,Colombo,4,6,14,0.19904923320193868,86.53541327352998,7.3
2762,Physical Science,Kandy,1,10,1,0.2926007313344888,37.030657305769786,2.1
2763,Commerce,Gampaha,9,5,4,0.3858322074337952,96.12973159146483,15.7
2764,Bio Science,Kandy,6,6,7,0.06376883817818374,66.53808175701585,13.3
2765,Physical Science,Galle,6,7,3,0.48491531982406233,49.21597723834122,14.0
2766,English,Kandy,4,10,10,0.11968243454448724,70.279230896159,5.6
2767,Commerce,Kandy,2,8,12,0.22387134071868747,82.63703553559283,2.4
2768,Physical Science,UpCountry,8,3,14,0.011357812323890992,54.61659363405229,20.6
2769,Commerce,Colombo,8,7,1,0.2751729614792427,50.26956744736998,14.6
2770,Commerce,Gampaha,3,5,8,0.1909334236308119,67.73695077223351,4.1
2771,Physical Science,Jaffna,7,8,5,0.12487793613649917,69.44531197001083,15.5
2772,Physical Science,Kandy,7,6,2,0.4927621268911779,58.0234366841512,16.4
2773,Technology,Colombo,5,6,12,0.21407057133613722,72.03509595235083,9.3
2774,Bio Science,Gampaha,5,4,13,0.20714818179694855,79.30323834954521,13.3
2775,Commerce,Gampaha,8,4,9,0.23155163224048808,67.09961604729125,16.2
2776,Bio Science,Gampaha,4,5,10,0.058076889533080656,54.627872297412324,7.3
2777,Physical Science,Colombo,1,8,4,0.19654805490747257,61.685945768945494,1.0
2778,Physical Science,UpCountry,1,3,5,0.1682021295527807,88.84359370445397,2.1
2779,Bio Science,Galle,9,6,15,0.23256222938127719,72.49605324871467,20.8
2780,Physical Science,Gampaha,4,6,8,0.42831058342064104,82.60353554912363,7.7
2781,Physical Science,Jaffna,1,4,4,0.09639269727955341,54.2849178482493,1.7
2782,Technology,Galle,2,7,15,0.3038696628598113,71.43961455319317,2.5
2783,Sinhala,Colombo,10,10,8,0.01881854487596407,75.91472563677318,18.1
2784,Arts,Colombo,7,9,0,0.15839625105001048,82.46636518097112,12.2
2785,Technology,Kandy,2,8,11,0.23632880954634622,83.91383094609239,1.7
2786,Physical Science,Galle,1,7,14,0.03713957539877821,50.21099045326852,1.2
2787,English,Ratnapura,10,6,9,0.27198396731175045,81.77778563785202,17.1
2788,Physical Science,RemoteArea,9,3,3,0.15516281053604003,86.79000367220144,19.6
2789,English,Gampaha,5,5,0,0.4964050067961564,51.37658275745075,9.8
2790,Sinhala,Gampaha,4,4,1,0.3154847510928357,47.08299530392435,7.0
2791,Arts,Colombo,4,10,1,0.12208759800785868,60.13348075157002,5.9
2792,Sinhala,Colombo,1,7,9,0.051336622723767766,67.19246554624584,1.0
2793,Commerce,Galle,3,8,10,0.02035988968576974,59.74896257737835,4.2
2794,Physical Science,UpCountry,1,2,4,0.0453866321876058,44.19897766433651,1.1
2795,Bio Science,Gampaha,5,8,0,0.34002976351446673,82.08609021117267,10.2
2796,Commerce,UpCountry,5,3,9,0.42749613799717,51.60058956096772,10.2
2797,Physical Science,Galle,9,5,13,0.07836655735553893,58.89608638397379,21.8
2798,Commerce,Gampaha,8,7,2,0.20106722677637723,62.63688179148042,14.0
2799,Sinhala,Jaffna,5,7,10,0.17711767159794578,42.91279854359861,8.6
2800,Physical Science,Gampaha,5,7,5,0.32225904559403634,39.266588474563044,10.4
2801,Arts,Kandy,7,10,0,0.09133894086183475,53.524714501026544,12.2
2802,English,Ratnapura,2,5,11,0.4766596552237557,77.88445276913632,3.1
2803,English,Jaffna,7,4,10,0.3642781909453282,67.8200526957259,13.8
2804,English,Ratnapura,1,6,0,0.4775359394423226,29.10906060718862,1.8
2805,Commerce,Galle,5,5,2,0.13868462247668323,81.84225261274538,7.2
2806,Sinhala,Galle,6,7,8,0.2938578189292778,75.9611405255786,9.4
2807,Arts,Colombo,10,9,1,0.3661339685551678,63.36520738191384,18.1
2808,Physical Science,Gampaha,1,8,14,0.3554781113838669,69.46291098416938,1.0
2809,Bio Science,Gampaha,9,7,11,0.01067304971418176,75.60124341127393,22.2
2810,Arts,Kandy,9,10,5,0.49914458174494253,97.3947828676041,16.2
2811,Physical Science,Colombo,1,6,2,0.4640299863843925,74.2078629746104,1.2
2812,Commerce,Kandy,4,9,5,0.05987604063630536,66.9425133980963,6.9
2813,Commerce,Colombo,8,10,15,0.2717833871475852,49.09348480367769,16.6
2814,Physical Science,Ratnapura,2,7,10,0.15727822765970806,67.46778548093198,3.4
2815,Commerce,Ratnapura,8,8,10,0.43944700796214325,76.59968261229687,14.4
2816,Arts,Colombo,10,7,6,0.34875981529407707,61.27223814381196,18.9
2817,Bio Science,Galle,9,8,12,0.11175857836619651,58.15821736690275,21.1
2818,Physical Science,RemoteArea,9,4,12,0.016930572683645395,74.30468676354701,22.6
2819,Physical Science,Gampaha,1,4,6,0.14587090130738706,48.1791364717369,2.3
2820,Bio Science,Kandy,9,7,13,0.019068636403919037,79.51945531120359,20.6
2821,English,Colombo,4,6,1,0.07065535649918114,53.966548436708905,6.0
2822,Physical Science,Kandy,8,7,2,0.3180690208068557,29.16305434891948,19.6
2823,Commerce,Colombo,9,9,15,0.37254253405901244,60.678690517354646,18.1
2824,Physical Science,Kandy,3,10,3,0.23400845000287968,60.643128782134994,5.6
2825,Bio Science,UpCountry,6,5,7,0.3001439353470643,71.78740787509398,13.7
2826,Technology,Colombo,3,6,4,0.07794251813300473,68.5557679790157,4.3
2827,Arts,Galle,1,4,0,0.15839758526635356,40.64324152760217,2.5
2828,Physical Science,Ratnapura,10,5,8,0.35644192363887695,65.8314104877019,23.0
2829,Bio Science,Gampaha,6,4,0,0.18244555804254753,51.98992440227609,14.2
2830,Physical Science,Colombo,5,10,1,0.17440561179389474,55.096680966497175,10.3
2831,Bio Science,Gampaha,3,4,6,0.09699631851302282,48.026518567587786,7.1
2832,Commerce,Colombo,4,9,10,0.29741243803262063,64.23639494576105,6.6
2833,Physical Science,Gampaha,2,8,2,0.404769303009599,100.0,2.5
2834,Physical Science,Gampaha,10,4,5,0.23472251430281782,90.34663473375707,22.5
2835,Bio Science,Gampaha,10,6,15,0.0577696282355446,52.519414712167034,24.8
2836,English,Jaffna,4,6,7,0.41918371595472476,64.48916504006012,7.0
2837,Sinhala,UpCountry,4,5,4,0.035698552300766684,57.290215948413824,5.9
2838,Physical Science,Gampaha,3,5,0,0.2358636866006003,62.13039985448642,5.5
2839,Arts,Colombo,6,7,9,0.1305386680786232,78.24463659755189,9.1
2840,Bio Science,Colombo,1,6,13,0.4681590781600423,64.5601632135839,1.0
2841,Bio Science,Galle,9,8,11,0.36877159897426975,54.81653388007277,21.9
2842,Arts,Kandy,10,7,2,0.28320449148396015,78.34726082677952,18.3
2843,English,Gampaha,3,6,10,0.33387772034467805,46.489516213165246,5.4
2844,English,Colombo,3,7,1,0.26636363140624525,63.339557879306625,5.4
2845,Commerce,Gampaha,3,6,5,0.07380047260970496,40.208454256428375,4.8
2846,Bio Science,Colombo,7,7,13,0.35454933999826915,51.108902609391976,17.3
2847,Arts,UpCountry,8,5,4,0.2463369761347457,73.17183175046317,14.2
2848,Physical Science,Galle,2,8,6,0.31715463566136703,52.80912847425072,3.1
2849,Commerce,Ratnapura,1,4,1,0.022600831988634995,32.35157435294993,2.9
2850,Bio Science,Kandy,5,8,13,0.07101739628162657,55.65964315113132,11.5
2851,Commerce,Colombo,8,7,12,0.29468523796599516,53.55343544081323,15.8
2852,Physical Science,Gampaha,3,4,5,0.22971445154147468,43.5645134095135,7.9
2853,Physical Science,Galle,6,6,10,0.11343683447682701,73.25130071113148,12.6
2854,English,Kandy,3,8,4,0.1203804602667774,38.797809776570546,4.3
2855,Physical Science,Gampaha,6,7,5,0.31582915627797126,53.68093777185089,13.8
2856,Commerce,Colombo,4,7,14,0.02948351346453698,69.00111758145383,6.1
2857,Physical Science,Galle,7,4,14,0.21712917211178662,61.858151484658336,16.8
2858,Physical Science,Kandy,10,7,4,0.2615517523633047,55.93714079580569,23.1
2859,Physical Science,Gampaha,1,5,6,0.15407130137116704,52.15940796445869,1.6
2860,Physical Science,Colombo,1,10,4,0.41027491424616813,43.71820065314145,1.2
2861,Technology,Gampaha,5,6,14,0.02838479128442173,57.44858747766899,8.1
2862,Physical Science,UpCountry,9,4,13,0.4328913926234754,76.36339114056805,24.1
2863,English,Kandy,5,10,12,0.3616314964438854,59.48932248637725,9.2
2864,Commerce,Gampaha,4,8,6,0.22312718946659843,65.50381324157006,6.9
2865,Bio Science,Kandy,8,7,0,0.4622336951062539,76.75677081539658,16.7
2866,Commerce,Galle,5,6,14,0.3511191482473584,75.99706189758791,9.6
2867,Commerce,Gampaha,1,4,8,0.4655226748295219,44.85580207231959,3.5
2868,Arts,Colombo,7,9,5,0.23629488970778306,69.21939823521231,12.4
2869,Physical Science,Kandy,4,10,8,0.22648655049769306,79.71504272603482,6.4
2870,Bio Science,Jaffna,10,4,0,0.26537131572308936,51.26701117846821,24.1
2871,Technology,Jaffna,5,4,1,0.03271335199290132,36.715637904783826,10.8
2872,English,Galle,6,5,6,0.4542471256683181,56.38956626031461,10.2
2873,Technology,Gampaha,7,8,3,0.3338585258209254,64.32083568318536,12.3
2874,Bio Science,Ratnapura,2,4,13,0.3087928389546843,75.38611991088837,5.0
2875,Arts,UpCountry,1,5,12,0.4632317682352818,58.188805422389315,1.0
2876,Bio Science,Gampaha,3,4,9,0.49681858880419333,33.967673163940376,9.2
2877,Bio Science,Kandy,10,9,13,0.08169669532923846,47.35387365843148,25.4
2878,Physical Science,Jaffna,1,7,0,0.37449849245251177,65.39881400238993,1.1
2879,Commerce,Kandy,4,9,4,0.28997258724419306,91.86012033682167,5.7
2880,Physical Science,Colombo,6,10,3,0.2304985942951398,61.17080381938804,12.6
2881,Bio Science,Galle,5,7,5,0.4888063008235728,82.19315941450435,10.5
2882,Technology,Galle,4,8,12,0.4251315055775566,50.14567249546017,7.5
2883,Physical Science,Kandy,7,6,6,0.3483749920467346,53.285418018858124,15.6
2884,Physical Science,Gampaha,6,7,14,0.19133808359506976,31.89573317412769,14.8
2885,Physical Science,Colombo,3,8,10,0.3330204020773422,70.54471153934448,6.2
2886,English,Ratnapura,9,4,2,0.2658470617797018,47.59562921245662,19.0
2887,Commerce,Gampaha,5,6,5,0.12468422487134939,71.48651519624616,7.4
2888,Bio Science,Gampaha,10,6,1,0.22519066157283707,52.96525848497492,23.4
2889,Technology,UpCountry,1,3,11,0.1061059840508562,95.82719507702541,1.0
2890,Technology,Galle,6,8,9,0.2502101466025923,91.39802469706962,10.4
2891,Bio Science,Jaffna,5,5,12,0.36011903797256023,31.449439014713768,13.6
2892,Commerce,Kandy,10,10,3,0.018323111909564482,70.36816226935453,18.8
2893,Arts,Colombo,8,7,13,0.382689854659326,55.350527716984956,16.5
2894,Commerce,RemoteArea,4,2,9,0.009996996004171643,74.20329833720943,6.9
2895,Physical Science,Gampaha,1,6,12,0.25863885147966265,45.84380067144109,1.3
2896,Technology,Colombo,2,6,8,0.2867383535750817,85.6185082966599,1.9
2897,Commerce,Gampaha,8,8,12,0.3806217298138954,81.46038448646027,14.9
2898,Physical Science,Galle,10,6,6,0.38051441167040845,41.79371565169537,22.2
2899,Bio Science,Galle,8,6,1,0.20872772292145308,57.78034068698649,17.5
2900,Physical Science,Ratnapura,5,8,5,0.03318625544921733,64.93594088882176,9.9
2901,Physical Science,Galle,6,4,13,0.3467500763879086,77.28977424400279,15.6
2902,Arts,Colombo,2,8,3,0.2554930036962091,61.32077816393307,2.7
2903,Physical Science,Ratnapura,9,4,7,0.16652922833155076,75.29558280170109,21.0
2904,Bio Science,Galle,6,4,11,0.11743689137649521,64.43851008086122,15.9
2905,Commerce,Galle,9,4,7,0.05987910655523787,72.67658427613051,16.8
2906,Physical Science,Kandy,10,8,15,0.14757124860430265,46.98202298468645,24.6
2907,Sinhala,Kandy,3,9,0,0.2292448125626465,59.61012679172457,5.5
2908,Physical Science,Galle,6,5,7,0.23880458408962613,80.75183945576832,10.6
2909,Bio Science,Galle,10,8,9,0.291369465707393,85.66630967260495,22.3
2910,Bio Science,Galle,5,4,6,0.1812342846770253,65.59559452418506,12.0
2911,Physical Science,Kandy,9,8,13,0.45994893461939823,65.0129730669853,22.3
2912,Physical Science,RemoteArea,10,6,13,0.247934806541309,87.02051453927356,24.2
2913,Arts,RemoteArea,1,5,0,0.2118625200592278,58.48607436394476,1.0
2914,English,Colombo,9,9,2,0.024083984175741535,78.16790733158955,14.7
2915,Physical Science,Galle,5,6,13,0.2995075410664419,64.90035015297693,10.9
2916,Commerce,Gampaha,1,4,4,0.30143446803335927,62.59997859879329,1.8
2917,Arts,Gampaha,10,7,2,0.2916448150153515,44.429224402545834,18.0
2918,Technology,Kandy,8,9,2,0.44379845880411023,42.260761642044955,15.5
2919,Bio Science,Ratnapura,7,7,0,0.381450416294645,74.67194186699733,15.4
2920,Bio Science,Kandy,6,8,7,0.4337028097962134,89.34228613162786,12.9
2921,Bio Science,Galle,2,8,8,0.02971127845496535,65.58568779300091,2.7
2922,Arts,Colombo,5,7,4,0.15906321612742097,59.50712739858367,8.0
2923,Technology,Gampaha,3,6,15,0.15935597184735234,82.83962366300872,4.0
2924,Physical Science,UpCountry,2,2,0,0.32852252888431,65.06047498721699,4.7
2925,Bio Science,Gampaha,10,6,0,0.2243075243522551,24.025161215592234,24.0
2926,English,Gampaha,1,6,8,0.3887363016260209,78.90508516692944,1.0
2927,Technology,Gampaha,9,5,13,0.19221528332784737,46.44643605187532,18.9
2928,Sinhala,Kandy,2,7,0,0.11080378865620438,59.82419499580807,2.1
2929,Arts,Kandy,1,7,8,0.1454755341471392,57.37770377776969,1.0
2930,Bio Science,Galle,7,8,14,0.09123486307540718,57.39012135793995,16.6
2931,Commerce,Gampaha,9,6,2,0.09894634588145002,61.7040632688221,15.8
2932,Commerce,Galle,6,4,2,0.10841945771532574,74.40441306243396,11.1
2933,Physical Science,Kandy,8,7,12,0.008047355753612262,66.46981669516606,19.1
2934,Commerce,Gampaha,7,5,3,0.35804401738127273,82.64842140080444,11.3
2935,Arts,Jaffna,9,6,4,0.19980117113556778,85.01001317271137,15.5
2936,Physical Science,Jaffna,7,4,5,0.011335665940914452,85.3730645688918,16.0
2937,Arts,Kandy,6,7,13,0.18500377223292014,65.66228880781135,11.4
2938,Commerce,Ratnapura,1,6,5,0.452684063557706,55.32673196591347,1.0
2939,English,Colombo,9,9,9,0.2556221584837224,63.994537136929466,16.5
2940,Physical Science,Colombo,10,10,12,0.4933760056731753,82.8798325866849,23.7
2941,Physical Science,Colombo,5,8,14,0.2699797159390281,82.9804516275839,10.8
2942,Commerce,Jaffna,2,5,12,0.481399499525532,27.07188482437035,5.1
2943,Physical Science,Ratnapura,8,4,8,0.10090036440220634,68.58773910937553,18.7
2944,Arts,Galle,4,7,0,0.1449674063596838,24.479813257094655,6.9
2945,Arts,Colombo,3,6,8,0.3499850550898807,63.71397611849005,4.5
2946,Physical Science,Gampaha,1,4,3,0.4934108084997233,53.56494479207062,3.2
2947,Commerce,Kandy,5,6,6,0.412648705509688,50.446202572415714,9.7
2948,Commerce,Colombo,3,8,14,0.27685263833787555,79.73883458725463,4.8
2949,Bio Science,Galle,4,6,5,0.04257630717945765,52.790708598941244,7.4
2950,English,Ratnapura,9,8,8,0.18218955499989697,63.85743027732403,16.1
2951,Technology,Gampaha,7,7,1,0.0432128502982953,46.5144822196083,12.7
2952,Commerce,Galle,5,4,14,0.15564068093325223,68.10582836027386,10.2
2953,Arts,Kandy,8,7,10,0.12939605033266227,79.395956193774,13.9
2954,Bio Science,Colombo,6,6,1,0.1942776483183592,47.33184968778838,12.5
2955,English,Gampaha,10,7,6,0.41863829499495947,72.59904770748382,18.5
2956,Commerce,Jaffna,2,4,14,0.07518833565519006,67.8472936631334,4.2
2957,Arts,RemoteArea,7,4,11,0.15303197442680377,66.20979607066008,15.0
2958,Technology,Galle,1,6,8,0.13055862216080377,58.7438822429204,1.0
2959,Physical Science,Gampaha,3,7,4,0.1480708235684539,73.60110819062922,5.5
2960,Technology,RemoteArea,1,6,6,0.1803117374035461,73.06376714156886,1.0
2961,Physical Science,Ratnapura,1,4,10,0.12215587496681923,62.99847745671586,2.4
2962,Bio Science,Ratnapura,5,7,7,0.4712906361115616,66.54017434671333,10.7
2963,Bio Science,Galle,6,5,13,0.2100508569563273,77.64464241831635,13.0
2964,Sinhala,Colombo,3,7,7,0.05705663259863408,71.62278825331455,4.2
2965,Technology,Ratnapura,3,8,3,0.23382930501366045,56.90044988919379,5.3
2966,Arts,Colombo,3,8,9,0.09221595093067936,81.9856176165367,4.0
2967,Arts,Gampaha,1,7,6,0.10806532125065998,75.96206727968773,1.0
2968,Commerce,Jaffna,5,4,0,0.14252070882241635,91.66858528200825,9.0
2969,English,Kandy,1,9,3,0.062379928012973374,37.95645868369199,1.0
2970,Bio Science,Colombo,10,10,11,0.36055946629,76.02978458974233,24.3
2971,Bio Science,Kandy,10,9,12,0.39597323736562445,83.28134325375144,23.8
2972,Physical Science,UpCountry,3,6,15,0.19714246095780003,82.57750667389286,4.3
2973,Arts,Galle,6,8,13,0.3444962697167726,62.709304146781236,10.8
2974,Arts,Gampaha,6,8,12,0.1944771450853478,45.55265103276937,11.9
2975,Bio Science,RemoteArea,3,5,4,0.08203866181818198,85.09481916251247,3.9
2976,Physical Science,Jaffna,9,5,13,0.19858403066563918,59.273838344276136,22.2
2977,Technology,Ratnapura,8,4,9,0.2784936977408197,60.068326710269,16.9
2978,Physical Science,Ratnapura,3,8,12,0.020497157038444458,96.99823191726692,2.8
2979,Arts,Colombo,5,8,13,0.3272421953411851,47.403286996621624,9.4
2980,Sinhala,Jaffna,5,8,11,0.37130398450239277,77.78331940427812,10.0
2981,Bio Science,Colombo,5,9,6,0.4299851288542806,51.69318517543432,11.6
2982,Physical Science,Kandy,3,10,11,0.05138528012465349,53.86400764969055,6.0
2983,Arts,Ratnapura,5,6,5,4.6796929136172505e-05,65.01479093086554,7.6
2984,Technology,UpCountry,5,3,3,0.03663318451108116,71.64562198392383,9.5
2985,Commerce,Gampaha,4,7,14,0.4620584018930541,81.2530105783764,7.2
2986,English,UpCountry,4,5,2,0.3827778605206305,77.22209755795396,5.6
2987,Physical Science,UpCountry,2,5,10,0.4177178233805835,54.4011860116876,4.6
2988,Commerce,Ratnapura,9,6,13,0.25850689858298614,49.347095892468374,18.7
2989,Arts,Gampaha,7,7,5,0.2633599372819377,57.36034154009156,13.1
2990,Technology,Ratnapura,1,5,9,0.14925279491959226,69.71217987072644,1.0
2991,Physical Science,UpCountry,5,2,14,0.4213765259840819,63.91542786533437,13.5
2992,Technology,Kandy,2,6,13,0.4148847915418922,12.026917791131098,5.0
2993,Commerce,Ratnapura,10,8,12,0.19608567286108075,38.592302632707344,21.2
2994,Bio Science,Colombo,6,6,11,0.16463353523573693,61.89290343054431,13.7
2995,Physical Science,Gampaha,7,6,15,0.36918663562651244,80.32801279379339,16.6
2996,Technology,UpCountry,2,2,4,0.013084069168966872,48.43029938120716,3.8
2997,Physical Science,Jaffna,6,6,13,0.4299744492591939,77.49606717447598,13.9
2998,Bio Science,Galle,3,6,11,0.22312399465708643,43.05844506286679,7.6
2999,Physical Science,Gampaha,9,8,2,0.22067212327143043,64.83352781939112,19.9
3000,Technology,Ratnapura,4,4,15,0.3345389236936973,71.44278064010123,8.7
3001,Commerce,RemoteArea,3,6,3,0.3228746801552657,68.53108422519989,4.3
3002,Arts,Ratnapura,3,7,15,0.13298703302818338,52.3757778735815,4.8
3003,Physical Science,UpCountry,2,3,1,0.47163930225704837,37.28550413300753,7.0
3004,Commerce,Gampaha,9,4,8,0.4931649896663278,74.89077887075217,17.3
3005,Commerce,Ratnapura,8,7,15,0.2629945071480925,44.60761932377686,16.5
3006,Technology,Jaffna,5,7,6,0.2806903990851735,51.436354582641044,8.2
3007,English,RemoteArea,9,6,11,0.2771589817118118,86.37523937739957,17.8
3008,Physical Science,RemoteArea,2,6,13,0.24289370408913047,69.04833422324944,3.2
3009,Commerce,Colombo,6,7,9,0.47259352683891276,70.03130987724721,10.4
3010,Physical Science,Colombo,7,7,2,0.12237622448870611,70.37103608855014,13.8
3011,Commerce,Kandy,6,7,7,0.05397908812769453,72.33679487317006,10.5
3012,Physical Science,Kandy,3,7,7,0.4647736421624156,63.18075252295585,5.4
3013,Bio Science,Jaffna,10,8,10,0.10651915710557636,51.478674342544956,22.7
3014,Bio Science,Colombo,10,8,0,0.374577676771043,100.0,21.9
3015,Commerce,UpCountry,10,6,13,0.10193665461605755,62.11047930956819,21.0
3016,Bio Science,Kandy,9,8,4,0.4800930078111794,66.96569766456093,20.1
3017,Arts,Galle,8,8,4,0.39556088516865473,68.60208748268747,14.1
3018,Bio Science,Kandy,8,10,11,0.4593590860574294,57.50574312644089,19.7
3019,Physical Science,Gampaha,8,5,2,0.4754924100558295,54.61466553392247,18.0
3020,Arts,RemoteArea,9,4,1,0.04221219213449989,82.82349076246697,15.9
3021,Physical Science,Kandy,1,9,0,0.21669442791247373,48.9153373558206,2.0
3022,Bio Science,Galle,8,7,12,0.32405016851415475,72.18644768441472,18.9
3023,Commerce,UpCountry,2,5,3,0.4012280520631154,74.93780852281087,2.2
3024,Bio Science,Jaffna,4,5,15,0.12073587220720122,64.28786116625415,8.8
3025,Physical Science,Kandy,1,9,11,0.4573024296946442,64.09174102838381,1.9
3026,Bio Science,Ratnapura,6,8,10,0.11048816454906729,79.35357720553891,11.4
3027,English,Ratnapura,10,5,9,0.4330882007703433,62.439757921995486,19.0
3028,Commerce,Colombo,1,9,1,0.256356289832095,29.341875953783237,1.0
3029,Commerce,Colombo,5,7,15,0.25771108593509484,90.05825017813373,8.4
3030,Commerce,Colombo,9,10,4,0.1870028077409956,47.36786780145956,16.9
3031,Physical Science,Gampaha,1,5,15,0.05175261570934525,70.73215139129145,1.0
3032,Bio Science,Gampaha,9,7,11,0.17354503155976908,45.7333252999875,22.5
3033,Arts,Gampaha,4,5,10,0.2133683574912365,57.336809700664766,6.6
3034,Physical Science,Ratnapura,3,4,15,0.23951052827648533,60.95271155417399,7.8
3035,Physical Science,Ratnapura,8,7,9,0.3695476452050667,67.11256641433746,17.6
3036,Physical Science,Jaffna,6,8,11,0.17603505523252932,52.343015958004344,13.6
3037,Bio Science,Kandy,7,8,1,0.20329643015699322,90.24251952371866,13.7
3038,Sinhala,Gampaha,9,5,0,0.4530493011610597,60.36798218394325,16.6
3039,Physical Science,Kandy,5,7,9,0.3762836473167978,77.71562728652208,9.7
3040,Commerce,Galle,2,7,9,0.011427884751895767,64.36718386816361,1.6
3041,Physical Science,Gampaha,3,7,11,0.4060443788615188,80.45902134486539,5.7
3042,Sinhala,Kandy,3,6,9,0.49497196217517964,32.990249708103164,5.9
3043,Physical Science,UpCountry,4,6,9,0.46988387068391096,53.92881748587467,9.0
3044,Bio Science,Galle,10,5,8,0.41797794974804486,56.17306116208566,23.0
3045,Arts,Gampaha,7,5,1,0.3145868736686336,52.551717514483215,12.9
3046,Arts,Kandy,10,8,9,0.1390960610826305,72.28016756314321,18.1
3047,Bio Science,Colombo,6,7,3,0.32721530569004814,70.30747459296757,12.3
3048,Bio Science,Kandy,3,7,2,0.3477962354379322,59.88922776883854,5.5
3049,Bio Science,RemoteArea,7,2,15,0.14077908051533528,66.76055432784867,17.8
3050,Physical Science,Kandy,4,8,0,0.12766481220421982,96.60767493105384,6.3
3051,Physical Science,UpCountry,10,3,7,0.19846192954613517,68.36890166301828,22.7
3052,Bio Science,Gampaha,8,5,1,0.32057348451676754,27.12189096563541,19.2
3053,Physical Science,RemoteArea,7,6,10,0.14653113464118694,76.55168598326095,14.0
3054,Physical Science,Kandy,7,7,7,0.2778332610892668,71.89197830109363,15.9
3055,Commerce,Ratnapura,9,4,11,0.4496187009270914,82.89017367466428,19.4
3056,English,Kandy,8,7,0,0.14755016243962477,68.97597342295158,13.2
3057,Commerce,Colombo,1,7,5,0.48298686806375585,48.928680740427296,1.7
3058,Physical Science,Ratnapura,7,7,15,0.23667398933660783,80.85006830151582,16.0
3059,Physical Science,Galle,3,5,3,0.050454168822946954,62.989589336202265,5.3
3060,English,Colombo,4,8,2,0.027519696864786836,76.69246471719315,5.2
3061,Physical Science,Galle,6,7,0,0.16933725714965753,83.21848570255693,11.5
3062,Physical Science,Colombo,5,8,9,0.12937947836493646,62.672006059936926,9.4
3063,Commerce,Colombo,8,8,15,0.4218566636016261,80.63695449360645,14.8
3064,Commerce,RemoteArea,2,2,10,0.36881921070847823,80.50480219237494,2.9
3065,Commerce,Gampaha,5,5,15,0.44227314343502916,69.8812480169446,9.1
3066,Physical Science,Kandy,5,8,11,0.29462674910593484,94.87135345367055,10.3
3067,Physical Science,Kandy,3,7,0,0.21772862379525032,75.68315037578024,4.3
3068,English,Kandy,10,7,10,0.13528396404286852,56.21917982864661,18.8
3069,Physical Science,UpCountry,5,2,6,0.29155441721162484,66.90119027722587,11.9
3070,Commerce,Jaffna,4,4,5,0.30901238911807655,75.40253354503082,8.8
3071,Arts,Gampaha,5,6,15,0.19647378187093328,96.30134130639689,7.7
3072,Commerce,Galle,10,6,2,0.468297710913695,70.31284884449329,19.7
3073,Bio Science,Colombo,9,9,11,0.3199772941747579,69.841901802119,22.2
3074,Physical Science,Kandy,7,7,11,0.41874060030076643,84.45721504707959,15.2
3075,Commerce,UpCountry,1,3,1,0.310195373684478,57.20818611782834,1.6
3076,Technology,Kandy,3,6,9,0.15826839266585246,49.65026842442211,4.8
3077,English,Galle,9,4,2,0.36830957893935007,71.55634537342229,17.0
3078,Physical Science,Jaffna,4,6,11,0.11512726544183244,59.82747612613033,8.1
3079,Physical Science,Galle,4,7,14,0.2983046824993042,100.0,6.7
3080,English,UpCountry,10,5,7,0.2011831715097009,67.29454901092639,19.2
3081,Arts,Colombo,6,6,10,0.07494243440218507,75.64803481696744,10.2
3082,Technology,Colombo,3,6,6,0.20662028776394642,53.575123556816905,4.5
3083,Physical Science,Gampaha,3,7,15,0.15514041472704476,86.46900634247586,5.8
3084,Commerce,Jaffna,9,7,12,0.0561110408542107,65.59576415353712,18.1
3085,Arts,Colombo,5,8,13,0.4119141143299293,64.63195418254342,10.1
3086,Commerce,Ratnapura,7,7,11,0.2492912782172914,63.99216833254329,13.3
3087,Bio Science,Gampaha,5,5,14,0.1731781361357102,47.62893550058007,11.6
3088,Physical Science,RemoteArea,6,5,12,0.2524821248514754,62.24210069227277,13.5
3089,Commerce,Jaffna,8,8,6,0.37729155875422826,71.19248700437007,14.3
3090,Physical Science,Gampaha,8,7,4,0.009147696609624778,38.81920640843873,17.5
3091,Bio Science,Colombo,2,6,11,0.27337588028681054,80.82503535995629,2.3
3092,English,Gampaha,9,4,9,0.23957539164198394,60.474923188078144,18.5
3093,Bio Science,Colombo,10,10,2,0.4465350957575368,64.6709010122689,23.1
3094,Technology,Colombo,6,7,0,0.2779858293939069,26.489784051898773,11.2
3095,Physical Science,UpCountry,7,5,0,0.06866142126953367,63.37480590986074,15.3
3096,Commerce,RemoteArea,3,5,5,0.19434160764257014,46.852796766136606,5.0
3097,Sinhala,Colombo,4,10,14,0.31053468602629275,61.72812452543623,7.0
3098,Physical Science,Ratnapura,6,6,15,0.022966903527892435,43.98801686224383,15.1
3099,Physical Science,Gampaha,7,6,3,0.4423245486988066,48.27177655256861,16.2
3100,Bio Science,Gampaha,6,5,6,0.03389117035647715,60.54662527838303,13.3
3101,Physical Science,Colombo,5,9,9,0.015295563923186761,60.42371364918259,10.3
3102,Arts,Gampaha,2,7,9,0.0010077870501101205,77.76795525731484,1.7
3103,English,Colombo,7,9,9,0.3418722458164274,36.4789331351268,12.9
3104,Bio Science,Galle,5,4,0,0.2279600436113341,59.2294605674865,11.7
3105,Physical Science,Jaffna,9,6,12,0.051408847114550404,64.51376064849521,22.2
3106,Bio Science,Kandy,4,10,5,0.42810426132778046,55.632894044227314,9.2
3107,Arts,Gampaha,10,4,6,0.10136013704620322,49.301911694533246,19.9
3108,Physical Science,UpCountry,2,2,15,0.16316207948553457,84.03265623269694,3.5
3109,Commerce,RemoteArea,7,4,0,0.08886073692413854,90.71570348949479,13.5
3110,Commerce,Colombo,7,9,1,0.46337814886130346,34.78908213556578,14.3
3111,Commerce,Colombo,1,7,8,0.3790333915860179,50.137225169255345,1.0
3112,Physical Science,Kandy,5,10,8,0.36197669832213625,48.93459193502928,10.5
3113,Arts,Ratnapura,3,6,5,0.02199801503639659,58.27717447953838,5.0
3114,Physical Science,Gampaha,9,5,10,0.2613508521196828,83.83768509836297,19.1
3115,Physical Science,Kandy,9,8,3,0.2877262183723702,69.41505708412139,19.6
3116,Technology,Kandy,7,8,6,0.19126042004134125,60.69221140593258,12.0
3117,Arts,Gampaha,9,6,4,0.16087812514882371,62.24543842435436,16.4
3118,Physical Science,Kandy,2,8,14,0.42597143010939337,62.214810190240776,3.2
3119,Physical Science,UpCountry,10,5,2,0.011508295677266023,72.0797024494489,21.7
3120,Physical Science,Colombo,8,6,3,0.31267742413853344,74.40502692861,16.6
3121,Physical Science,Jaffna,10,6,1,0.19712345697888328,69.36946872970816,21.4
3122,Physical Science,Ratnapura,10,5,13,0.3329753405716452,33.55188067056859,25.2
3123,Physical Science,Ratnapura,10,5,5,0.09895877289751837,62.69711135884294,21.4
3124,Bio Science,Kandy,1,7,2,0.11932967731434391,58.201964494635185,1.1
3125,Arts,Colombo,3,6,6,0.2934269033384005,77.86955418861605,4.4
3126,Commerce,Ratnapura,8,4,3,0.4899692731429006,65.0865981943428,16.2
3127,Commerce,Colombo,8,7,13,0.4873417914931586,74.85107814398592,15.5
3128,Physical Science,Kandy,10,9,7,0.12449049190534289,56.070544307443434,23.1
3129,English,Jaffna,8,4,15,0.05117551516285529,81.59097568407141,16.7
3130,Technology,Colombo,7,6,10,0.2951716189649984,83.5072209475821,11.2
3131,Technology,Jaffna,2,7,13,0.20999130403681415,42.09512933749727,3.5
3132,Technology,Colombo,3,8,0,0.38084335648537326,40.5571646986792,5.6
3133,English,Kandy,9,6,8,0.26399186263924956,75.43680545678787,16.4
3134,Commerce,Gampaha,2,5,2,0.25529340299782055,58.41411557907636,3.9
3135,Physical Science,Jaffna,7,5,14,0.3232299341104095,82.43070529946546,15.7
3136,Commerce,RemoteArea,1,5,2,0.06320922242449206,64.62731191281472,1.0
3137,Arts,UpCountry,3,3,14,0.3385808648332838,77.39301570784045,6.8
3138,Arts,Ratnapura,1,8,4,0.2442598503277268,50.79143930396598,1.7
3139,Commerce,Galle,6,5,9,0.4100735328172212,69.59690763040315,10.6
3140,Physical Science,Ratnapura,4,7,15,0.0693534168524092,72.63947844812182,7.4
3141,Bio Science,UpCountry,1,5,0,0.15037352455820197,49.66659000511113,1.0
3142,English,Colombo,5,9,13,0.4751231870077621,81.52540215162804,9.4
3143,Commerce,Gampaha,4,8,2,0.2765364396450107,32.57017540274779,7.6
3144,Commerce,Ratnapura,10,4,3,0.46465049987699497,64.61560554892888,20.3
3145,Physical Science,Colombo,10,8,13,0.34451755155593944,47.08883990745214,25.5
3146,Bio Science,Jaffna,2,5,1,0.4632156824675629,45.16547537367407,4.7
3147,Technology,UpCountry,7,2,11,0.15891314218024,80.28980332444361,14.7
3148,Commerce,Kandy,8,9,5,0.04526687918457861,46.00112745173861,14.8
3149,Arts,Jaffna,4,4,9,0.4011208824490494,47.367914930593244,8.4
3150,Bio Science,Galle,9,4,3,0.4022343762311683,70.20483310066047,22.1
3151,Commerce,Colombo,3,10,15,0.3094133973211572,50.83823873967316,5.1
3152,Physical Science,Ratnapura,6,7,0,0.2897851015809161,75.27314290335798,13.0
3153,Arts,Ratnapura,7,7,2,0.4574540853381421,70.66907773042969,12.4
3154,Bio Science,Gampaha,7,5,6,0.08824923351076547,51.33534206449051,15.6
3155,Bio Science,Colombo,6,7,13,0.3082689856853835,81.20563523289586,14.4
3156,Commerce,Ratnapura,9,5,2,0.02488530541110534,31.92146273467345,17.3
3157,English,Colombo,1,7,12,0.07043246837881456,73.08737072198367,1.0
3158,Physical Science,Colombo,9,6,5,0.21863617422164977,43.80652713631465,20.4
3159,Technology,UpCountry,9,2,10,0.41060368469420794,57.15050880701738,18.5
3160,Physical Science,Colombo,4,7,14,0.36656634537502963,60.119351000484606,8.9
3161,Bio Science,Kandy,5,7,5,0.4870321955229972,81.72095977027179,9.4
3162,Physical Science,Kandy,3,7,15,0.02242432423494961,59.98081112223157,6.3
3163,Bio Science,Kandy,7,8,0,0.19067610941311747,58.820709033967645,15.5
3164,Commerce,Ratnapura,2,5,1,0.07939540078758045,53.92739789880797,2.6
3165,Physical Science,Gampaha,8,6,9,0.01848064202475086,49.76039779791239,18.2
3166,Bio Science,Ratnapura,9,5,10,0.1321987781472374,49.54548131990845,19.6
3167,English,Gampaha,6,7,11,0.12223592209360817,70.13092491296358,10.2
3168,Physical Science,Colombo,9,10,10,0.2100138592310959,64.60416569413954,20.5
3169,Arts,Kandy,6,6,5,0.0700406039502966,73.9377487080929,9.6
3170,Bio Science,Jaffna,3,7,1,0.24428378961305874,56.869048359579246,5.9
3171,Commerce,Kandy,10,10,14,0.460049163657121,63.85511685103745,19.8
3172,Physical Science,Gampaha,3,6,15,0.37409446579915745,78.98629410116675,6.5
3173,Physical Science,Gampaha,2,4,13,0.42108866474663337,60.91838613492356,5.9
3174,Physical Science,Galle,5,6,12,0.4023642966607666,44.4061440236842,12.1
3175,Physical Science,Colombo,4,8,15,0.19481316822031702,80.2132048333528,9.1
3176,Physical Science,Jaffna,6,4,1,0.35448051814891757,50.34288468203711,14.2
3177,Commerce,Galle,5,8,3,0.3771281197114988,62.503298400401754,8.5
3178,Technology,Gampaha,6,4,11,0.10282405284961782,56.10229366003136,13.5
3179,Technology,Colombo,4,7,12,0.43013118330988664,51.41247422476658,8.4
3180,Commerce,Gampaha,3,6,13,0.22887369926113177,38.01917410487757,4.9
3181,Physical Science,Ratnapura,1,5,7,0.008179869754692204,68.58748482697271,1.0
3182,Physical Science,Ratnapura,5,4,5,0.3216920543069252,11.591282302500417,14.1
3183,Bio Science,Colombo,6,6,13,0.3383815459589825,85.97517164243403,14.1
3184,Physical Science,Colombo,5,10,7,0.27588114833841665,78.98024140311314,10.6
3185,Commerce,Kandy,5,8,14,0.10620765042357827,53.357466969692545,9.6
3186,Commerce,Galle,6,7,3,0.24113901367803264,85.3237936510168,9.7
3187,Bio Science,Colombo,4,6,10,0.20006372512275356,95.91198789401321,6.7
3188,Bio Science,UpCountry,4,5,2,0.4873430369219629,56.900252931907325,8.9
3189,Technology,UpCountry,8,4,6,0.412339217377969,69.16455660778603,16.7
3190,Arts,UpCountry,8,3,14,0.3809498025436074,69.04404451794828,17.4
3191,Bio Science,Galle,3,6,15,0.09053685150008156,90.20423972019914,4.7
3192,English,Gampaha,7,8,6,0.1655200087106083,42.11051483171057,13.5
3193,English,Ratnapura,5,7,1,0.18985591778461008,57.08945640949464,9.0
3194,Bio Science,Kandy,5,9,15,0.24631376615023975,81.29096787091026,10.5
3195,Bio Science,Kandy,3,7,0,0.015112256032735694,72.20300812793101,4.2
3196,Commerce,Galle,2,5,10,0.2965046140373257,64.35787732667762,1.6
3197,English,RemoteArea,3,2,7,0.17892827198605316,84.38466609454113,5.1
3198,Technology,Kandy,7,8,2,0.2808385727129575,64.50217492466203,11.9
3199,Physical Science,Gampaha,3,8,5,0.00448919212835347,64.2055027507379,5.5
3200,Bio Science,Colombo,2,6,6,0.16071656949876184,73.45564535783518,1.8
3201,Commerce,Ratnapura,4,6,7,0.38433302800649444,62.58657017111207,7.5
3202,Commerce,Kandy,5,7,5,0.25054077626352006,63.253923497738334,8.2
3203,Physical Science,Kandy,7,10,6,0.3944436641728191,51.19062006301614,15.5
3204,Technology,Galle,1,5,4,0.3494801962586933,100.0,1.0
3205,Commerce,Kandy,8,7,2,0.42746028757548854,53.898806857531184,14.6
3206,Technology,UpCountry,10,5,14,0.0037217942760868206,77.93866675702503,19.9
3207,Technology,Kandy,3,8,1,0.13066274592219695,89.13085774138705,3.6
3208,Arts,Galle,6,4,6,0.27440086330054075,42.85770204231679,12.7
3209,Bio Science,Colombo,4,9,15,0.4705090383260912,76.6676184336411,8.1
3210,Commerce,Galle,5,6,7,0.33989509006626956,63.84744052204411,8.5
3211,Physical Science,Jaffna,10,6,13,0.22829439314092426,93.42097413322358,23.0
3212,Commerce,Colombo,6,8,7,0.06507066525384153,49.861833291102954,9.2
3213,Physical Science,Colombo,2,10,12,0.24660767737872613,54.71617888408643,3.4
3214,Commerce,UpCountry,3,5,2,0.2205434862280331,60.25137748689825,4.7
3215,Physical Science,Ratnapura,8,4,1,0.38922163734435095,53.09728415135619,19.5
3216,Physical Science,Gampaha,8,7,15,0.20667432024827403,60.61083570138227,19.2
3217,Physical Science,Gampaha,1,5,12,0.15941903741666652,96.42643984238731,1.0
3218,Physical Science,Jaffna,10,6,8,0.04485984123441045,65.9056405273427,22.3
3219,Arts,Galle,8,5,5,0.023250531962683396,50.729718497533064,15.3
3220,Arts,Gampaha,2,7,9,0.21956721376118848,58.64974873954064,1.4
3221,Commerce,Gampaha,10,4,15,0.17343098975109233,73.57337339025274,20.9
3222,Physical Science,RemoteArea,10,3,2,0.27766208475642956,66.0605137709669,24.3
3223,Physical Science,Galle,8,5,4,0.355964218557534,53.34104374375927,18.3
3224,Physical Science,Galle,10,8,0,0.02000340678690149,35.5795246295952,22.9
3225,Physical Science,Gampaha,5,7,1,0.2481085548514077,59.741896108246905,10.2
3226,Technology,Colombo,1,7,8,0.4309859470909898,62.83607611940545,1.0
3227,Physical Science,Gampaha,8,7,9,0.22758329307016417,54.80804668350616,17.9
3228,Bio Science,Jaffna,5,4,10,0.2606211054753872,84.19669649098732,10.3
3229,Physical Science,Colombo,1,7,9,0.243395920358338,73.11866851275317,1.0
3230,Physical Science,Colombo,4,6,2,0.19489645924170518,63.0222754735256,7.6
3231,Commerce,Ratnapura,1,5,7,0.055059761961686216,58.089330612048904,1.0
3232,Commerce,Gampaha,9,6,9,0.06317810784126332,90.49542935218065,15.3
3233,Physical Science,Galle,10,8,7,0.08954462086884668,46.1829073871873,23.6
3234,Physical Science,Ratnapura,2,8,14,0.39628232044882744,59.551059040923995,3.9
3235,Bio Science,Jaffna,8,8,4,0.1376661502808566,55.21447873042302,17.1
3236,Physical Science,UpCountry,4,2,7,0.47406189088770534,67.9844092008044,8.5
3237,Physical Science,Colombo,9,9,1,0.4050850832683145,70.41327245561703,19.6
3238,English,Jaffna,2,8,1,0.3422703340993406,40.45138071545121,3.5
3239,Commerce,RemoteArea,3,3,11,0.36019681469787007,55.2308496301856,7.3
3240,Commerce,RemoteArea,2,3,3,0.02381610433917558,68.21466589615072,3.0
3241,Bio Science,Colombo,10,8,7,0.2841946834932726,53.522800905557716,22.6
3242,Bio Science,Colombo,5,6,1,0.4705284549608649,54.47335870005514,11.2
3243,Commerce,Colombo,1,7,3,0.019555091696254467,64.0896705325491,1.0
3244,Commerce,Jaffna,3,5,7,0.14550825925677008,48.801117789650945,5.2
3245,Arts,Jaffna,1,6,2,0.025755746066967677,65.1641698406905,1.0
3246,Physical Science,Jaffna,10,6,7,0.28487078893308276,72.68839755103743,21.8
3247,Commerce,Gampaha,8,7,11,0.05810031358526452,66.07580168073746,16.3
3248,Bio Science,Colombo,4,9,1,0.23962507811219957,81.8807572265057,8.2
3249,Technology,Kandy,3,9,13,0.3599747183937724,77.38133768094605,4.2
3250,Commerce,Gampaha,8,5,0,0.08221926746773378,59.386174017074566,14.8
3251,Commerce,Jaffna,9,6,13,0.3776822185391354,61.67862826502797,19.4
3252,Physical Science,Gampaha,8,4,13,0.03010223097494935,92.82078859408547,20.1
3253,Commerce,Gampaha,6,7,13,0.07481224012849835,56.578143443635625,10.9
3254,Physical Science,Colombo,3,10,5,0.14005518159111174,58.41741166426135,5.6
3255,Bio Science,Colombo,8,7,7,0.3980495337060436,57.352749569358046,17.2
3256,Physical Science,Colombo,5,6,8,0.42506844456170045,69.96705084648764,10.0
3257,Commerce,Ratnapura,5,5,9,0.11018990718311855,98.3273444176964,6.9
3258,Physical Science,Gampaha,9,7,7,0.04789191276274807,67.2000906486328,19.6
3259,Bio Science,Ratnapura,1,5,1,0.4239768911736258,55.668889110131104,1.0
3260,Technology,Colombo,7,9,0,0.3246837187610535,62.83007359010171,11.2
3261,Physical Science,Jaffna,8,5,6,0.07892771819934069,43.30712087321933,18.0
3262,Commerce,Gampaha,10,7,6,0.27885839257537626,60.18323388571392,18.9
3263,Bio Science,Jaffna,3,6,12,0.4361857164427675,91.56126433687572,5.8
3264,Physical Science,Jaffna,8,6,15,0.0347574710258815,77.42984996945917,18.2
3265,Arts,Kandy,1,8,11,0.04186061682414011,83.96450981106486,1.0
3266,Physical Science,UpCountry,8,4,12,0.13680388033128404,81.20019607637988,20.2
3267,Bio Science,Ratnapura,7,6,2,0.3261311627993283,50.36800561194521,16.0
3268,Commerce,Jaffna,4,8,5,0.08900425473529927,91.17982357296222,5.1
3269,Commerce,UpCountry,7,3,6,0.4081836021585822,36.35927182309938,13.9
3270,Commerce,Galle,10,6,13,0.3752150883974801,71.48746082842537,20.8
3271,Physical Science,Colombo,7,10,8,0.28050242681399024,33.10524908847587,16.0
3272,Physical Science,Gampaha,10,8,0,0.0580338521851716,34.300385811750886,22.4
3273,Arts,Colombo,1,7,12,0.4941099141560989,80.03347726261809,1.0
3274,Commerce,Kandy,3,7,2,0.24501681478141246,50.63000841195878,4.9
3275,Technology,Jaffna,7,7,4,0.2260365739336398,80.67328366603273,11.5
3276,Technology,Gampaha,5,7,2,0.49778453983365784,28.38448831829335,9.8
3277,Technology,Kandy,9,8,7,0.431934131735668,62.1723769921949,16.6
3278,Bio Science,Jaffna,7,4,9,0.22818386701574067,46.2608631246322,17.4
3279,Bio Science,Gampaha,3,7,5,0.20940149296813604,57.57218023749681,5.3
3280,Arts,Galle,1,4,1,0.047954691283493056,83.72522922976313,1.0
3281,Bio Science,Galle,5,7,0,0.4632558731945398,86.87703320293363,9.3
3282,Physical Science,Ratnapura,10,8,9,0.421887423859599,72.19393372874629,23.4
3283,Technology,Kandy,5,10,4,0.15500124643995544,38.08070579828201,9.6
3284,Technology,Colombo,7,10,10,0.3766606437843886,46.899726713386116,13.1
3285,Bio Science,Kandy,1,6,8,0.38136471313696213,66.40082443199917,1.1
3286,Physical Science,UpCountry,10,4,9,0.11395535861330747,52.41136643205306,23.4
3287,Bio Science,Galle,2,7,8,0.30682773496934157,73.86958807393228,3.2
3288,Technology,Gampaha,6,7,0,0.12751440170610567,85.1388769002503,9.8
3289,English,Colombo,8,6,2,0.3949430259679558,46.25995158964044,15.4
3290,Physical Science,Colombo,4,10,12,0.07690485124145702,52.57407660362144,9.2
3291,Physical Science,Kandy,3,8,5,0.33445299934363865,44.79347230517084,6.4
3292,Technology,Colombo,3,9,4,0.16300585582588062,58.18611611323623,4.3
3293,Bio Science,Kandy,3,8,3,0.018091028767634243,62.2834121979733,4.8
3294,Commerce,Ratnapura,2,6,12,0.061852322105446556,66.32372224472837,2.4
3295,English,Gampaha,1,5,15,0.327449569091797,80.96527930945861,1.0
3296,Physical Science,Colombo,5,8,1,0.11995715161099119,66.39457419645228,10.2
3297,Commerce,RemoteArea,10,3,15,0.3155176862923358,66.61928772461829,22.0
3298,Physical Science,Jaffna,5,4,11,0.20741108300064348,66.11373112726899,13.5
3299,Bio Science,Gampaha,5,8,11,0.34635673193812333,66.7826817471567,11.7
3300,Technology,Ratnapura,4,5,11,0.24647431109274004,64.63293965813432,6.0
3301,Bio Science,Kandy,3,8,3,0.1542735485805855,51.343280020015015,5.5
3302,Sinhala,Colombo,3,10,4,0.07290958992880092,43.953940417036605,4.3
3303,Commerce,Kandy,2,8,14,0.1705491262106401,69.13415722839434,1.8
3304,Bio Science,Galle,5,6,11,0.31744703896337656,58.010496668461336,12.2
3305,Physical Science,Kandy,4,7,1,0.3702367525987177,68.37655879160322,7.0
3306,Bio Science,Kandy,6,6,9,0.08016983741999528,65.57974020596784,13.1
3307,Bio Science,Kandy,2,8,0,0.33213620444405856,60.22371674333113,4.0
3308,Physical Science,UpCountry,2,3,6,0.08963975482575615,77.76710560598634,4.0
3309,Bio Science,UpCountry,8,4,6,0.11090967174499172,41.93082493266975,19.7
3310,Bio Science,Kandy,6,10,7,0.2656586201400075,90.03873721581752,12.0
3311,Arts,Gampaha,3,4,9,0.14460115098803739,31.725307032172154,6.8
3312,Commerce,Gampaha,5,6,5,0.33079772061824325,84.26193542938884,8.4
3313,Arts,Colombo,3,6,0,0.47788831212076915,63.012554960644245,4.7
3314,Physical Science,Kandy,2,6,7,0.07444610066869711,55.63934641525712,3.4
3315,Physical Science,Kandy,3,10,1,0.28525541615470834,38.42545446862317,6.1
3316,Commerce,Colombo,1,10,11,0.4616495913365964,56.50765556452861,1.3
3317,Bio Science,Colombo,7,9,2,0.08826448832580619,58.54484413224162,14.9
3318,Physical Science,Gampaha,6,4,7,0.18342545169242908,66.42377080332746,14.3
3319,Technology,Galle,5,6,3,0.061808417494893575,83.18396082921606,6.9
3320,Arts,Kandy,6,10,4,0.3210188591569742,63.101212988224944,10.8
3321,Commerce,Jaffna,8,6,8,0.3345714638473506,68.79481037267134,14.4
3322,Physical Science,Gampaha,3,4,10,0.33209115971781855,70.25170688473025,7.8
3323,Arts,Kandy,3,10,6,0.2710635241816727,58.08693498986223,4.7
3324,Commerce,Gampaha,5,7,15,0.37313043389888606,64.61689611186534,9.6
3325,Arts,Jaffna,5,4,9,0.01793864818998986,62.895713243871676,9.2
3326,Arts,Ratnapura,1,6,11,0.4787567437226531,74.89681913801631,1.0
3327,Technology,Gampaha,4,7,6,0.11104810396467674,49.30606874448475,6.8
3328,Commerce,Colombo,9,6,0,0.0607809843458717,52.40134331612227,16.2
3329,Physical Science,Gampaha,8,8,0,0.47056802147096577,65.34508840567179,17.7
3330,Commerce,RemoteArea,3,2,14,0.4152184581807916,50.85274741140644,6.8
3331,Commerce,Colombo,5,7,7,0.38243520964584005,65.20475280970786,8.6
3332,Arts,Gampaha,5,6,9,0.052372854469490804,56.31483654646343,7.9
3333,Physical Science,Kandy,7,10,0,0.4037646068380829,67.57929344898032,15.5
3334,Physical Science,Galle,8,8,15,0.30451176150489134,88.10734474185193,18.1
3335,Technology,Gampaha,9,5,9,0.3659543055059225,56.33059211895767,16.8
3336,Arts,Jaffna,7,7,14,0.4890351399091962,78.36551261950305,13.0
3337,English,Galle,2,8,15,0.09722058855900012,70.50904777996675,2.6
3338,Arts,Gampaha,8,7,1,0.2521909804092651,54.74269173076368,14.7
3339,Commerce,Gampaha,8,7,3,0.3766759732295575,61.59947594767619,14.7
3340,Commerce,Gampaha,2,7,8,0.21682817538584914,83.46935260352566,1.9
3341,Technology,Galle,6,4,6,0.027326541459104237,60.42270245861198,12.4
3342,Commerce,Ratnapura,10,5,12,0.05571944943776058,85.63661281279538,19.0
3343,Commerce,Gampaha,1,6,12,0.30104598627281137,64.20050251337179,1.0
3344,Physical Science,Jaffna,7,5,11,0.14250207319537828,44.31359298325084,17.7
3345,Bio Science,Kandy,10,10,6,0.06892032365129669,60.79889433445149,21.4
3346,Arts,Gampaha,2,5,11,0.16994599876229122,43.14541472283176,2.9
3347,Physical Science,Kandy,5,8,9,0.10049046602239275,59.73431858242468,10.8
3348,Physical Science,Colombo,7,6,6,0.011969733287387208,57.65822398495299,14.7
3349,Bio Science,Gampaha,10,8,4,0.07590699428358305,89.25283486861792,20.9
3350,Physical Science,Kandy,9,6,0,0.44153898045883627,84.14051461376066,19.8
3351,Physical Science,UpCountry,1,6,4,0.006018641251358037,63.280966746125905,1.0
3352,Bio Science,Colombo,9,8,7,0.38692515179704784,81.67034647206032,19.3
3353,English,Galle,5,4,11,0.3767305529357918,59.53386264961509,11.7
3354,Commerce,Kandy,6,8,11,0.2821188441794946,44.091340721136106,12.8
3355,Physical Science,Ratnapura,8,6,6,0.10422388285418532,70.91739829121362,17.7
3356,Physical Science,Jaffna,2,5,14,0.4390296121501158,72.42074091702231,3.8
3357,Commerce,Ratnapura,7,8,6,0.2375377843969716,48.93705663002782,12.5
3358,Bio Science,RemoteArea,4,5,14,0.08660311452386771,53.600460855293626,8.1
3359,Technology,Galle,9,7,1,0.21451129624461307,74.59350145838464,14.8
3360,Commerce,Colombo,6,6,0,0.09745861387212634,34.74704995540087,11.6
3361,Arts,Colombo,7,8,3,0.1880039205649623,69.87271613580887,12.1
3362,Physical Science,Gampaha,6,5,7,0.24834388550506015,58.78286304279238,12.7
3363,Commerce,Gampaha,8,8,13,0.17995044485102496,74.89345410095146,14.2
3364,Physical Science,Gampaha,6,4,0,0.3285221370363505,74.82458590936056,13.5
3365,English,Gampaha,7,6,12,0.4679589020442192,52.88514277986518,13.5
3366,Commerce,Kandy,8,9,1,0.17407467382348174,43.39741277300594,15.6
3367,Bio Science,Colombo,1,9,6,0.17786975691824286,84.99429631945112,1.0
3368,Physical Science,Galle,10,8,4,0.3691512353011327,61.1422040896477,22.0
3369,Physical Science,Galle,4,8,14,0.26529546576054236,71.91621754079824,9.3
3370,Commerce,Gampaha,6,8,5,0.21441971981037056,76.16156055177764,9.5
3371,Physical Science,Galle,1,4,11,0.4069040942282513,51.08067960577935,3.4
3372,Commerce,Colombo,4,10,7,0.44551803359570563,77.0294281053852,6.5
3373,Physical Science,Ratnapura,6,4,11,0.2952933030235918,75.10229809067563,15.3
3374,Commerce,Kandy,7,7,15,0.09255163637775304,89.5503429772367,12.2
3375,Technology,Gampaha,6,6,8,0.23314294450098894,85.78874468971159,9.6
3376,Arts,Kandy,4,9,14,0.2521853310740671,67.95154800223102,6.7
3377,Arts,Galle,7,4,7,0.21610367855542972,74.7958426493479,13.6
3378,Physical Science,RemoteArea,10,4,11,0.13121593943269216,66.16826806956598,26.0
3379,Physical Science,Kandy,2,10,15,0.23616090386192723,69.67866233398334,2.9
3380,Commerce,Galle,6,7,13,0.22327307604884483,49.56711234106689,12.4
3381,Bio Science,Ratnapura,5,4,0,0.10474676197596933,56.63257250590954,11.4
3382,Bio Science,Colombo,2,10,13,0.4517153261680325,39.578521981737154,4.9
3383,Physical Science,Jaffna,9,6,10,0.442670475423734,62.937793056487514,20.2
3384,Physical Science,Gampaha,7,5,3,0.37980821422529487,81.30064142027348,14.4
3385,Physical Science,Gampaha,3,6,4,0.20047328880614068,73.66893877604565,5.0
3386,Technology,Gampaha,7,4,12,0.1851709539460678,67.68372206760003,14.6
3387,Physical Science,Kandy,6,7,8,0.35823268869798225,60.9693271459166,13.4
3388,Commerce,Colombo,7,7,5,0.30405961750153443,54.39520067487113,12.7
3389,Physical Science,Kandy,4,10,13,0.3002991619733789,52.722348267853754,9.9
3390,Commerce,Colombo,10,8,5,0.06205576374742833,74.78003377194464,17.2
3391,Bio Science,Ratnapura,8,4,13,0.3091418901477242,43.474491240675995,20.7
3392,Technology,Gampaha,8,5,2,0.4509315055616829,37.62986388831623,15.8
3393,Technology,Colombo,7,10,15,0.042908235335216705,81.06536719410019,13.4
3394,Bio Science,Galle,7,5,11,0.16958564953539368,68.61779652571289,16.5
3395,English,Ratnapura,10,6,13,0.25450714572353617,67.17237948204831,19.6
3396,Sinhala,Colombo,8,9,1,0.3430047474157435,63.60590876044603,14.1
3397,Technology,Kandy,1,6,1,0.04481746477812559,90.65128569200107,1.0
3398,Technology,Gampaha,6,7,14,0.4364030966444221,67.84058232513311,11.4
3399,Physical Science,Ratnapura,2,6,6,0.02027281020407573,67.39935808197377,2.1
3400,Commerce,Ratnapura,1,7,4,0.4288448334036213,92.87087052891728,1.0
3401,Physical Science,RemoteArea,10,4,11,0.013825877932627573,64.5461321103019,25.6
3402,Physical Science,Jaffna,7,6,9,0.07676165216367786,90.39476914936938,12.9
3403,Sinhala,Gampaha,6,8,0,0.4001619135768367,28.394818474376144,12.9
3404,Bio Science,Gampaha,5,7,11,0.43008221860188917,48.07179754975406,12.6
3405,Arts,Colombo,5,7,4,0.4911329146431128,51.9804212286511,8.5
3406,Technology,Gampaha,9,6,14,0.057857414171837596,75.75987680414502,17.8
3407,Technology,Kandy,9,9,10,0.26322555804531583,91.60985634430352,14.9
3408,Sinhala,Galle,6,5,0,0.038577913269845276,51.13771181954086,9.8
3409,Physical Science,Colombo,3,6,8,0.0782038129819248,78.67378627604506,4.3
3410,Physical Science,Galle,7,5,7,0.08724692895318165,97.05837611653138,14.7
3411,Bio Science,Colombo,4,9,13,0.03169412572954272,89.97141010287984,8.3
3412,Physical Science,Colombo,5,9,3,0.4464899029641686,55.441899009429754,10.8
3413,Physical Science,Ratnapura,7,5,15,0.06317775900717992,80.52844261036603,16.5
3414,Bio Science,Colombo,7,7,14,0.31467042150616187,72.09110019896768,15.3
3415,Arts,UpCountry,10,4,10,0.31287353228157067,55.10823350439528,20.7
3416,Commerce,Gampaha,8,7,0,0.09932260268310611,66.40939672429701,14.7
3417,Bio Science,Ratnapura,1,6,10,0.4992056306178906,57.89285146601321,2.2
3418,Commerce,UpCountry,5,4,7,0.17368388659794315,65.36530473757145,9.7
3419,Physical Science,Galle,9,4,4,0.4525471854816973,41.3240343362329,22.9
3420,Physical Science,Galle,7,7,0,0.47414236612687255,33.556035196419245,16.3
3421,Arts,UpCountry,2,4,14,0.4744944071498482,62.70194660806315,4.7
3422,Commerce,Colombo,1,6,1,0.3764187938008614,65.27212342957576,1.0
3423,Arts,Galle,8,6,14,0.1269025026559915,50.08204477644469,15.9
3424,Physical Science,Jaffna,9,6,4,0.060327675905129,69.89442881579973,20.0
3425,Technology,Galle,10,7,12,0.2849424885771109,66.64124268795877,20.2
3426,Commerce,Galle,5,5,13,0.18001956554850523,76.25377532274926,9.4
3427,Commerce,Gampaha,6,5,15,0.41551950590961223,81.68457833038424,11.2
3428,Commerce,Galle,2,7,8,0.3724950263083758,84.1536496443888,3.0
3429,Technology,Colombo,5,7,9,0.1382341480867058,73.54908091305904,8.4
3430,Commerce,Gampaha,4,8,7,0.008507616844864396,59.071034885812516,6.0
3431,Commerce,Colombo,8,7,10,0.11865787947545597,67.83294131138389,14.1
3432,Sinhala,UpCountry,8,4,9,0.28355779212113325,99.43771396757549,14.3
3433,Arts,Colombo,5,8,7,0.03949873610629706,78.28197067748292,7.5
3434,Bio Science,Kandy,8,6,12,0.32913629985830745,67.0730409699213,18.8
3435,Arts,Gampaha,6,7,8,0.3358481423861499,61.74199290939217,11.3
3436,Bio Science,UpCountry,10,2,1,0.08469696117993952,51.52640950045213,23.8
3437,Physical Science,Gampaha,6,6,6,0.2981591170427154,45.19202171114482,13.7
3438,Commerce,Galle,4,6,9,0.30348571398061686,90.12170054850121,4.5
3439,English,Galle,10,4,4,0.238989073177027,69.17748572022572,19.5
3440,English,Gampaha,3,8,15,0.47662290376443706,48.46718775223013,5.6
3441,Bio Science,Gampaha,9,5,2,0.05408159014924979,59.119921139425585,20.2
3442,Commerce,Jaffna,5,8,15,0.20331283435145997,86.55732701541135,8.5
3443,Physical Science,UpCountry,10,6,9,0.4414603861265805,57.79589763643651,23.5
3444,Sinhala,Galle,10,8,13,0.19315700872980468,54.28269999756486,20.6
3445,Sinhala,Colombo,4,10,15,0.21231980450266746,72.85153185509223,7.2
3446,Commerce,Galle,6,5,7,0.33413694021847634,73.37225574775127,10.4
3447,Technology,Gampaha,4,7,15,0.33278177478979093,60.8147565027961,6.5
3448,Arts,Kandy,6,6,1,0.011450979219382706,51.50692121887273,10.3
3449,Commerce,Galle,10,8,3,0.22784871305647691,68.40880675671002,18.2
3450,Physical Science,Colombo,8,10,12,0.16675592234920472,49.127320103626836,18.0
3451,Bio Science,Galle,8,4,11,0.3138476235733931,57.42697055463141,20.8
3452,Commerce,Kandy,6,6,4,0.27785115784763575,60.194611278556636,11.6
3453,Commerce,Galle,1,7,4,0.3254308135568489,73.0854807936108,1.0
3454,Bio Science,Colombo,1,8,3,0.326883693253002,55.08490371804041,1.2
3455,English,Gampaha,3,7,14,0.1274359306538168,75.44930357483966,3.0
3456,Physical Science,Galle,2,6,2,0.12323238228459243,78.4905250937388,1.8
3457,Commerce,Ratnapura,1,5,2,0.1851411975115766,53.40342933987593,1.0
3458,Commerce,Colombo,1,9,4,0.120979230268347,100.0,1.0
3459,Commerce,RemoteArea,6,3,14,0.34140403890933346,88.29368362631504,11.7
3460,Commerce,Colombo,7,6,14,0.30143298761222953,71.08679951938765,14.0
3461,Physical Science,RemoteArea,8,5,11,0.10819350332102506,62.773202168365586,18.7
3462,Physical Science,Colombo,3,6,9,0.4420524043998456,56.17020171686891,5.6
3463,Commerce,Gampaha,1,8,12,0.23033130753556752,90.91905018382795,1.0
3464,Commerce,Galle,5,4,5,0.06352661164583318,65.65749559490358,9.0
3465,Physical Science,Jaffna,8,8,12,0.10648279404579103,44.41771053710014,19.3
3466,Arts,Kandy,4,8,0,0.2699252815651727,34.3181740150127,7.4
3467,Bio Science,Kandy,2,10,10,0.16921200822779747,66.6866248904087,2.6
3468,Commerce,Galle,9,6,3,0.42561096829723416,63.51668054724619,15.9
3469,Technology,Colombo,9,10,9,0.24736770370108507,50.74543847724331,17.1
3470,Physical Science,Gampaha,3,8,13,0.45764740021720185,43.78344768723173,7.7
3471,Physical Science,Colombo,7,7,14,0.05091324046917739,37.55366655920764,17.1
3472,Arts,Kandy,1,7,9,0.33429656649737904,53.110048932317355,1.2
3473,Commerce,Colombo,8,6,5,0.4428924261763445,57.05877917584947,14.8
3474,Commerce,Gampaha,8,5,12,0.14646523777861015,76.37656853144478,14.1
3475,Technology,Gampaha,3,6,15,0.06784379815764402,65.54499061574693,4.8
3476,Technology,Ratnapura,5,5,15,0.22832236898909902,83.45980842767355,8.3
3477,English,Ratnapura,4,4,1,0.48066711316380867,69.57607244016029,8.2
3478,Commerce,Jaffna,7,7,9,0.31673096275166024,72.19845091264915,12.2
3479,Bio Science,Gampaha,7,6,4,0.32198848551511966,76.68872966449959,14.8
3480,Bio Science,Galle,8,7,10,0.3357506272652943,44.19958153255784,18.5
3481,Physical Science,Jaffna,5,6,8,0.019880687796895447,55.95634223793263,10.3
3482,Commerce,Ratnapura,5,4,2,0.22282490066219623,97.02121791022478,9.3
3483,Physical Science,Kandy,8,7,2,0.03878600522085479,32.4065936253529,18.4
3484,English,Ratnapura,5,7,8,0.15792941468597688,59.53311192901931,8.9
3485,Commerce,Galle,1,7,15,0.41079951216843874,74.64222993620601,1.0
3486,Commerce,RemoteArea,3,3,12,0.3281349748635146,37.84594536259982,6.7
3487,Bio Science,Kandy,2,6,2,0.49778634936765753,49.7097950246577,4.8
3488,Physical Science,Jaffna,10,5,3,0.08607721218633846,91.43994484977559,21.5
3489,Physical Science,Colombo,5,10,11,0.19852711809271162,68.05660731501231,11.3
3490,Bio Science,Gampaha,8,8,8,0.40482010816146724,55.3832139747282,18.7
3491,Physical Science,Galle,9,8,3,0.10784580119671205,64.6570524354097,19.5
3492,Commerce,Colombo,9,9,15,0.0768609231645625,58.85462009790498,18.1
3493,Technology,Colombo,1,9,4,0.21380627849691303,87.68782377033396,1.0
3494,Technology,Gampaha,1,4,1,0.19186324507875074,45.63459480237456,1.7
3495,Commerce,Jaffna,1,6,7,0.4901029704516758,55.65811744636,1.4
3496,Physical Science,Gampaha,1,5,12,0.2281257645133254,43.61667405928081,1.5
3497,Technology,UpCountry,9,4,8,0.43047317155137677,59.56832237920172,18.4
3498,Technology,Ratnapura,1,7,9,0.44398275961694483,61.88151318810986,1.0
3499,Physical Science,Gampaha,7,5,3,0.07893585704720463,79.43460995842648,14.5
3500,Arts,Jaffna,6,7,2,0.3576524006242273,45.74903245186477,11.0
3501,Physical Science,Colombo,9,6,14,0.13880356960570167,74.25442761952873,21.3
3502,Technology,Jaffna,9,5,15,0.047369484131314754,68.80090693976858,17.1
3503,Sinhala,Colombo,4,9,3,0.43735245555079344,33.11242691735873,7.4
3504,Physical Science,Ratnapura,9,8,12,0.14621652048167572,55.12048950721643,21.9
3505,Technology,Colombo,6,10,12,0.17268283509540505,54.52407152894789,12.1
3506,Commerce,UpCountry,5,5,6,0.16199451825966998,88.24559115614237,7.1
3507,Sinhala,Kandy,9,8,15,0.10014771147668494,75.68590313476639,17.2
3508,Bio Science,Galle,7,4,0,0.21725169101431202,62.170055603122265,16.5
3509,Technology,Gampaha,9,4,10,0.21414641040121984,0.5691352389799249,19.6
3510,Physical Science,Kandy,5,9,10,0.20437581285559148,36.37595891781805,11.8
3511,Bio Science,Gampaha,4,4,1,0.45814887357828965,71.4168204790826,9.0
3512,Physical Science,UpCountry,10,3,15,0.16987581434790566,79.23064188909508,25.4
3513,Sinhala,Jaffna,3,4,9,0.015189454172078343,53.36627693805869,5.3
3514,Technology,Jaffna,5,8,4,0.08921850312038815,62.4151731617866,8.4
3515,Technology,Ratnapura,9,7,8,0.36074853828673686,63.351452266932924,16.7
3516,English,Kandy,3,7,14,0.2954293031572556,69.54168882521972,5.2
3517,Physical Science,Gampaha,1,4,12,0.4758674018705928,60.419932006111225,3.4
3518,Bio Science,UpCountry,2,6,5,0.3472175535954416,74.73052621683553,3.0
3519,Physical Science,Colombo,10,8,15,0.09712083669935567,84.0916456302865,23.9
3520,Physical Science,Colombo,5,6,2,0.06032210931365156,46.60575430011973,11.0
3521,Physical Science,Gampaha,3,8,2,0.2603798876572384,43.08441052396852,5.8
3522,Bio Science,Colombo,6,10,12,0.33263136807117116,54.05828653034653,14.9
3523,Physical Science,Colombo,8,10,6,0.0828183689842682,63.730770283361096,17.4
3524,Physical Science,Galle,6,8,2,0.30084650519135914,66.33446860871013,13.0
3525,Physical Science,Kandy,10,8,15,0.43251434196482874,79.32675007509962,24.2
3526,Physical Science,Galle,9,7,14,0.3637844640465222,81.57132829191089,21.1
3527,Sinhala,Galle,6,8,15,0.3320955404409038,72.93672913256788,10.7
3528,Arts,Colombo,5,9,9,0.39466552725496223,67.94387739225962,6.8
3529,English,Kandy,4,8,2,0.05204135452686548,85.73343260786532,4.9
3530,Bio Science,Ratnapura,2,6,9,0.10191572790559722,64.5750005778145,4.1
3531,Physical Science,UpCountry,6,3,11,0.019049748512894538,74.35070244777359,15.2
3532,Arts,Gampaha,2,5,6,0.0724889727133784,67.80381969924724,2.0
3533,Bio Science,Gampaha,5,8,8,0.45659117133476324,61.402203853732914,11.3
3534,Physical Science,Gampaha,1,7,8,0.11107246395865655,61.50118351102144,1.0
3535,Physical Science,Gampaha,3,6,2,0.33104860817293147,80.82935150552046,5.0
3536,Physical Science,Colombo,10,6,7,0.3457836245676892,62.1465454052828,22.5
3537,Physical Science,Gampaha,5,5,0,0.32266272970979404,54.70996263991846,10.5
3538,Bio Science,Galle,7,5,13,0.27696052436793167,55.44416402117691,16.7
3539,Commerce,Galle,8,4,11,0.24306517372340591,71.83803137282551,17.1
3540,Physical Science,Gampaha,7,7,7,0.20996042089042083,55.817929525467385,15.4
3541,Physical Science,Gampaha,7,7,10,0.45844934830914236,69.97691733274235,16.0
3542,Technology,Galle,2,7,1,0.00475718043857265,63.165856100204174,2.4
3543,Physical Science,Ratnapura,6,8,3,0.026744813013457658,55.089179719684836,11.9
3544,Bio Science,Galle,5,8,6,0.24625623275132424,42.06623658649205,10.9
3545,Technology,Colombo,9,6,5,0.16525504090209653,47.06163533985658,16.2
3546,Physical Science,Jaffna,10,6,11,0.20411510655162657,52.42192717321008,23.6
3547,Physical Science,Kandy,4,6,8,0.49892425977947064,48.93955057804802,9.0
3548,Bio Science,Kandy,7,8,13,0.38756734959811007,73.32901735878787,16.9
3549,Bio Science,Galle,8,4,7,0.4387039779941125,95.43763020010798,18.4
3550,Commerce,Colombo,6,10,1,0.18428728212280704,52.835148872256134,10.8
3551,Technology,Gampaha,3,7,12,0.11978022000308841,60.235879807860975,4.5
3552,Physical Science,Kandy,5,7,3,0.38399523416122305,52.73126178770429,10.5
3553,Commerce,Galle,1,4,0,0.4037880471285563,72.86515140944428,1.7
3554,Commerce,Colombo,8,6,6,0.2749492229870938,69.39535290590071,14.9
3555,Physical Science,Galle,2,5,14,0.44797075732365216,66.75058866766753,3.9
3556,Commerce,Gampaha,10,4,3,0.4836626283976629,43.30332798674579,20.3
3557,Physical Science,Colombo,7,9,7,0.23551033921565506,48.983564896284776,15.7
3558,Bio Science,Galle,9,5,1,0.11133333389036609,63.12940363337191,20.4
3559,Physical Science,Ratnapura,1,5,15,0.2585565535256569,70.84930935635903,1.0
3560,Bio Science,Kandy,4,9,14,0.4947666118378184,66.75836062051404,9.7
3561,Bio Science,Ratnapura,7,7,7,0.14646342984153998,73.47390690890455,13.9
3562,Technology,Gampaha,9,5,1,0.3087996618664005,42.161339455369884,17.3
3563,Physical Science,Kandy,2,9,10,0.3469918320349736,69.55384815739943,3.0
3564,Bio Science,Kandy,2,9,7,0.1069643971726385,67.21979483145074,3.1
3565,Bio Science,Gampaha,6,7,12,0.29422956141108286,51.63091171994882,14.1
3566,Arts,Gampaha,3,5,12,0.1572535029845577,56.92650417596321,4.4
3567,Commerce,Colombo,4,6,0,0.4271048045433711,70.3969421353421,6.5
3568,Commerce,Gampaha,3,6,12,0.3573767853530221,48.92112527774885,5.1
3569,Arts,UpCountry,1,3,1,0.4131332137394954,97.45656604880949,1.2
3570,Technology,Galle,6,6,4,0.09984119729597768,70.3364240133763,8.8
3571,Bio Science,Colombo,2,9,0,0.01728735284278382,59.13994784027916,3.5
3572,Commerce,Ratnapura,2,7,11,0.42526284240493745,61.71771498442635,1.6
3573,Technology,UpCountry,7,2,4,0.19337710020821497,73.82302247962926,13.9
3574,Sinhala,Kandy,5,9,4,0.08986120595607433,55.82975702605486,8.0
3575,Technology,Kandy,8,8,15,0.045947682633652454,61.945256129834064,14.7
3576,Bio Science,Galle,2,5,6,0.2582504030285456,84.78882412175575,2.6
3577,Physical Science,Gampaha,10,5,1,0.07506397630597289,53.426615077018475,22.8
3578,Bio Science,Gampaha,8,4,1,0.2833460122206284,62.54122022758092,19.8
3579,Arts,RemoteArea,7,4,14,0.3636532712563723,55.596818860794656,16.3
3580,Bio Science,Jaffna,10,7,11,0.26752908575812606,69.38560716231564,24.0
3581,Bio Science,Colombo,8,10,14,0.4518498913442405,75.70921651660082,19.4
3582,Technology,Colombo,3,6,5,0.0777848121678189,87.74343263787728,2.3
3583,Bio Science,Colombo,8,6,13,0.2469767366252495,52.439766650410874,19.7
3584,Technology,Galle,6,8,10,0.08159522969331612,43.28188693557181,10.9
3585,Bio Science,Colombo,2,7,12,0.43795096322327326,61.99814094326956,3.7
3586,Bio Science,Ratnapura,6,5,9,0.46611963817556906,55.243290139708726,12.6
3587,Bio Science,UpCountry,5,3,2,0.19999794082142391,60.76829442168861,11.6
3588,Arts,Colombo,3,10,12,0.15287412892433733,73.82982488797182,5.2
3589,Physical Science,Ratnapura,1,7,12,0.13965804771462437,99.97534613735311,1.0
3590,Physical Science,Colombo,7,9,7,0.42986367299536715,56.72771964118334,15.5
3591,English,Colombo,2,8,2,0.3412209623133226,27.84394468670593,3.7
3592,Physical Science,Gampaha,1,6,9,0.44029652732691715,60.93035025738447,1.4
3593,Commerce,UpCountry,1,3,3,0.05875841474189153,66.75791497084944,1.0
3594,Commerce,Galle,7,8,13,0.238013963932035,51.95553889909379,13.2
3595,Bio Science,Gampaha,1,4,12,0.3380895472325479,69.50523679371926,2.0
3596,Commerce,Gampaha,9,7,6,0.4485453803763975,65.0622230301736,16.5
3597,Physical Science,Kandy,6,10,0,0.19100960695649433,63.897776159983785,13.5
3598,Commerce,Colombo,4,8,0,0.15654503635513894,71.86982931194787,6.0
3599,Bio Science,Ratnapura,4,7,8,0.45648285459292287,62.75963073494996,8.2
3600,Commerce,UpCountry,5,5,14,0.02376663491508124,75.21306484759239,8.3
3601,Physical Science,Colombo,2,10,11,0.23979774492779005,38.51558279154524,3.3
3602,Commerce,Colombo,5,8,5,0.22931328030329157,48.06431062311,8.4
3603,Physical Science,Gampaha,2,8,4,0.07302820694540607,56.876985036109104,2.7
3604,Physical Science,Gampaha,4,4,1,0.19747505559068906,45.42306289975584,9.5
3605,Physical Science,Ratnapura,10,7,1,0.3612998699917417,60.598940031673905,23.3
3606,Physical Science,Colombo,5,10,15,0.18343422227712697,62.34385053633894,11.6
3607,Technology,Gampaha,6,8,6,0.15483023980488975,56.17299015631531,9.8
3608,Physical Science,Jaffna,6,4,5,0.3909477489531731,75.75707195339461,13.5
3609,English,Colombo,9,10,11,0.49435770551370095,66.75732686971934,17.7
3610,English,Gampaha,4,7,13,0.38967618696513984,50.24435146013661,7.6
3611,Commerce,Kandy,5,7,12,0.42317164407954094,56.95016422981645,9.9
3612,Physical Science,Galle,6,5,7,0.4697503749062565,74.79830625408881,13.1
3613,Bio Science,Gampaha,4,6,2,0.40088623303801574,63.99564034328465,7.8
3614,Arts,Colombo,6,6,2,0.490177144908354,78.93910247026702,10.3
3615,Bio Science,Gampaha,2,6,12,0.3736421273785308,78.69849366158192,3.1
3616,Physical Science,Jaffna,7,5,4,0.33076127558362095,56.16399606652469,16.2
3617,Commerce,Colombo,3,6,9,0.3466742746248124,86.03262673362238,4.2
3618,Technology,Gampaha,10,8,3,0.450040913387492,84.26722986298884,17.4
3619,Arts,Ratnapura,4,8,15,0.3415040754308992,40.71870664023242,7.0
3620,Physical Science,Ratnapura,9,7,11,0.3806025854738369,65.97671230137907,22.0
3621,Commerce,Gampaha,5,5,7,0.10800496684853012,55.25240764285956,8.1
3622,Physical Science,Colombo,9,10,5,0.45632480646740503,58.592863005736845,20.1
3623,Physical Science,Galle,10,4,7,0.22360662108960538,51.25773792392681,23.9
3624,Technology,Kandy,10,10,15,0.08053366545640239,53.37868676585287,20.5
3625,Physical Science,Gampaha,10,6,14,0.3998935957137306,80.51759859298375,23.5
3626,Physical Science,Gampaha,10,6,6,0.17819650881648708,45.47907660649848,23.8
3627,Physical Science,Gampaha,6,6,1,0.09205957148081062,61.90031850110034,12.2
3628,Technology,Ratnapura,8,6,8,0.12812557958529752,43.7629436544226,15.1
3629,Arts,Galle,5,6,10,0.017474490195235115,84.04108717902659,6.9
3630,Commerce,RemoteArea,5,5,12,0.0453114914466925,66.45050782075177,7.9
3631,Arts,Colombo,3,8,5,0.2963123676930626,73.6793827701964,4.1
3632,Physical Science,Colombo,7,9,10,0.43310891404722784,67.92658671800044,14.8
3633,Bio Science,Colombo,2,9,10,0.22426520669941308,61.201337641377336,3.3
3634,Bio Science,Jaffna,3,8,5,0.31302907114986134,63.52556351372557,5.7
3635,Physical Science,Jaffna,2,4,11,0.4048665506146421,88.11000129279654,4.2
3636,Bio Science,Galle,8,6,1,0.17838445522903468,47.03860008651789,18.1
3637,English,Galle,4,4,8,0.32715703517566713,25.759765863224644,9.8
3638,Physical Science,Gampaha,10,5,0,0.175216212895477,48.19702928232685,22.7
3639,Physical Science,Kandy,8,9,15,0.3213576773860346,49.36368804492911,19.6
3640,Physical Science,Jaffna,8,5,5,0.108803860069624,77.02021696748392,17.1
3641,Physical Science,Kandy,8,9,13,0.48891982713521,63.86406056262976,20.0
3642,English,Gampaha,8,6,7,0.03808888427827167,75.91176626074149,13.4
3643,Bio Science,Kandy,8,7,1,0.2526164247612788,60.97837373204502,18.4
3644,Bio Science,Kandy,9,10,2,0.1431482065260385,61.13014062738354,19.7
3645,Arts,Kandy,2,7,9,0.3004189174080424,66.95917429990038,3.1
3646,Physical Science,Kandy,9,9,14,0.21415348995545552,89.2003642869953,20.6
3647,Bio Science,Jaffna,8,7,9,0.1533327938049635,67.29791361640923,17.7
3648,Bio Science,Kandy,10,6,6,0.12501881914146773,79.63754774670147,21.5
3649,Commerce,Kandy,1,7,12,0.09124930709880741,81.67745802625767,1.0
3650,Sinhala,Jaffna,5,8,15,0.3914396580943812,65.05062627876266,8.4
3651,Arts,Gampaha,2,6,12,0.11109996854682302,64.89098224796908,3.3
3652,Bio Science,Colombo,10,6,10,0.3867630981879577,59.33296001250084,23.0
3653,Technology,Ratnapura,5,5,11,0.24251930457717236,84.74765838667665,8.9
3654,Physical Science,Kandy,8,6,0,0.03611401067809911,45.884069752230005,17.1
3655,Physical Science,Kandy,9,7,4,0.08272133882686794,51.15512407833539,20.1
3656,Physical Science,RemoteArea,9,4,10,0.4464523220610993,60.85633947237682,21.9
3657,Bio Science,Gampaha,1,6,5,0.30140791100256487,45.277715047729714,1.0
3658,Commerce,Gampaha,7,8,9,0.09216658936084221,55.630578244364415,13.0
3659,Commerce,Colombo,8,6,6,0.35188245760040054,80.04099288371032,14.1
3660,English,Ratnapura,10,8,12,0.411630872214245,75.77108472260156,20.0
3661,Commerce,Galle,3,5,9,0.16532657377923743,58.18889707722047,4.7
3662,Commerce,Colombo,6,8,9,0.2782976064053563,76.54243367878789,9.6
3663,Physical Science,Kandy,3,8,12,0.1467249851415685,97.22862103016878,4.7
3664,Physical Science,Jaffna,9,7,6,0.04003085886029312,67.69667839292958,19.5
3665,Commerce,Gampaha,3,7,2,0.19975453886846795,82.305391891499,3.7
3666,Bio Science,Galle,2,8,13,0.3757160095574431,79.27383225195555,3.6
3667,Technology,Gampaha,9,4,6,0.22934013944413845,58.583445472715255,17.8
3668,Physical Science,Colombo,8,7,0,0.20263450401007865,62.95946954571179,17.2
3669,Physical Science,Galle,8,8,10,0.1830035944197106,72.89423700461646,16.8
3670,Bio Science,Galle,2,6,3,0.22945841133477485,50.3254538449183,3.3
3671,Physical Science,Colombo,6,8,14,0.15911447606633272,27.861270169837013,15.7
3672,Physical Science,Ratnapura,5,6,6,0.30609209745593735,50.48886655681441,10.9
3673,Arts,Ratnapura,2,5,6,0.0317829897623475,30.62788577321895,3.6
3674,Physical Science,Colombo,5,10,3,0.4036940867236571,50.228198600381155,11.3
3675,Commerce,RemoteArea,4,3,0,0.08658347357666879,34.38833180628822,8.1
3676,Physical Science,Kandy,9,8,14,0.31672236414437227,80.20163056112553,20.7
3677,Physical Science,Gampaha,1,7,13,0.22494126152612037,48.76103748899429,1.0
3678,Bio Science,Galle,6,8,14,0.38674677343940345,75.16162133429829,13.4
3679,Technology,Gampaha,7,7,7,0.4130699934105283,74.9990309476021,12.8
3680,Bio Science,Gampaha,6,8,3,0.10210018609283356,72.02263160535277,12.9
3681,Arts,UpCountry,5,4,1,0.3385895737188778,32.47495723903144,11.1
3682,Physical Science,Galle,4,7,3,0.09495375338375311,78.3396659310329,7.6
3683,Arts,Galle,5,7,7,0.061999130417442316,69.80507549077208,7.5
3684,Physical Science,Kandy,9,10,7,0.46514805073562554,75.56398611803651,19.7
3685,Commerce,Galle,5,7,4,0.08219453522067144,89.44814403805526,7.6
3686,Commerce,Colombo,10,9,15,0.11406596629136667,79.414982056601,19.4
3687,English,Kandy,8,8,14,0.06516200389398447,49.260210535758304,16.3
3688,Bio Science,RemoteArea,7,6,1,0.23514594468572791,70.29925161273233,15.0
3689,Physical Science,Colombo,4,10,6,0.4598036612621952,40.44574659331548,9.0
3690,Physical Science,Galle,10,4,2,0.1320278693561222,60.05551571743447,23.7
3691,Technology,Gampaha,5,8,5,0.27092606537464486,54.95156800329757,8.9
3692,Commerce,Ratnapura,7,6,8,0.20572936854638246,64.15225810542276,12.4
3693,Arts,Galle,6,7,12,0.1680047054202385,43.35686742317991,11.5
3694,Physical Science,Colombo,3,6,15,0.28607634563178735,46.58431385447662,6.7
3695,Bio Science,Kandy,10,9,4,0.2794464505844054,55.25971377471323,22.0
3696,Physical Science,Ratnapura,3,8,8,0.17968330044200032,60.66215338923037,5.4
3697,English,UpCountry,2,3,3,0.42528164828302084,55.11307381677922,4.1
3698,Commerce,Colombo,3,9,8,0.026586053874762594,85.75678747028817,1.7
3699,English,Colombo,10,10,0,0.042619197583653956,66.35463186686441,19.0
3700,Physical Science,Colombo,1,8,3,0.49539062998336897,67.44287189639073,1.0
3701,Commerce,UpCountry,9,6,14,0.37384145602558955,61.2653148795698,17.8
3702,Commerce,Jaffna,2,4,10,0.40196445171504924,44.12252240479248,5.6
3703,Bio Science,Jaffna,3,5,13,0.3013505375693986,66.43818822738541,5.5
3704,Technology,Gampaha,5,5,0,0.2099302130132299,87.10904949224918,6.8
3705,English,Gampaha,10,5,11,0.31461343936615377,68.86569441826231,20.0
3706,Technology,Colombo,4,8,15,0.04629235280435651,84.1978864085284,5.6
3707,Arts,Kandy,5,7,12,0.37888458415108145,84.59086330574286,8.3
3708,Physical Science,Colombo,6,9,8,0.27037152357192473,72.39311888422019,12.1
3709,Physical Science,RemoteArea,5,4,7,0.47836594526904613,66.80410957601053,12.1
3710,English,Galle,10,8,15,0.3187376288538249,52.68402778935492,21.5
3711,Physical Science,Gampaha,1,4,7,0.07584626858922555,60.3732928768284,1.2
3712,Arts,Colombo,6,8,13,0.23877505748902333,61.086571457186054,11.9
3713,Arts,Galle,9,4,14,0.028911124609660555,71.9499333616922,19.6
3714,Commerce,Colombo,3,8,15,0.3727147796459357,46.28900088802222,5.3
3715,Sinhala,Colombo,2,10,6,0.2509157607841588,54.940639565223194,2.9
3716,Bio Science,Colombo,6,6,8,0.18482668489618476,70.06023835174611,12.4
3717,Bio Science,Kandy,3,8,14,0.48427469083601954,56.46827770600994,6.0
3718,Physical Science,Galle,4,4,10,0.47029925948368995,51.26585369324449,10.9
3719,Bio Science,Gampaha,6,5,10,0.4764159984130598,53.12877416779218,13.6
3720,Physical Science,Ratnapura,6,5,12,0.1104851211084551,61.91385931351482,13.5
3721,Bio Science,Gampaha,2,5,2,0.3642847978594961,25.289626183514102,3.9
3722,Technology,Jaffna,3,7,6,0.47269106860122806,51.807614810081965,5.5
3723,English,Colombo,9,7,5,0.28543512835331686,76.79129817515371,16.1
3724,Physical Science,Colombo,2,7,4,0.10708017196658559,66.85817870609807,3.1
3725,Bio Science,UpCountry,3,6,14,0.4089062319411311,73.3005786734503,6.3
3726,English,UpCountry,9,2,8,0.4399591236633559,36.584632511292014,18.8
3727,Physical Science,RemoteArea,4,2,3,0.351617693193257,55.28701532916187,8.3
3728,Physical Science,Galle,1,5,2,0.1467764387677981,59.26181421158095,1.0
3729,Physical Science,Colombo,2,6,12,0.09534694932722637,72.96542414719411,2.7
3730,Commerce,Colombo,3,8,10,0.31213490059835874,81.66283276843225,4.0
3731,Physical Science,Gampaha,9,5,2,0.24140026240122398,75.32088873700317,20.3
3732,English,Gampaha,9,5,15,0.33439136220663607,58.71937549540608,18.3
3733,Bio Science,UpCountry,6,5,1,0.05584983273118299,52.062766931629355,13.1
3734,Commerce,Galle,6,6,0,0.0679567755240319,81.18023983591999,9.6
3735,Physical Science,Jaffna,3,5,2,0.18144477798843578,55.59894126569584,5.0
3736,Bio Science,Colombo,5,7,7,0.12938014381443752,47.26107948369421,10.0
3737,Commerce,UpCountry,4,2,11,0.3096693155463354,62.393022129954346,9.4
3738,Arts,Galle,10,5,5,0.18377026468109403,82.74039683928729,17.2
3739,Arts,Colombo,10,7,1,0.34198539307394193,46.926932347398456,19.3
3740,Commerce,Galle,9,5,7,0.38439920105284486,57.066802103394586,16.4
3741,English,Colombo,9,7,15,0.09358378510959087,54.54733651286126,18.4
3742,Technology,Ratnapura,1,7,12,0.4599119177075305,80.34591493088504,1.0
3743,Arts,Jaffna,8,6,4,0.3935799201432851,66.317810951745,14.4
3744,Physical Science,Jaffna,9,7,11,0.31339040107713767,79.38820366540723,21.8
3745,Physical Science,Ratnapura,5,4,3,0.4544644273740687,84.97528322332988,11.7
3746,Physical Science,Gampaha,4,8,13,0.1329343748095998,43.81847331534091,8.9
3747,Commerce,RemoteArea,10,3,0,0.210856600986009,48.612729414607024,20.3
3748,Bio Science,Jaffna,4,4,11,0.04289349020030081,58.99717124810672,10.5
3749,Bio Science,Jaffna,2,8,12,0.2280909105785539,67.03257539435921,3.8
3750,Technology,Colombo,9,7,0,0.25320036479886043,67.58846411698589,16.2
3751,Technology,Ratnapura,5,5,3,0.30803346183003083,54.12819558673995,9.7
3752,English,Colombo,3,10,11,0.032019606542183665,55.12087707067746,4.3
3753,Bio Science,Colombo,6,9,14,0.0162330096168512,81.34989148332728,12.1
3754,Commerce,Colombo,9,10,12,0.20994508264054845,74.19146280487436,16.8
3755,Physical Science,Colombo,9,10,8,0.09456665613796261,68.73822672023854,19.5
3756,Physical Science,Kandy,5,8,9,0.3793941710762314,32.313615548282144,11.7
3757,Physical Science,Gampaha,8,5,9,0.3343681420676151,82.60014747703583,17.2
3758,Bio Science,Galle,4,5,5,0.16291348719152593,65.25953711478982,7.4
3759,Bio Science,Colombo,5,9,0,0.022891632581666377,57.570312240658,11.2
3760,Technology,Gampaha,7,7,11,0.09122181192175882,53.2100103748725,14.4
3761,Physical Science,Ratnapura,7,6,7,0.3458396713065555,54.006284209164754,15.1
3762,Arts,Gampaha,7,6,11,0.4950824466684884,52.136288656630796,14.4
3763,Commerce,Ratnapura,8,6,8,0.16323020254979115,34.036376877117355,15.2
3764,Physical Science,RemoteArea,5,5,15,0.40099814348269675,55.23717298633718,12.3
3765,Bio Science,Galle,1,8,1,0.43354824579937856,36.51443154375234,1.3
3766,Physical Science,Gampaha,9,5,15,0.024090436079238553,66.59299048176489,20.5
3767,Commerce,Ratnapura,9,5,15,0.4581107989611073,50.23858699437123,18.3
3768,Bio Science,Kandy,7,6,5,0.23310135218497724,73.44901133667396,15.6
3769,Physical Science,Galle,6,7,14,0.4821211032685839,42.03518962222112,14.9
3770,Physical Science,Colombo,5,9,6,0.26927791372655796,80.9211742379691,10.2
3771,Commerce,Kandy,5,8,10,0.11757175494932393,77.54922344914263,7.9
3772,English,Galle,3,4,12,0.4873341537038139,50.006464205744834,7.3
3773,Bio Science,Galle,10,4,0,0.12165245705798344,58.585992783703446,24.2
3774,Arts,Galle,1,7,13,0.44123911379875186,53.68433242707307,1.0
3775,Commerce,Galle,6,6,10,0.08656424735927504,73.6789901826152,9.5
3776,English,UpCountry,8,3,4,0.337383786378314,88.99785234730264,14.1
3777,Technology,Gampaha,2,6,15,0.205645804443097,85.2159601666023,1.7
3778,Commerce,Kandy,8,7,10,0.4860090865757225,54.68407817078944,14.8
3779,Commerce,Galle,8,7,10,0.09238631556962729,66.71951922291544,15.1
3780,Technology,Jaffna,10,6,4,0.20439733650404052,84.83393485854336,17.6
3781,Bio Science,RemoteArea,8,2,2,0.3198881620218706,68.86406148607524,19.5
3782,Bio Science,Ratnapura,10,8,1,0.4888102116377201,75.65169094832898,22.8
3783,Physical Science,Gampaha,3,4,13,0.15193153831567024,76.26842827636148,7.0
3784,Technology,Colombo,10,7,0,0.19843552552238874,61.14387359435631,18.9
3785,Technology,Colombo,8,9,14,0.2308959936611798,65.95801697877235,15.7
3786,Physical Science,Colombo,4,8,5,0.12635024564808806,44.3364414687467,8.6
3787,Commerce,Jaffna,3,7,6,0.4086773502018211,51.512779500895775,6.3
3788,Bio Science,Ratnapura,9,7,1,0.04599780287615135,46.972925296916365,20.2
3789,Physical Science,Jaffna,8,5,1,0.3523949658531513,55.229804390830985,17.8
3790,Sinhala,Jaffna,10,7,14,0.26696448497876774,68.4932203317804,19.7
3791,Physical Science,Colombo,2,8,4,0.12096347799285623,60.380988490530434,3.0
3792,Physical Science,Colombo,8,6,4,0.24641523676702437,65.23795709477876,17.6
3793,Commerce,Kandy,3,9,12,0.41497454609710255,75.96352808569945,4.7
3794,Arts,Galle,10,6,2,0.2227208019610632,54.76621486814831,17.8
3795,Physical Science,Galle,6,6,2,0.060948882457488585,72.0699495576375,11.0
3796,Commerce,Galle,5,5,14,0.020400981065759882,84.07250326234758,7.5
3797,Commerce,RemoteArea,8,5,0,0.38889814705677844,66.22722848491547,14.6
3798,Physical Science,Kandy,9,7,2,0.1652165729170203,52.83208394064496,20.2
3799,Physical Science,UpCountry,7,2,8,0.46562234828706794,78.20016832209411,16.9
3800,Commerce,Galle,6,4,1,0.30857359050026123,67.73972165336366,12.0
3801,Physical Science,Galle,6,6,0,0.21814194558408145,69.28236436876134,12.3
3802,English,Ratnapura,1,7,8,0.2822324600753563,87.02757240929644,1.0
3803,Technology,RemoteArea,5,4,15,0.2285663224563163,78.14164025202035,10.5
3804,Sinhala,Gampaha,8,7,15,0.4529055411916432,91.11406580234588,15.3
3805,Physical Science,Galle,6,5,4,0.22901093468364542,59.77254199658053,12.3
3806,English,Colombo,1,6,7,0.05203225429437369,57.028569292099846,1.0
3807,Bio Science,Gampaha,5,4,10,0.2985440195792293,82.23393603834771,11.8
3808,Bio Science,Colombo,5,7,3,0.3114905230751595,46.71380892666161,11.5
3809,Physical Science,Colombo,3,10,7,0.38266503639651733,91.82614085456825,5.4
3810,Physical Science,Colombo,8,10,11,0.4666420707755044,85.02861071270122,18.6
3811,Commerce,Galle,9,8,4,0.22154084106172522,63.3142253242994,16.8
3812,Bio Science,Ratnapura,6,7,5,0.1760383033036529,80.51910452055965,12.0
3813,Physical Science,Gampaha,6,5,5,0.24538550787374963,72.43499992365854,13.5
3814,Commerce,Colombo,2,9,5,0.4500994509556486,43.14952321124184,3.9
3815,Physical Science,Kandy,10,9,1,0.48999119091826004,48.25563262196859,23.6
3816,Commerce,Colombo,2,7,9,0.48561750330687103,68.7862089422416,3.5
3817,Bio Science,Colombo,6,9,9,0.11484775640261402,66.89315371168712,12.1
3818,Technology,Gampaha,8,5,8,0.24844768078093815,83.62192889280281,14.0
3819,Technology,Jaffna,2,8,6,0.12973701292750572,67.5308626099121,3.1
3820,Bio Science,Colombo,9,10,2,0.18399139118352353,41.96922927147416,21.0
3821,Bio Science,Colombo,9,9,1,0.01584205277077355,52.320085314106585,20.0
3822,Bio Science,Colombo,4,6,3,0.08030058963579173,72.64595608903203,7.2
3823,Technology,RemoteArea,4,3,7,0.19853797734351358,36.160766085098814,8.2
3824,Bio Science,Gampaha,4,6,8,0.1823523161115322,42.829616594628334,8.4
3825,Physical Science,Kandy,5,8,9,0.13941627556566905,58.91017730305829,9.9
3826,Physical Science,Colombo,8,9,1,0.1151547885431517,74.40072915554298,16.8
3827,Bio Science,Gampaha,2,4,15,0.3744778572236951,64.24877862398537,5.3
3828,Bio Science,Ratnapura,5,5,13,0.14727484990569556,73.41398953203361,11.3
3829,Technology,Ratnapura,2,8,5,0.3532718157313717,62.572224257677846,2.4
3830,Physical Science,Gampaha,8,7,7,0.1843125545408319,61.3872186793412,17.2
3831,Bio Science,Gampaha,1,5,2,0.40098961953777884,51.19320154430976,1.9
3832,Technology,Colombo,7,7,10,0.08361667436767106,77.597384469709,11.9
3833,Technology,Jaffna,3,5,8,0.07880194018478909,45.18598174386352,4.5
3834,Bio Science,RemoteArea,4,2,3,0.3398361335205022,57.99514373385193,10.1
3835,Bio Science,Gampaha,8,5,4,0.4574576209044276,79.1919400704009,17.3
3836,Bio Science,Kandy,3,6,13,0.07149335241643567,55.03631153790337,5.9
3837,English,RemoteArea,7,2,11,0.036852308921908494,42.15493975061494,16.4
3838,Physical Science,Galle,1,5,6,0.46731860341091186,31.247586648197267,2.2
3839,English,Gampaha,9,8,13,0.058663471932909717,76.49411908928039,16.9
3840,Commerce,Jaffna,6,5,10,0.12518345988284135,76.00423417684166,9.7
3841,Commerce,Colombo,3,10,10,0.46474708371004037,59.83654669067081,4.0
3842,Physical Science,Kandy,7,9,4,0.4014589464801108,42.93457466134444,16.1
3843,Bio Science,Colombo,5,8,15,0.17137890682864693,65.30854441078651,11.3
3844,Bio Science,Colombo,8,9,3,0.4772638598282967,79.17141702541494,18.5
3845,Physical Science,Gampaha,8,4,3,0.28402425659936875,42.4605462556146,19.9
3846,Commerce,Colombo,9,9,4,0.03612413131384662,77.87261629508532,15.7
3847,Sinhala,Jaffna,6,6,2,0.3515334386339073,35.57156490070737,11.7
3848,Commerce,Gampaha,4,6,8,0.26863867891165094,46.945245099427794,8.1
3849,Arts,Kandy,2,10,11,0.28629402525957776,67.13915514625782,3.0
3850,Physical Science,Colombo,3,9,1,0.4970521221627325,74.71478800572656,5.0
3851,Bio Science,Colombo,5,6,15,0.07625714164977077,89.5746405457967,10.7
3852,Physical Science,Kandy,8,6,11,0.3283979501439461,80.37634778220243,18.4
3853,Commerce,RemoteArea,10,6,6,0.22937054861484585,86.28397371532299,17.3
3854,English,Ratnapura,2,8,3,0.13594656244399783,64.23090731894406,1.5
3855,Commerce,Colombo,5,9,7,0.3467723958314814,54.17618099518967,9.8
3856,Physical Science,Galle,9,8,6,0.33410640362499994,80.76129553685973,20.2
3857,Bio Science,Ratnapura,2,6,7,0.42824755406176507,83.95256029546312,3.5
3858,Commerce,Galle,8,4,3,0.439434617593252,75.46234589636384,16.4
3859,Bio Science,Kandy,3,8,10,0.28090972652461904,74.18841025661152,5.6
3860,Technology,Gampaha,8,5,1,0.16278628303385873,81.37957485267805,13.5
3861,Technology,Gampaha,4,6,6,0.26479022521907253,68.12956732689669,6.4
3862,Commerce,Colombo,4,6,11,0.17962756335143143,65.19203176286192,6.5
3863,Bio Science,Gampaha,7,5,8,0.1386780420148057,74.88282198998235,14.2
3864,Physical Science,Galle,5,7,5,0.27578768888858335,69.66369507102353,9.9
3865,Physical Science,Jaffna,4,5,6,0.32896708708153466,76.27936682502113,8.9
3866,Bio Science,Jaffna,7,8,5,0.2952856434551971,60.52095503840243,15.2
3867,Bio Science,Galle,3,4,1,0.47720976068165977,74.13875471247353,7.7
3868,Commerce,Colombo,9,10,12,0.14931805927698244,78.86424698214392,18.2
3869,Commerce,Kandy,5,8,8,0.18617084252733707,67.20023914017095,8.5
3870,Physical Science,Gampaha,3,7,4,0.33382141161177686,50.74548033431422,5.8
3871,Bio Science,Galle,2,4,11,0.30017931375180346,84.10936477886418,4.1
3872,Physical Science,Gampaha,7,7,14,0.0009316926686817606,48.855138084873566,16.7
3873,Physical Science,Kandy,7,6,15,0.1561427342633706,53.13441340823933,18.0
3874,Technology,Galle,5,8,2,0.12688092623431874,63.5203427144108,8.8
3875,Physical Science,Gampaha,4,6,3,0.41995744332300783,23.881507489414915,9.9
3876,Bio Science,Ratnapura,2,5,3,0.4331243654424645,84.64439001260247,2.7
3877,Physical Science,Kandy,2,9,12,0.14194657051557913,66.22038359179138,3.3
3878,Technology,Gampaha,7,4,11,0.05103557681376819,88.59224863939863,14.0
3879,Commerce,Jaffna,10,4,8,0.10260097352934971,91.06050399339598,18.8
3880,Physical Science,UpCountry,7,5,10,0.08828419945952948,62.67752987904944,14.4
3881,Commerce,Gampaha,4,5,4,0.11871767964254482,82.23126581225725,5.0
3882,Arts,Gampaha,4,6,1,0.11732245114870765,44.59832859214629,6.9
3883,English,Jaffna,4,4,5,0.2399193244504867,68.99945683320595,7.1
3884,Physical Science,Colombo,2,6,11,0.15982069036878227,58.39915525392368,3.1
3885,Technology,Colombo,9,9,13,0.2799108754277219,76.94728852695421,17.6
3886,English,UpCountry,1,5,6,0.17206731217042076,76.23860260612675,1.0
3887,English,Jaffna,8,4,7,0.40733846498263526,61.1013814812853,16.8
3888,Commerce,Ratnapura,6,4,4,0.4753962388918688,70.17232008679694,11.5
3889,Commerce,Colombo,10,6,7,0.20195922667751237,77.67059454338303,17.2
3890,Bio Science,Jaffna,7,8,7,0.024734267393277443,66.31730202924425,15.3
3891,Arts,Galle,5,4,13,0.1197891236839197,100.0,10.1
3892,Commerce,Galle,6,6,3,0.05092908210152086,59.44292063840186,9.6
3893,Commerce,Colombo,6,8,6,0.17238195490645336,87.83784417405498,9.0
3894,Bio Science,UpCountry,9,3,11,0.3225571170900848,82.68086899998296,23.3
3895,Arts,Kandy,10,9,12,0.25945395447225533,38.10156832482828,21.1
3896,Technology,Jaffna,4,5,8,0.12143783901381922,86.39460111893635,5.4
3897,Physical Science,Kandy,5,6,9,0.38362952632132835,80.60917489468122,9.7
3898,Technology,Colombo,4,9,3,0.06574036468986455,63.2121887815992,6.4
3899,Commerce,RemoteArea,1,2,8,0.11409798756235057,69.5331023411124,1.3
3900,Technology,Colombo,10,9,11,0.3380235752963374,72.89186392580851,19.9
3901,Bio Science,Colombo,6,10,3,0.09861719334443342,82.12962965105721,11.3
3902,Bio Science,Galle,5,8,0,0.33938135793929464,53.80385198712382,11.3
3903,English,Kandy,4,10,3,0.48847067514807496,85.29003631519473,6.0
3904,Physical Science,Galle,6,5,1,0.4156766435980766,44.23911895240665,13.7
3905,Technology,Kandy,5,9,5,0.08000527018146192,36.097997977499176,9.6
3906,Bio Science,Gampaha,3,5,12,0.26024921075162677,74.90228732649456,5.2
3907,Commerce,UpCountry,2,5,14,0.2111607817162423,85.88539286914074,1.6
3908,Bio Science,Ratnapura,6,4,14,0.49583470661669854,64.30624928875281,15.3
3909,Commerce,Galle,4,8,7,0.4822003508702914,29.53672041376209,7.7
3910,Bio Science,Colombo,10,10,5,0.06355602638545244,40.13589535721117,23.4
3911,Physical Science,Galle,3,7,8,0.4543654360081667,70.5442575739759,5.0
3912,Physical Science,Colombo,8,7,5,0.09670916901922938,62.349175717258326,17.4
3913,Physical Science,Kandy,9,7,10,0.15972575085637464,84.2642067647452,19.9
3914,Sinhala,Galle,7,6,6,0.1767039898654717,64.0938659448936,12.5
3915,English,Gampaha,2,8,11,0.14341102256091076,54.39117561588563,2.4
3916,Bio Science,Jaffna,8,8,4,0.42662189658346467,66.63621686172058,17.3
3917,Arts,Galle,5,5,7,0.16496620293818748,78.73418088891118,6.7
3918,Bio Science,Jaffna,10,8,1,0.4083692095425956,80.76851645812832,22.9
3919,Commerce,UpCountry,7,3,1,0.4971884082524786,58.83485962611316,14.3
3920,Technology,Gampaha,5,6,10,0.42038076891352283,66.01136293449261,7.7
3921,English,Colombo,2,9,7,0.17307146321714612,75.18907897477534,1.3
3922,Bio Science,Ratnapura,4,7,5,0.3556261967064312,51.27087498721285,8.1
3923,Arts,Colombo,5,8,1,0.26696172349553665,71.55160112752478,7.9
3924,Physical Science,Colombo,6,10,5,0.39325889194170427,59.0193897800423,14.4
3925,Sinhala,Kandy,5,6,12,0.07654869732312086,64.86636443510639,9.2
3926,Physical Science,Colombo,10,10,10,0.31906729632295194,65.04014607887468,22.7
3927,Commerce,Ratnapura,1,5,7,0.3868333866708673,65.44384839540481,1.2
3928,Commerce,Ratnapura,1,4,5,0.38061566770332006,91.20675820151301,2.1
3929,Commerce,Galle,3,6,8,0.4817965028018908,56.96527486613886,5.3
3930,Physical Science,Kandy,9,9,5,0.029205690392160033,56.23759053042539,20.5
3931,English,Gampaha,2,7,13,0.17288968454614528,88.20106385221796,1.2
3932,Physical Science,Galle,10,8,2,0.2382767908957194,67.6703626794215,21.8
3933,Commerce,Ratnapura,5,7,8,0.1548817641960406,75.5133356509885,7.3
3934,Physical Science,RemoteArea,9,6,9,0.15489475683623544,49.04624232627586,20.4
3935,Bio Science,Kandy,7,7,14,0.08806430334496318,70.69651268221298,14.7
3936,Commerce,Colombo,8,7,4,0.40647570151260387,74.15563619946725,15.0
3937,Bio Science,Jaffna,2,6,5,0.4540345221922712,52.38445555645558,3.7
3938,Physical Science,Galle,5,5,3,0.04116367978587526,70.92739292159082,10.1
3939,Physical Science,Gampaha,9,8,2,0.07744945587914931,57.934037203152926,19.1
3940,Bio Science,Galle,1,7,9,0.1142264999359266,54.81868812703878,1.4
3941,Arts,Colombo,1,7,13,0.25449374192708457,81.69787164355981,1.0
3942,Technology,Colombo,10,7,4,0.39558601665048354,79.06869691229741,18.2
3943,Physical Science,Ratnapura,8,8,11,0.0357277623824751,67.43093333366039,19.0
3944,Bio Science,Colombo,2,7,2,0.3184064928292143,67.76056592903326,2.7
3945,Physical Science,Colombo,9,9,12,0.07466772813520989,85.8688361475314,20.8
3946,Physical Science,UpCountry,10,5,1,0.48572853393813264,54.56769412402825,23.6
3947,Commerce,Ratnapura,9,7,14,0.4493867154258709,72.22872351030001,17.9
3948,Commerce,Gampaha,4,7,5,0.474791424472876,56.70484820203912,7.8
3949,Physical Science,Kandy,2,6,13,0.05308193879135403,51.223130016361786,2.6
3950,Physical Science,Galle,3,7,7,0.24401819142709597,57.580282965740054,5.6
3951,Physical Science,RemoteArea,10,2,13,0.08262328349918763,49.62584666698286,25.4
3952,Technology,Galle,1,7,2,0.30017777539158313,67.38333983037808,1.0
3953,Sinhala,RemoteArea,3,5,5,0.11636955633093204,50.9172963240631,4.4
3954,Physical Science,Galle,5,8,10,0.38531549168448537,44.04419400511002,11.2
3955,Physical Science,RemoteArea,3,5,15,0.3220013003248339,78.64060268588469,6.1
3956,Technology,Jaffna,3,5,13,0.28580229714363437,76.66509305140164,4.2
3957,English,Ratnapura,10,7,8,0.41261357898266493,59.046025007531455,20.3
3958,Bio Science,Gampaha,6,6,14,0.25013651541747445,77.54802567010563,13.9
3959,Physical Science,Kandy,3,10,13,0.1349258701728423,54.40856089531443,6.2
3960,Physical Science,Gampaha,3,8,0,0.31035274840004407,54.41525344618284,5.7
3961,Commerce,Colombo,9,9,2,0.47853131609890304,67.10995216206986,16.3
3962,Bio Science,Kandy,2,8,12,0.30057968167210286,81.5070273208006,3.1
3963,Physical Science,UpCountry,1,5,1,0.31480972451971534,54.76340964185398,1.0
3964,Commerce,Ratnapura,10,5,11,0.4673753406298321,56.56135346598147,21.4
3965,Physical Science,Galle,8,8,7,0.25763755015387246,78.23760557933318,17.1
3966,Arts,Jaffna,3,8,8,0.4981787308573962,73.19029626721506,4.5
3967,Bio Science,RemoteArea,7,4,9,0.07983102176653772,66.7308525023519,16.3
3968,Physical Science,UpCountry,2,2,5,0.2685199215061601,80.21678272334941,4.1
3969,Commerce,Galle,8,6,2,0.10645042050719072,90.20508271717101,13.3
3970,Bio Science,Kandy,9,7,9,0.2266631841703463,69.98875167792454,20.8
3971,Sinhala,Colombo,8,8,7,0.08528695475088405,54.65192349701504,14.6
3972,Commerce,Kandy,8,6,9,0.11126438576290304,71.95963659806289,14.0
3973,Physical Science,Galle,8,5,14,0.10540002481613175,54.700991701708,19.7
3974,Arts,Galle,7,5,6,0.16001566951200397,81.63244149268945,11.5
3975,Physical Science,Galle,2,4,13,0.06730251725941822,55.97525849255874,4.5
3976,English,Colombo,8,9,1,0.4046710874875081,57.60289361144838,13.4
3977,Bio Science,Kandy,5,8,10,0.11033779864610677,52.43485352384919,9.4
3978,Commerce,Gampaha,6,5,6,0.20828449757168754,65.73259898656298,10.6
3979,Physical Science,Ratnapura,4,6,0,0.008028569115012152,63.26181431902532,7.7
3980,Bio Science,Colombo,1,6,7,0.05244077164089106,74.63968931350459,1.0
3981,Technology,Colombo,5,10,11,0.4481359502066258,67.29463281941493,10.6
3982,Technology,Galle,3,4,4,0.4185801019202227,62.69400571539545,6.2
3983,Physical Science,Colombo,9,8,8,0.4204612262275973,55.39179867408423,19.4
3984,Physical Science,Colombo,4,7,11,0.20567670862742854,61.204790358599254,9.1
3985,Technology,UpCountry,10,4,10,0.0707653994258321,44.10630528520092,20.8
3986,English,Gampaha,2,8,11,0.053947260747158055,86.40551362028964,1.7
3987,Physical Science,Ratnapura,4,5,2,0.3028013624003577,59.58547266309358,8.8
3988,Bio Science,Colombo,3,10,11,0.4140966274543148,90.11044647405204,4.6
3989,Bio Science,Colombo,3,9,6,0.4500572410701215,61.18456428783896,6.1
3990,Technology,Colombo,5,6,7,0.14436582528011327,34.9681352214447,8.7
3991,Physical Science,Ratnapura,1,7,0,0.16051328491672678,53.244091163887916,1.2
3992,Physical Science,Kandy,5,8,13,0.05043832843071233,66.46090653491268,11.6
3993,Arts,Colombo,8,9,5,0.387204894634006,63.48025542580895,14.5
3994,Physical Science,Gampaha,10,4,13,0.13784513556056943,76.65255840144472,25.8
3995,Bio Science,Galle,9,5,10,0.24046473478171482,67.60820726684106,19.4
3996,Bio Science,Gampaha,1,8,1,0.4644486522644162,55.44505604821282,1.5
3997,Bio Science,UpCountry,2,3,7,0.37610786516246847,49.77515446471944,5.1
3998,Bio Science,Gampaha,2,7,5,0.026368948144535886,56.40447461106952,3.9
3999,Commerce,Gampaha,6,6,10,0.004077297229714838,74.06788765413101,9.0
4000,Physical Science,Galle,1,7,14,0.393703962940204,79.8761906365259,1.0
4001,Commerce,Ratnapura,1,4,10,0.27625011848934783,54.89214479189229,2.9
4002,Technology,Ratnapura,2,4,11,0.36016720468135044,80.60494684319148,2.8
4003,Arts,Jaffna,4,6,2,0.07840766091330675,69.53596110734173,6.1
4004,Physical Science,Gampaha,2,5,3,0.43602392498531006,48.19373698182215,4.1
4005,Physical Science,Galle,4,4,6,0.386662489507231,66.70057575834875,9.3
4006,Physical Science,UpCountry,3,2,8,0.44541945702730684,69.5465059448921,7.9
4007,Bio Science,Gampaha,3,6,10,0.1705480413287354,49.03335798180257,6.8
4008,Bio Science,Kandy,9,7,9,0.13785259764162316,44.12043558913974,20.7
4009,Commerce,Kandy,8,9,1,0.07586571996196345,67.60728568105755,13.7
4010,Physical Science,RemoteArea,10,6,8,0.4650442539734985,57.18586018082513,22.3
4011,Physical Science,Galle,9,6,14,0.08841460177892035,89.68152565800457,20.7
4012,Bio Science,UpCountry,1,3,5,0.05965861685575252,88.31599417502986,1.0
4013,Commerce,Colombo,5,10,1,0.09633910449339117,67.57983933652297,7.9
4014,Physical Science,Galle,4,6,7,0.38569086338005665,77.77610160156678,7.5
4015,Commerce,Colombo,9,9,3,0.4447646174914405,46.14219830154997,17.1
4016,Physical Science,Colombo,3,9,10,0.40545672824821216,45.021549709121075,6.5
4017,Technology,UpCountry,5,3,12,0.2816192764356424,63.87878531911053,10.3
4018,Technology,Ratnapura,8,5,14,0.49694212538886157,47.70159117611471,17.4
4019,Physical Science,RemoteArea,10,5,7,0.03442703224672439,68.11456563144154,21.4
4020,Physical Science,Colombo,5,9,15,0.43359583891081277,55.74485444031861,12.1
4021,Bio Science,Galle,9,6,10,0.21385693085688445,67.8568371049488,19.6
4022,Physical Science,Colombo,2,7,6,0.2275611743527332,60.403471227715016,3.6
4023,Commerce,Gampaha,6,8,6,0.06379744682564026,72.56028558290448,10.0
4024,Technology,Colombo,5,9,10,0.016716487176914208,69.89508170593139,8.0
4025,Commerce,Kandy,9,10,12,0.15831416303471663,59.94115288347874,17.3
4026,Technology,Gampaha,7,5,13,0.08742676655696463,45.97421502352246,13.8
4027,Bio Science,Jaffna,8,5,6,0.2416693780356558,65.43765881788673,18.3
4028,Physical Science,Ratnapura,7,4,1,0.07366526302688597,34.36285188699658,17.1
4029,Arts,Ratnapura,10,7,7,0.06896386825113787,82.19160366253813,17.9
4030,Bio Science,Ratnapura,10,5,1,0.4384894920519247,68.43401120456255,22.6
4031,Commerce,Gampaha,5,5,2,0.4606473506632045,73.64161858430462,8.3
4032,Physical Science,Galle,5,7,9,0.48210810429395495,49.95773950035455,11.4
4033,Physical Science,Galle,4,4,6,0.34025122143695596,68.34121657464793,9.1
4034,Sinhala,Colombo,2,6,6,0.3855082523979347,53.00095791325675,3.5
4035,Physical Science,Kandy,9,6,11,0.4178923776213146,67.73604569773843,21.7
4036,Sinhala,Galle,10,4,6,0.32946102956033224,48.02345805372977,20.8
4037,Sinhala,Colombo,10,8,3,0.16512155235126458,60.24837209029392,18.9
4038,Arts,Gampaha,10,7,4,0.07819349921676205,41.3220424953021,19.0
4039,Commerce,Kandy,10,9,6,0.11863665357907505,60.59954114488566,17.9
4040,Commerce,Colombo,3,9,7,0.4202070257024813,38.834274004695395,5.6
4041,Technology,Ratnapura,3,4,15,0.3480486191434206,93.70670563395926,5.1
4042,Physical Science,Colombo,3,6,2,0.2278978817630758,63.40607480603424,5.4
4043,Bio Science,Kandy,8,7,5,0.014702538590226355,62.58520324209472,16.9
4044,Commerce,Ratnapura,6,6,11,0.13310218521694156,75.64085583173896,10.3
4045,Bio Science,Colombo,1,9,8,0.3644487465628819,44.51039768916637,2.0
4046,Bio Science,Gampaha,3,6,9,0.25619361754751147,52.788735496500315,6.4
4047,Bio Science,Ratnapura,4,7,13,0.217766247241225,74.46589722421355,8.8
4048,Commerce,Colombo,2,6,10,0.15683970038995387,67.421819973599,2.2
4049,Technology,UpCountry,6,2,11,0.30346591528851197,54.70524879437894,14.2
4050,Physical Science,Ratnapura,10,7,4,0.4831926926858446,71.72068564716902,22.2
4051,English,Jaffna,1,8,3,0.450561821648753,66.04096930765898,1.3
4052,Commerce,Gampaha,1,4,8,0.015248969042141014,71.58335909048682,1.6
4053,Technology,Jaffna,8,5,3,0.24047691129172288,67.34607720374972,14.3
4054,Commerce,Kandy,4,6,2,0.16473464902347384,50.778955002242505,6.7
4055,Arts,Colombo,1,7,12,0.2553023311699005,64.86228544767948,1.0
4056,Physical Science,Galle,7,6,6,0.3031068449358574,35.14415714085581,16.6
4057,Technology,Gampaha,9,4,15,0.1000140339987734,59.83751694494007,19.6
4058,Physical Science,Galle,10,4,4,0.39078403477412815,58.31985054042606,24.1
4059,Technology,Gampaha,7,6,0,0.23753402504298315,69.401301499809,11.7
4060,Sinhala,RemoteArea,1,3,7,0.49600302744912306,71.18226354545862,2.2
4061,Physical Science,Galle,1,8,10,0.012563692871780607,53.718772985546806,1.0
4062,Physical Science,RemoteArea,1,3,0,0.09485958809322925,48.386910917491214,2.8
4063,Arts,Kandy,8,9,8,0.34481490028019907,83.60461448257004,13.0
4064,Physical Science,Gampaha,7,7,0,0.3475898732627794,55.59137400786099,15.8
4065,Technology,Galle,3,7,3,0.2910941122084725,63.213748787280075,4.3
4066,Physical Science,Galle,3,6,9,0.48598001434531435,76.2787296003692,5.4
4067,Physical Science,RemoteArea,3,3,3,0.20765750435996672,60.30747497941529,7.0
4068,Sinhala,Gampaha,2,4,10,0.2085184060337597,62.72510116747216,2.4
4069,Commerce,Galle,4,7,13,0.4552381816120867,61.77002176335662,7.2
4070,Technology,Colombo,7,7,8,0.26922089099840535,56.363905007774065,12.2
4071,Bio Science,Kandy,9,6,0,0.17686383079280021,62.14353790757015,19.5
4072,Commerce,Colombo,3,7,9,0.3594689929169295,37.16304509989281,7.0
4073,Commerce,Gampaha,10,6,12,0.3098353090937637,60.583253008975426,19.7
4074,Commerce,UpCountry,7,5,8,0.15320502514329576,72.10376324285478,12.1
4075,Commerce,Colombo,4,10,15,0.14896439904060782,73.85518484047809,6.0
4076,Commerce,Kandy,1,9,3,0.19780639876362738,82.66596996488487,1.0
4077,Bio Science,Kandy,5,9,6,0.035810032830096816,75.56126263513278,8.9
4078,Physical Science,Colombo,8,8,8,0.47130845124381954,70.12386559024382,18.4
4079,Arts,Gampaha,3,4,10,0.09151002009833253,65.42994413030797,6.1
4080,Physical Science,Kandy,10,9,6,0.09691215116386026,56.152001965106,22.0
4081,Commerce,Colombo,4,6,1,0.32351920250853883,68.04902380217733,6.8
4082,Physical Science,Galle,3,4,5,0.36212352364990563,67.35234296251662,6.7
4083,Commerce,RemoteArea,10,4,12,0.3684177297999362,60.38576949558027,22.0
4084,Arts,Colombo,8,9,5,0.18753751175211553,49.49362476589338,15.1
4085,Physical Science,Colombo,10,8,2,0.43666447645496276,60.20352781863608,22.4
4086,Physical Science,Gampaha,8,6,3,0.2719995308740222,78.84010445140652,16.7
4087,Physical Science,Jaffna,4,8,5,0.21929377608127776,64.15311069596947,7.9
4088,Commerce,Colombo,2,8,10,0.4051932304328337,65.42596262944053,2.6
4089,Technology,Ratnapura,3,8,5,0.12178062461191885,68.84750480348514,3.4
4090,Physical Science,Kandy,3,6,0,0.4300927217177596,67.21980853466277,6.9
4091,Arts,UpCountry,4,2,9,0.26941469728246376,68.23360893272152,7.3
4092,Bio Science,Gampaha,2,5,7,0.45002907883656823,62.86879502973183,4.1
4093,Bio Science,Gampaha,2,5,8,0.10080626552787958,56.37726935101887,3.4
4094,English,RemoteArea,3,2,1,0.46803153800121294,75.57285086316541,5.5
4095,Bio Science,Jaffna,1,7,3,0.34393837098619506,55.095575063122645,1.5
4096,Bio Science,Jaffna,8,5,10,0.3091642634011928,88.58492881792353,16.4
4097,Physical Science,Kandy,6,8,5,0.21103375974150368,64.81537908978754,12.7
4098,Physical Science,RemoteArea,3,3,1,0.47815749998286206,61.290368376329674,8.0
4099,Physical Science,Jaffna,1,4,10,0.22195981415575639,76.39967629759347,1.5
4100,Physical Science,Galle,3,7,6,0.24927147622378792,53.202207698744644,6.1
4101,Commerce,Jaffna,1,4,5,0.3907490542926563,71.1080086147875,1.6
4102,Bio Science,Jaffna,3,7,7,0.14242121480635306,65.22887382801215,5.4
4103,Commerce,Colombo,4,7,14,0.1457476564068959,73.16322013426863,6.5
4104,Physical Science,Gampaha,6,6,6,0.38764884381061,52.74608244182873,13.2
4105,Physical Science,Galle,7,6,15,0.06428989459505396,57.105443804585164,15.6
4106,Commerce,Colombo,7,6,9,0.4114822601465117,37.01223620035253,14.0
4107,English,Kandy,9,9,0,0.31258750415492415,53.141198370963494,17.8
4108,Physical Science,Colombo,8,7,9,0.2695418832016355,56.85440423725149,17.9
4109,Technology,Galle,4,7,9,0.11455469108994076,54.489444980913,6.1
4110,Commerce,Colombo,6,9,4,0.3931840846722044,60.26807428529633,10.9
4111,Commerce,Galle,1,7,5,0.4024765447543746,63.463980574205735,1.3
4112,Commerce,Kandy,8,7,13,0.2414709339382589,73.99611903845985,16.0
4113,Physical Science,Colombo,6,9,6,0.1945844874286044,71.48683929362828,12.9
4114,Physical Science,Kandy,2,8,3,0.12308091876196992,71.25717765566286,2.9
4115,Commerce,Colombo,8,6,13,0.37711700854458746,76.88449318097061,15.9
4116,Bio Science,Gampaha,4,8,8,0.3197259615633531,68.1296949363778,8.0
4117,English,Gampaha,9,7,0,0.10331551468342887,60.82840324670686,15.7
4118,Bio Science,Ratnapura,4,6,2,0.39723403984245037,74.93655413427925,7.7
4119,Physical Science,RemoteArea,1,4,9,0.44110265667922977,74.8992877471011,2.1
4120,Arts,Ratnapura,7,4,1,0.02962363137412294,38.27051236138335,14.4
4121,Physical Science,Jaffna,10,4,13,0.38621031901202063,63.90817991839624,25.6
4122,Commerce,Gampaha,5,8,1,0.42640096671382627,33.44899322734443,10.0
4123,Commerce,Kandy,10,10,0,0.4957539497372735,32.65561520349145,18.9
4124,English,Gampaha,5,8,12,0.11880074946868346,58.36687206869623,9.3
4125,Arts,Jaffna,4,5,2,0.1855016026071264,59.08010621092103,7.0
4126,Commerce,Jaffna,6,5,9,0.48309554610043953,58.137336714642466,11.5
4127,Commerce,Jaffna,1,6,4,0.04700777514679222,35.35865179156774,1.0
4128,English,Colombo,3,6,5,0.26185392195737706,74.12643816464524,4.4
4129,Physical Science,Jaffna,7,7,7,0.25337228991894384,52.89585926259855,15.9
4130,Physical Science,Colombo,8,6,3,0.3032738694405818,68.8406429515673,18.4
4131,Physical Science,Ratnapura,9,5,0,0.16539630742314504,49.80843399210936,20.5
4132,Physical Science,Gampaha,1,6,11,0.4629590443358957,58.03551468236271,2.0
4133,Commerce,Gampaha,4,7,15,0.1350306304795364,74.00526208878239,6.1
4134,Commerce,Gampaha,2,8,8,0.3248477587922012,58.76279253493214,2.3
4135,Commerce,Jaffna,2,8,2,0.24796351137746808,63.55761370542846,2.8
4136,Physical Science,Gampaha,1,5,7,0.13333672624003995,67.6598356604969,1.0
4137,Arts,Gampaha,5,6,13,0.0944268978612135,45.0930513867727,9.2
4138,Bio Science,Ratnapura,2,4,3,0.4782810621288295,68.66683095790133,4.4
4139,Commerce,Jaffna,4,5,10,0.28064573079789296,50.93578571464444,6.9
4140,Commerce,Kandy,9,6,14,0.3020954561122209,50.33405383031419,18.6
4141,Bio Science,Gampaha,3,7,14,0.39144772952098916,56.10096768845976,6.8
4142,Physical Science,Jaffna,8,4,2,0.04061332929989159,73.2173199038424,18.8
4143,Physical Science,Kandy,10,9,2,0.35688213389838935,36.99445458304827,24.0
4144,Technology,Gampaha,6,6,3,0.08257006878616019,71.26496762161676,9.8
4145,English,Kandy,10,7,3,0.37024054253822797,66.59329446856131,18.0
4146,Commerce,Kandy,5,6,15,0.07066433581368864,68.6150061471362,8.3
4147,Physical Science,Jaffna,2,6,11,0.4162468499367981,69.200147470675,3.3
4148,Bio Science,Colombo,3,8,14,0.34050813036350625,62.648448423383336,6.2
4149,Arts,Colombo,8,6,6,0.1929451444262102,73.23431023469269,13.7
4150,Arts,Colombo,9,10,1,0.17941722195129173,54.10158954149787,16.4
4151,Physical Science,Kandy,7,10,7,0.07447353177795979,39.12710688252449,15.7
4152,Physical Science,Galle,1,7,10,0.4520266778830583,63.84167288981362,1.0
4153,Arts,Gampaha,6,6,13,0.059264636424406214,78.52034950302861,10.6
4154,Bio Science,Colombo,7,7,1,0.2360386942645628,67.88057999693872,15.9
4155,Physical Science,Galle,6,5,0,0.11825922739490174,87.21602879661388,11.6
4156,Physical Science,Galle,10,6,7,0.498163754009513,59.70218284649608,22.7
4157,Commerce,Galle,2,8,14,0.2929220257593491,64.58872239707205,2.8
4158,Technology,Kandy,9,8,3,0.0747922516955064,58.00036055364912,15.8
4159,English,Galle,3,7,5,0.33378199881090354,50.8553361015178,4.9
4160,Commerce,Ratnapura,6,6,15,0.4958045086112757,60.40280580291561,11.6
4161,Commerce,Colombo,6,6,12,0.302521640307687,50.416722279078016,11.4
4162,Physical Science,Ratnapura,8,8,0,0.22868954727809726,25.591821397554497,18.4
4163,Commerce,Jaffna,4,4,2,0.1466350608093273,52.29665801638677,7.7
4164,Bio Science,Ratnapura,6,4,6,0.04606170741438398,63.35232688639771,13.4
4165,Commerce,Gampaha,1,6,6,0.11412314949494379,72.46081268123827,1.0
4166,Bio Science,Gampaha,9,6,10,0.2768103897824369,56.36516512359658,20.5
4167,Physical Science,Gampaha,9,5,7,0.3768928493247911,55.0391616296049,21.0
4168,Physical Science,Galle,7,4,15,0.4389654451148248,82.9592950398225,17.3
4169,Bio Science,Colombo,1,8,13,0.39685612518633523,46.532398660233774,1.6
4170,Physical Science,Gampaha,3,5,1,0.06273260068620884,58.0509017757685,5.6
4171,Physical Science,Galle,5,4,6,0.38672994250652337,77.35882021526713,12.5
4172,Sinhala,Ratnapura,4,5,3,0.2908022730729028,50.873807212692036,6.5
4173,Bio Science,Jaffna,5,8,14,0.23455377875241185,43.996965718342025,11.4
4174,Commerce,Galle,7,7,5,0.2863820592360403,88.10274371861061,11.7
4175,Technology,UpCountry,9,2,3,0.0040376643862437556,73.48942978236026,16.7
4176,Sinhala,Galle,1,6,14,0.033865121485513405,79.45553056434203,1.0
4177,Commerce,Gampaha,5,8,8,0.2629246395364906,62.66035749383013,8.7
4178,Technology,Kandy,3,7,13,0.0868096247407788,76.10940639938049,3.8
4179,Bio Science,Ratnapura,3,7,0,0.2727704760667166,22.644166573287436,6.8
4180,Bio Science,Colombo,2,6,0,0.17710678593740758,53.44059004828841,3.3
4181,Bio Science,Ratnapura,6,7,15,0.45370601033737634,81.71354640477031,12.8
4182,Commerce,Gampaha,6,8,4,0.4748417136522268,41.06143124348807,11.6
4183,Commerce,Galle,3,7,4,0.48989205653425977,56.99820235961419,4.8
4184,Bio Science,Gampaha,1,4,10,0.4494689979414093,69.79492896151508,2.8
4185,Physical Science,Kandy,7,10,7,0.49294542559616644,51.73584827614992,15.6
4186,Commerce,Gampaha,2,5,6,0.3530735628696809,63.11062787534498,2.9
4187,Physical Science,Gampaha,8,4,10,0.4802711399505257,70.78527382186982,19.6
4188,Commerce,RemoteArea,3,5,2,0.32089623272841356,65.52958740417631,4.5
4189,Commerce,Colombo,1,6,7,0.4046071034428601,57.488853682808255,1.5
4190,Arts,Kandy,10,10,13,0.06595499636185514,54.06420740928314,19.2
4191,Arts,Gampaha,9,7,3,0.341299793801279,67.44226298960119,16.7
4192,Technology,Ratnapura,5,5,2,0.4655516546676298,66.08728447975629,8.7
4193,Bio Science,Gampaha,1,6,1,0.2700241207663813,64.85040519904145,1.0
4194,Arts,Galle,10,5,8,0.09340985676515462,65.71743308993358,17.5
4195,Commerce,Ratnapura,6,4,13,0.2634442803625007,71.60218122591222,12.0
4196,Physical Science,Ratnapura,10,6,11,0.35347049702974415,78.65449153645412,24.7
4197,Physical Science,Colombo,3,10,6,0.38489424954869894,67.64928705959244,6.1
4198,Physical Science,Galle,4,7,4,0.26185100496599195,63.465922574416304,8.9
4199,Bio Science,Jaffna,8,7,8,0.10868401210932505,56.097089340224464,18.5
4200,Commerce,Kandy,5,10,2,0.4633443942893737,81.78817150550287,7.4
4201,Technology,Gampaha,6,4,12,0.38680870822667857,49.154479148242345,13.7
4202,Physical Science,Galle,10,5,12,0.135344200308802,62.95815242752882,24.5
4203,Physical Science,Galle,4,6,12,0.4059064586981872,58.36389621868838,9.7
4204,English,Galle,6,8,15,0.17393132475902956,40.0934545633653,12.8
4205,Physical Science,Galle,3,4,5,0.15621567233419037,67.8071930723584,6.2
4206,Bio Science,Kandy,10,6,7,0.4315383136735721,60.45107345058453,22.6
4207,Commerce,Gampaha,1,6,8,0.43661760340856065,64.47814151814353,1.4
4208,Commerce,Galle,6,8,3,0.19924070140948957,58.81760738397489,9.6
4209,Physical Science,UpCountry,1,3,0,0.0044614025407822555,71.29914986939704,1.0
4210,Physical Science,Ratnapura,10,5,7,0.09328281069999594,76.72198192363835,21.8
4211,Physical Science,Ratnapura,3,8,9,0.4546481641122793,47.98101450916228,7.5
4212,Commerce,UpCountry,8,5,2,0.4493746685275289,87.48007319895133,13.1
4213,Commerce,Colombo,7,7,5,0.2266723740467238,58.897374176435825,12.5
4214,Physical Science,Galle,8,7,15,0.1520583536379393,76.31370715616502,18.9
4215,Commerce,Gampaha,10,8,3,0.1513741460525858,64.20471663593071,18.9
4216,Technology,Colombo,10,6,5,0.44859740131426906,64.08570348433139,19.0
4217,Physical Science,Ratnapura,2,8,11,0.16236665548775825,73.8525330347166,2.0
4218,Bio Science,Colombo,10,6,2,0.2557901298700548,80.77476086787496,21.2
4219,Commerce,Colombo,7,10,6,0.3655055252964489,74.65585347549077,12.9
4220,Physical Science,Gampaha,4,7,1,0.10474052080470941,56.849808702075485,8.1
4221,Bio Science,Jaffna,1,7,4,0.12691954079294682,60.73626671763695,1.0
4222,Commerce,RemoteArea,3,6,2,0.1790309465475634,52.54759963206335,4.9
4223,Technology,Gampaha,5,4,15,0.327111694673695,78.22786954849731,10.6
4224,Technology,Kandy,10,10,4,0.40874532557316395,70.84852818637863,17.2
4225,Commerce,Kandy,8,6,2,0.27335288166549976,55.868239979310964,13.6
4226,Arts,Kandy,2,9,8,0.06646436832481184,83.89763888166792,1.5
4227,Bio Science,Kandy,2,8,7,0.22312276153486055,79.6070120692935,3.6
4228,Commerce,Ratnapura,8,5,13,0.063845361061597,93.85259165646875,14.4
4229,Bio Science,Ratnapura,9,7,1,0.04414858483334766,48.65259745401227,18.8
4230,Physical Science,Ratnapura,10,8,7,0.2948083849257239,61.99714407310087,21.7
4231,Arts,Colombo,1,10,13,0.4781060558989615,63.55236801567104,1.1
4232,Commerce,Jaffna,2,4,7,0.4188059166670297,100.0,3.4
4233,Bio Science,Colombo,4,7,9,0.3872356312712465,64.64763877944942,8.1
4234,English,Galle,3,7,2,0.36352798293266686,79.9775798644888,3.8
4235,Physical Science,UpCountry,1,3,9,0.4485639285678488,80.02151417713775,2.5
4236,Bio Science,RemoteArea,4,3,4,0.37641754207138883,60.74083856306066,10.4
4237,Physical Science,UpCountry,2,5,1,0.3134386726503857,61.33266236365265,3.7
4238,Arts,Colombo,10,6,9,0.18234004013686017,72.34174715318844,17.5
4239,Arts,Kandy,5,6,5,0.05047194492989637,81.3676485338369,7.8
4240,Bio Science,Colombo,1,6,1,0.2305166819220052,57.91991697136146,1.0
4241,Commerce,Galle,8,6,14,0.46239211807268366,59.37129565643929,16.0
4242,Bio Science,Galle,10,5,3,0.2915501326875763,75.48426600167713,21.7
4243,Arts,Galle,2,6,14,0.09225208994756678,49.79697023126768,2.8
4244,Bio Science,Gampaha,3,4,2,0.32451165424042194,64.79110202763218,7.5
4245,Bio Science,Galle,3,7,0,0.23273111704025223,75.90259400297205,4.1
4246,English,Ratnapura,4,5,7,0.4656900442914832,69.95371296675293,6.2
4247,Physical Science,Ratnapura,7,7,7,0.0804699550310013,54.99536857224963,14.9
4248,Physical Science,Galle,9,8,0,0.35600587425338126,44.98149381122584,21.3
4249,Commerce,Gampaha,3,5,11,0.3408012324034008,83.30610114485411,3.8
4250,English,RemoteArea,1,5,5,0.49177078926075235,59.86501350381903,1.0
4251,Bio Science,Ratnapura,10,4,11,0.28245606330921935,51.97889667522868,27.1
4252,Physical Science,Galle,1,6,0,0.43578701796682,77.08286168562924,1.0
4253,Bio Science,Gampaha,6,7,12,0.012356968765715348,78.01503306033571,13.8
4254,Commerce,Galle,5,8,8,0.06144598411206631,48.22388328150268,8.4
4255,Physical Science,Galle,10,4,0,0.17296928642326526,97.7145764306913,23.5
4256,Commerce,UpCountry,7,6,14,0.3096636985786189,58.89202047676294,14.9
4257,Sinhala,Colombo,7,8,15,0.22453967248370432,79.26074004935411,13.2
4258,Bio Science,UpCountry,3,6,2,0.10134812367329443,90.79876471731052,4.6
4259,Bio Science,Colombo,7,9,8,0.29460186994571724,77.32330166774221,15.1
4260,Bio Science,Ratnapura,9,7,0,0.2833495296706814,63.8876916343388,20.4
4261,Physical Science,Gampaha,8,4,14,0.2622237392604243,45.51599646841798,21.7
4262,Technology,Galle,3,6,1,0.04527805605534907,91.1154341108362,3.6
4263,Bio Science,Gampaha,10,6,3,0.4635127463781154,74.47704804017414,22.7
4264,Bio Science,Galle,5,5,6,0.2961276518507182,41.777192001824574,11.9
4265,Commerce,Jaffna,8,5,7,0.13199587359932863,86.66940094886877,12.6
4266,Bio Science,Colombo,2,9,0,0.34370909519726034,60.9172835067834,3.6
4267,Commerce,UpCountry,7,6,0,0.15895399543444366,55.835132909071596,13.0
4268,Physical Science,Ratnapura,10,8,4,0.25292801338721294,53.418445558390566,22.2
4269,Technology,Galle,10,4,15,0.17056588552949148,70.06742626235601,21.6
4270,English,Gampaha,7,6,7,0.44019701326884647,75.61945683472197,12.7
4271,Commerce,Kandy,8,9,14,0.4969902922674651,59.57960965603585,17.3
4272,English,Gampaha,1,8,0,0.08059103266394935,61.91375463741427,1.0
4273,Physical Science,Colombo,8,7,2,0.011789475278298434,100.0,16.0
4274,Bio Science,Gampaha,1,7,5,0.10966125349102124,69.63549472409149,1.0
4275,Commerce,Colombo,3,6,12,0.2949759915488067,80.4886200657914,4.2
4276,Commerce,Colombo,9,9,0,0.08697556978876653,45.62596406694669,17.5
4277,Bio Science,Colombo,4,10,13,0.40574221230307667,46.138955456823346,9.7
4278,Bio Science,Gampaha,10,4,2,0.2043352883972212,82.96799188281722,22.8
4279,Physical Science,Galle,9,5,11,0.3052663703570648,83.18602638321669,21.2
4280,Bio Science,Kandy,1,7,0,0.22780892081142945,85.70787240040116,1.0
4281,Physical Science,Galle,8,8,3,0.4516639608094768,60.30606059304451,17.9
4282,Arts,Kandy,3,6,8,0.01756766853113889,82.81470749012027,3.0
4283,Physical Science,Jaffna,7,5,12,0.3646509478282998,27.68604608782362,17.9
4284,Physical Science,Jaffna,2,4,15,0.3260860666704333,75.61831329338203,4.2
4285,Commerce,Gampaha,7,7,4,0.32475751549287996,77.49539741352771,12.1
4286,Commerce,Jaffna,7,6,13,0.20699469651910257,56.175622823551144,13.3
4287,Technology,Ratnapura,9,6,2,0.007837614237948765,76.83750828136178,16.0
4288,Commerce,Galle,2,6,9,0.3446203609839789,61.803163376205774,2.5
4289,Bio Science,Galle,8,5,6,0.41473560640412666,61.80449060809319,18.2
4290,Technology,Colombo,5,10,13,0.04261515549367406,62.62100532921456,9.0
4291,Commerce,Galle,10,6,5,0.2208087521219843,86.21976840122407,16.6
4292,Physical Science,Ratnapura,9,8,10,0.0812974269735271,58.18453948354986,19.7
4293,Commerce,Colombo,8,8,8,0.30546889321480414,55.35003030616165,15.6
4294,English,Ratnapura,3,7,3,0.3928024381795183,48.64155372473764,4.8
4295,Bio Science,Galle,3,6,3,0.33335328246370316,55.971363843807175,7.1
4296,Physical Science,Galle,10,8,15,0.15903003524294274,70.42504816738516,24.4
4297,Physical Science,Galle,8,5,8,0.06986635141619191,73.57883503550711,17.1
4298,Physical Science,Ratnapura,9,7,1,0.3971340730252311,49.200635750487315,20.9
4299,Bio Science,Kandy,2,10,9,0.16195842924634607,70.09355864837678,3.3
4300,Commerce,Jaffna,3,4,1,0.011069915872213065,69.67956310787325,5.8
4301,Physical Science,Colombo,8,8,8,0.2857106071746254,50.0083695330796,18.1
4302,English,Kandy,2,9,6,0.12333865511668918,63.94704965667954,1.9
4303,Arts,Ratnapura,8,5,4,0.42060299917908844,60.72727290851505,14.1
4304,Commerce,Colombo,5,6,15,0.07162760219538927,68.60774539111407,9.0
4305,Technology,Gampaha,6,6,13,0.21740042452962516,58.55015724167003,11.5
4306,Physical Science,Jaffna,10,7,4,0.1265651018055059,59.96750412749089,21.8
4307,Bio Science,Colombo,4,10,8,0.34480080961054066,64.4660625903551,7.9
4308,Commerce,Colombo,3,8,12,0.2742654546787108,93.96071915417255,3.7
4309,Technology,Colombo,8,9,14,0.395493859624298,67.67108742899141,15.4
4310,Arts,Colombo,9,8,9,0.2293062876118261,84.57621298680166,15.7
4311,Physical Science,Colombo,8,9,4,0.002404215772197793,83.21166480944932,15.6
4312,English,Gampaha,9,8,8,0.10759824026974785,44.2154691722297,16.5
4313,Physical Science,Jaffna,1,6,7,0.4995785540971368,59.13216198119221,1.0
4314,Technology,Gampaha,5,7,5,0.20267249465475512,83.74259964750775,7.7
4315,Sinhala,Galle,7,4,4,0.31011755394311274,64.71662694155059,13.5
4316,Physical Science,Jaffna,8,5,12,0.4524658040293786,64.25424187163232,19.4
4317,Arts,Colombo,2,9,4,0.010262091072544222,73.25044928892109,2.7
4318,Physical Science,Ratnapura,4,7,4,0.32980369819869765,78.01287812212145,8.1
4319,Bio Science,Galle,7,7,13,0.14418848698921838,66.05943295143916,16.6
4320,Commerce,Ratnapura,5,6,0,0.13962412767621574,55.826187158273655,9.1
4321,Commerce,Colombo,1,7,10,0.11242570162415344,29.54646032089356,1.5
4322,English,Ratnapura,2,6,4,0.4113646081455799,62.7058024668781,2.0
4323,Commerce,Kandy,5,9,2,0.18647386622324724,55.28266381755741,7.9
4324,Bio Science,Kandy,6,9,5,0.03355826913021287,47.40208853522603,11.5
4325,Technology,RemoteArea,1,3,8,0.04842557894158156,60.91997224317948,1.7
4326,English,Galle,3,4,11,0.07430718134340103,59.23882177841109,5.7
4327,Physical Science,Gampaha,6,6,14,0.4494637936254626,69.53747460563974,13.9
4328,Sinhala,Gampaha,6,4,2,0.21372171325367123,56.814955980077286,11.9
4329,Physical Science,Colombo,7,9,0,0.4580246697997604,66.7049606265525,15.2
4330,Technology,Colombo,10,9,7,0.4087397363810622,66.10858484076357,18.6
4331,Physical Science,Colombo,3,10,11,0.418941310628924,84.60324021526657,5.5
4332,Physical Science,Colombo,1,10,12,0.14341590556591632,57.98553152024521,1.0
4333,Bio Science,Colombo,7,6,13,0.13565720635476786,93.19773550384937,14.6
4334,Commerce,Colombo,3,10,13,0.280034189918914,82.50861771269686,4.3
4335,Bio Science,Gampaha,5,5,8,0.20896248099497539,86.30116239049681,10.6
4336,Physical Science,RemoteArea,4,2,9,0.25453034415017334,68.29152081858156,9.5
4337,Commerce,Kandy,1,10,3,0.026602100928849737,57.28025293908663,1.3
4338,English,RemoteArea,7,6,9,0.485795095631264,56.43078696069417,12.8
4339,Bio Science,Gampaha,4,5,13,0.029084403920061563,92.78584610021626,7.1
4340,Physical Science,Gampaha,1,5,13,0.08941564883094366,82.94992203910823,1.0
4341,Bio Science,Gampaha,6,4,12,0.33910026241762903,50.878255203176565,16.2
4342,Physical Science,Colombo,4,8,4,0.07775077586429158,76.66422969923518,7.8
4343,Technology,Colombo,4,7,2,0.05343496385389451,48.61959889445542,5.4
4344,Technology,UpCountry,2,6,13,0.07681019068546108,71.36436134393522,1.7
4345,Commerce,RemoteArea,1,2,12,0.03096012160820455,78.38898891908114,1.9
4346,Bio Science,Ratnapura,3,6,7,0.12565937012917217,85.36964172551534,4.4
4347,Arts,Colombo,10,6,2,0.1355596355074073,64.56316634159856,18.6
4348,Commerce,Gampaha,5,8,3,0.24931104377416086,59.49005877496531,8.8
4349,Technology,Colombo,9,8,9,0.21936125860238753,65.16198308579843,16.2
4350,Commerce,Gampaha,7,6,11,0.23685670757442256,81.50269693442257,13.0
4351,Arts,Colombo,4,7,6,0.3080197521044513,74.82572543320654,6.1
4352,Commerce,Gampaha,8,7,1,0.11548071562477191,60.25499373447811,13.2
4353,Bio Science,Colombo,4,10,0,0.06735206554594758,32.04975199610902,8.9
4354,English,Gampaha,6,7,3,0.4394391393227718,24.98288823859344,11.7
4355,Commerce,Ratnapura,1,8,7,0.31697066978447563,66.8800402688637,1.0
4356,Commerce,Gampaha,6,4,14,0.030331646967399817,49.28125501925932,13.3
4357,Physical Science,RemoteArea,10,5,0,0.48052582495041013,52.067341204281405,23.4
4358,Commerce,Gampaha,5,6,9,0.34653425113420444,61.0958673219476,9.1
4359,Commerce,Galle,2,5,13,0.07585232104350581,97.64728179361336,1.0
4360,Physical Science,Galle,1,8,13,0.48456721583820034,68.33558754456854,1.5
4361,Physical Science,UpCountry,6,3,2,0.18270367162481654,71.79965194269278,13.9
4362,Commerce,Galle,2,8,15,0.4922550399323851,75.06821010739853,2.8
4363,Arts,Jaffna,9,6,3,0.051637814696644246,25.17168686197357,17.5
4364,Commerce,Galle,9,6,3,0.07998460851774786,55.50763442881569,15.6
4365,Physical Science,Ratnapura,1,6,15,0.3287097754374221,49.199546467228224,1.7
4366,Commerce,Gampaha,5,6,2,0.01107173258303662,86.90804643507175,7.2
4367,Physical Science,RemoteArea,8,4,2,0.009344820609117843,33.710284659332295,19.5
4368,Bio Science,Galle,4,5,12,0.3959914161124502,59.68764013094083,9.2
4369,Physical Science,RemoteArea,3,2,6,0.08389016586991016,59.08908916163434,8.2
4370,Physical Science,Galle,5,7,7,0.45939499629380365,48.712404241027755,10.3
4371,Physical Science,Galle,5,5,13,0.21294808108568586,68.0213606600403,11.1
4372,Bio Science,Jaffna,8,7,12,0.43682617714963784,65.36582964998122,20.0
4373,Physical Science,Galle,6,4,9,0.20888179204326424,66.94568471631936,13.5
4374,Bio Science,Kandy,2,10,13,0.26511500248607,74.03736953439656,3.3
4375,Commerce,UpCountry,1,2,3,0.1582570808382064,65.05228291243469,1.8
4376,Bio Science,Galle,3,4,10,0.3290382088779676,70.70714370696528,6.2
4377,Bio Science,Galle,2,8,10,0.15910058297153307,81.68317448802887,2.1
4378,Technology,Jaffna,4,7,14,0.11158504892502463,42.25502728292756,8.4
4379,Physical Science,Gampaha,3,6,7,0.04052365598135038,73.99949741917663,4.0
4380,Commerce,Ratnapura,9,8,7,0.02883467391392336,47.81446315858151,16.2
4381,Physical Science,UpCountry,5,6,5,0.15298717660114447,52.86401519738479,10.5
4382,Physical Science,Kandy,4,6,0,0.3682366726246277,61.81628390104307,8.3
4383,Commerce,Colombo,10,10,6,0.10281003317180815,69.16981524620374,17.7
4384,Commerce,Colombo,9,7,6,0.1496137250697483,70.93581060372509,16.0
4385,Technology,Galle,4,6,4,0.45258570926106195,47.82317232130406,7.3
4386,Commerce,Galle,6,4,5,0.3195787479056603,86.96790635425188,11.6
4387,English,Galle,10,7,13,0.45986119471098824,60.23221261211816,21.1
4388,Physical Science,Kandy,1,9,8,0.45561301700181706,53.208892182924785,1.8
4389,Physical Science,Gampaha,2,7,2,0.031705341242844964,41.920962022528116,3.6
4390,Physical Science,Gampaha,4,7,11,0.4775046624641824,44.94230226768709,9.1
4391,Physical Science,Ratnapura,9,7,3,0.02558897953062783,40.50301297717843,20.4
4392,Commerce,Galle,6,4,8,0.4628094588742434,68.71537562725496,12.7
4393,Commerce,Ratnapura,6,5,14,0.27336671832835796,76.06268633805793,10.2
4394,Physical Science,Kandy,9,7,12,0.26659479143869574,53.036924684857034,21.7
4395,English,Kandy,4,9,9,0.3566320313099095,47.37181775025216,7.9
4396,Technology,Kandy,3,7,13,0.439605635380865,63.32531667506381,4.4
4397,Physical Science,UpCountry,7,4,11,0.30850227783062845,66.9592960466423,18.2
4398,Physical Science,Ratnapura,7,5,1,0.21269992689066075,64.44466226412801,14.8
4399,Physical Science,Galle,9,8,13,0.055944671492386744,52.03570077116889,22.7
4400,Physical Science,Ratnapura,6,7,12,0.3946046529474393,63.49205592657311,14.5
4401,Physical Science,Ratnapura,2,8,8,0.06414674623540256,87.5076633072625,2.4
4402,Commerce,Gampaha,6,8,14,0.3631829305996215,49.078538320354525,12.2
4403,Physical Science,Ratnapura,8,7,4,0.263962472891013,61.56307421015914,18.7
4404,Bio Science,Galle,6,4,2,0.19291796237903425,68.49971600679439,13.6
4405,Sinhala,Kandy,9,7,7,0.3064931931266838,48.981842823089785,17.2
4406,Commerce,Ratnapura,4,6,12,0.3861780430372715,75.16971519598047,7.4
4407,English,Ratnapura,3,4,8,0.4705698092253105,43.9114697664521,7.7
4408,Physical Science,Kandy,5,8,0,0.13234844141889995,69.51775950195585,9.8
4409,Bio Science,Galle,3,7,15,0.47356508010584913,68.15034778413514,5.4
4410,Commerce,Gampaha,2,5,4,0.480474022993896,40.70868854446299,3.4
4411,Physical Science,Kandy,2,6,13,0.4068152572398401,76.8149850197951,4.1
4412,Physical Science,Galle,4,7,8,0.44071858747117454,50.562094241303484,8.4
4413,Commerce,Kandy,3,6,10,0.34621375685858585,62.700337673746354,4.7
4414,Commerce,Colombo,9,10,1,0.01954860996564234,69.95250333675503,15.6
4415,Bio Science,Kandy,7,7,12,0.28753927235269605,51.53334635471559,17.1
4416,Bio Science,Kandy,6,7,0,0.373602281480386,52.075687511623826,14.1
4417,Bio Science,Jaffna,10,7,7,0.4708515673531675,80.39238840817902,22.4
4418,Physical Science,Kandy,8,9,14,0.2852259235094368,35.95289087840239,21.4
4419,Bio Science,RemoteArea,9,5,5,0.3971003391286917,83.78009848672966,20.1
4420,Physical Science,Colombo,3,7,13,0.352519358772247,44.53618411985093,7.1
4421,Physical Science,UpCountry,10,6,15,0.14040144427379092,57.010942992270664,24.5
4422,English,Kandy,7,7,13,0.07736403757567928,70.73618520388808,13.1
4423,Commerce,Jaffna,9,7,1,0.3754526643389502,69.5470977594527,15.8
4424,Arts,Ratnapura,1,6,2,0.1168841805897537,65.46985040181232,1.0
4425,Bio Science,Gampaha,10,8,4,0.12234577731507046,62.70898076755097,22.5
4426,Bio Science,Galle,9,5,0,0.3219731193503238,53.45932509258108,20.9
4427,Physical Science,Jaffna,7,6,1,0.39453423201476423,83.91936140931355,14.1
4428,Physical Science,Ratnapura,10,8,10,0.2911660464306181,76.59434556719039,22.5
4429,Physical Science,Kandy,4,7,11,0.4424915769395356,83.13407349190149,8.3
4430,Arts,Ratnapura,6,7,0,0.10572163462533724,53.679640503921284,10.0
4431,Commerce,RemoteArea,6,3,13,0.12620721477036978,31.57682147484057,13.8
4432,Commerce,Galle,6,8,13,0.31847775207872225,81.80045481299454,11.3
4433,Bio Science,Ratnapura,2,7,10,0.4146840923091485,70.34650350318819,3.6
4434,English,Galle,5,4,6,0.26967590083911674,65.74291952899094,10.0
4435,Physical Science,UpCountry,7,4,6,0.005190786651273094,54.48937749740219,16.7
4436,Physical Science,Gampaha,6,7,9,0.33847156460347055,59.27822119936343,12.5
4437,Bio Science,Jaffna,3,7,14,0.4067912165089674,58.01425376339977,6.9
4438,Arts,Gampaha,5,8,13,0.13827181394798704,67.17751745924161,8.6
4439,Sinhala,Jaffna,8,8,4,0.02709911444113372,44.9648379315776,15.6
4440,Physical Science,Gampaha,5,6,9,0.2589759890537741,75.93916320748191,9.8
4441,Technology,Gampaha,10,8,5,0.021077610175476713,93.0494363053253,18.1
4442,Technology,Gampaha,3,7,12,0.20800837195762217,57.03521106664111,4.8
4443,Physical Science,Colombo,9,8,2,0.00890892223514772,37.108141341595754,20.3
4444,Bio Science,Galle,3,6,10,0.11248336145396826,63.46977428338239,5.2
4445,Bio Science,Gampaha,2,5,1,0.19441122594345495,65.22835004841656,2.4
4446,Sinhala,Gampaha,6,7,9,0.05585294487262893,71.2988084145764,10.4
4447,Physical Science,Galle,8,7,12,0.057077951994341625,90.03765728978543,18.0
4448,Arts,Gampaha,6,8,14,0.4135308701628129,79.237044102241,11.4
4449,Bio Science,Kandy,1,9,8,0.020711933378699754,36.82627144818893,2.0
4450,Arts,UpCountry,8,6,1,0.3444831243368229,41.96039851754477,15.2
4451,Bio Science,Galle,1,7,13,0.40724102467467577,72.58480676803644,1.0
4452,Commerce,Colombo,9,7,0,0.06536117706781946,53.18770298285495,16.4
4453,Technology,Gampaha,8,7,8,0.09768536725673632,86.72690588853237,12.7
4454,Technology,RemoteArea,6,3,7,0.3207466507975147,49.443009696636985,11.6
4455,Technology,Gampaha,2,7,7,0.15782330637160946,77.91064929665104,1.0
4456,Physical Science,Gampaha,9,7,6,0.23821153561745012,53.25989726509975,20.9
4457,Commerce,Colombo,8,6,8,0.418001354139866,67.93289782295584,14.4
4458,Physical Science,Colombo,4,9,10,0.06899158569214492,52.58111209427631,8.4
4459,Bio Science,Jaffna,2,5,15,0.309826260952353,75.8828936651212,3.0
4460,Commerce,Galle,6,6,2,0.47119886114040005,77.09066957803248,9.6
4461,Bio Science,RemoteArea,1,3,7,0.028733314843585267,67.29492820404326,2.1
4462,Commerce,Galle,7,7,0,0.030003382492380604,88.63698806077815,10.7
4463,Sinhala,Colombo,1,10,0,0.2773711863088186,49.19345673115083,1.2
4464,Physical Science,Ratnapura,6,4,10,0.4800378980471646,66.4695281945091,15.1
4465,Commerce,RemoteArea,5,6,12,0.1102368211833944,78.68774101396224,8.3
4466,Bio Science,Gampaha,10,4,14,0.16539598485810025,52.75333218769917,26.7
4467,Physical Science,Gampaha,3,4,14,0.04932398727393683,67.93431370068822,6.5
4468,Physical Science,UpCountry,6,6,15,0.1811236152184249,77.46059834872776,14.8
4469,English,Kandy,4,9,5,0.022166240010039973,76.43799790236494,5.7
4470,Technology,Colombo,6,7,14,0.1945469988723716,84.12764861026392,10.9
4471,English,Galle,4,8,11,0.27774388747101547,52.464056975261315,7.9
4472,Sinhala,RemoteArea,1,4,7,0.4875024133421306,67.82387592691302,2.1
4473,Physical Science,Ratnapura,5,4,7,0.409193989820975,43.776334078161746,12.9
4474,Bio Science,Galle,8,5,9,0.4110327053876746,53.634386829484384,18.8
4475,Commerce,Gampaha,6,6,0,0.11407216228609857,57.38830367277886,10.1
4476,Bio Science,Kandy,10,7,10,0.04361735108442255,82.16041375927166,21.5
4477,Bio Science,UpCountry,9,5,14,0.3015373520521218,74.91872854093855,21.8
4478,Bio Science,RemoteArea,4,4,0,0.2605690975278837,60.6013650356452,9.2
4479,Commerce,Colombo,10,10,8,0.25825193828881565,70.72985066239384,18.4
4480,Commerce,Colombo,9,7,15,0.05450399310035492,75.31805834994941,16.3
4481,Physical Science,Ratnapura,8,8,15,0.2469424471316629,73.03535049187464,19.4
4482,Bio Science,Kandy,3,10,8,0.07517787029978418,55.373845670938096,6.3
4483,Commerce,Ratnapura,6,5,6,0.21105729685591912,48.64965603229237,11.3
4484,Commerce,Gampaha,4,5,0,0.031081316322408015,56.65064458480628,6.9
4485,Physical Science,Ratnapura,1,4,12,0.4284462997042845,54.092082718400064,2.8
4486,Arts,Gampaha,9,4,9,0.006590043152958913,73.81917379243816,16.9
4487,Physical Science,Ratnapura,4,6,1,0.4696615697226649,83.43434246838069,7.8
4488,Bio Science,Galle,5,6,7,0.43144591136446947,71.95460755743166,10.5
4489,Arts,Colombo,3,8,7,0.3763040362846515,36.34792295166218,5.3
4490,Commerce,Gampaha,4,4,10,0.49127529114286234,55.50123692926479,8.2
4491,Physical Science,Galle,9,8,12,0.02690999856379156,66.27223599544557,22.2
4492,Commerce,Jaffna,7,7,4,0.3207985530261733,40.478053689418694,12.9
4493,Commerce,Colombo,8,9,1,0.424651045235858,60.967947596581695,15.6
4494,Arts,Ratnapura,3,5,2,0.06330854826538468,68.03979095047771,4.1
4495,Arts,Jaffna,3,4,4,0.29238748933326364,83.13287896393221,5.4
4496,Commerce,Gampaha,7,5,2,0.1969609543473359,88.28060536843469,11.7
4497,Bio Science,Galle,8,7,9,0.21791355667354667,46.62713788839116,18.8
4498,Physical Science,Gampaha,5,5,0,0.4562620426926131,58.251177935542614,9.7
4499,Physical Science,Gampaha,1,4,13,0.2693257251373662,64.94050230187736,2.6
4500,Bio Science,Gampaha,3,4,5,0.04663102242316208,51.804866288936545,7.1
4501,Commerce,Jaffna,5,4,13,0.46860808692221445,67.97972702928374,11.2
4502,Commerce,UpCountry,3,5,4,0.09260558528144774,60.79895500313346,4.6
4503,Physical Science,Ratnapura,1,4,2,0.44631840823603197,70.2070434357565,2.1
4504,Physical Science,Kandy,7,8,8,0.48546036054268,84.34920894320288,14.4
4505,Bio Science,Ratnapura,1,6,9,0.4389187315803478,66.48545924304665,1.0
4506,Physical Science,Gampaha,10,4,7,0.33856688890446024,56.14925327941399,23.9
4507,Arts,Galle,6,6,6,0.37177590991154513,47.61723184904628,11.5
4508,Physical Science,Gampaha,6,4,11,0.3499336218823776,96.1369130955047,14.9
4509,Commerce,UpCountry,7,5,13,0.23026219392753133,80.10313412409437,13.4
4510,English,Kandy,1,8,12,0.13720985937259356,71.99566351067213,1.0
4511,Physical Science,UpCountry,3,5,14,0.14250136497551485,64.51028931530351,5.6
4512,Bio Science,Galle,9,6,15,0.36558393064306877,91.67818011293065,22.0
4513,Physical Science,Colombo,2,10,12,0.3130182241602751,63.605637239373195,4.1
4514,Commerce,Colombo,5,10,10,0.2924420169845734,39.31824398676188,9.7
4515,Commerce,Gampaha,3,7,1,0.3263044189621988,64.47539631580474,3.6
4516,Bio Science,Colombo,5,8,13,0.38739311771544443,48.082908144614485,13.2
4517,Commerce,Gampaha,7,8,9,0.37417045732276677,68.53141022990718,12.4
4518,Technology,Gampaha,1,4,4,0.05269820289620092,82.16201229871557,1.0
4519,Physical Science,UpCountry,3,3,4,0.1815175248533572,36.912370293221755,8.1
4520,Physical Science,Gampaha,6,8,5,0.13198356839204284,49.00548528311781,13.1
4521,Technology,Galle,7,8,5,0.2691193311120726,75.47091127735759,11.9
4522,Commerce,UpCountry,10,2,2,0.030708041185789403,53.5079388786947,19.9
4523,Technology,Galle,3,8,15,0.3812320237462535,73.72746586574873,5.0
4524,Commerce,Colombo,4,10,10,0.053263666881361915,71.2597079366173,6.2
4525,Technology,Gampaha,6,8,3,0.13570101295530895,74.84354884211623,10.4
4526,Bio Science,Gampaha,5,6,0,0.3913707526105238,50.301125210957174,10.6
4527,Arts,Gampaha,9,8,10,0.025779991459354223,26.72256335851369,16.9
4528,English,Gampaha,1,5,0,0.3301005342779958,65.95296953377135,1.0
4529,Commerce,Galle,5,6,4,0.4622391358971932,38.46494383886095,8.9
4530,Physical Science,Gampaha,1,6,11,0.30881890859389394,79.52764820094944,1.0
4531,Physical Science,Kandy,8,9,3,0.35632874370070544,60.86604127939136,17.5
4532,Physical Science,RemoteArea,7,6,14,0.39613343626127345,62.559530563951476,17.3
4533,Physical Science,Ratnapura,5,5,6,0.11112316109307574,73.35833406471133,9.4
4534,Bio Science,Gampaha,6,5,6,0.2904819590062816,36.87234037799413,13.6
4535,Commerce,Galle,4,7,3,0.15452835801509457,58.4968966467347,6.2
4536,Commerce,Colombo,9,7,9,0.12474768961265265,71.21811341457999,16.0
4537,Bio Science,Kandy,3,8,13,0.09622820754277722,70.29265658167303,6.0
4538,Commerce,Colombo,2,6,15,0.2927153076513554,60.167543188194664,3.3
4539,Physical Science,Galle,7,6,14,0.39726596327690256,59.81899503113463,17.2
4540,Physical Science,Gampaha,2,4,13,0.4379445320942228,89.64863133620074,4.0
4541,Physical Science,Gampaha,6,5,12,0.2142929730709297,79.69007493497608,14.6
4542,Commerce,Kandy,8,10,1,0.18644950009896943,50.5374020802726,14.6
4543,Physical Science,Colombo,3,6,9,0.3436534510502955,84.7269141640931,5.2
4544,Physical Science,Colombo,3,8,3,0.3901796209261753,72.82621525070643,5.7
4545,Bio Science,Gampaha,3,6,7,0.1266596683361983,70.82584462562254,5.3
4546,Technology,Gampaha,1,6,1,0.14864544210551833,68.39885209608572,1.0
4547,Physical Science,Kandy,9,8,4,0.26669665957547517,44.80818353014824,20.9
4548,Commerce,Kandy,5,9,12,0.22219284391997185,88.57896016569578,9.1
4549,Commerce,Kandy,9,7,6,0.3528938665298611,77.27261589859808,15.1
4550,Arts,Jaffna,5,8,9,0.25224249549387295,68.17685145251548,8.2
4551,English,Gampaha,7,7,5,0.055799552861291346,66.15409816456159,11.3
4552,Physical Science,Colombo,1,7,12,0.08297659739405228,64.6278749835661,1.0
4553,Physical Science,Galle,9,4,15,0.4509544219103198,58.96936735147972,24.7
4554,Technology,Galle,1,7,13,0.11369918241496446,74.51822370226569,1.0
4555,Bio Science,Colombo,4,9,8,0.025043045708950107,52.06889821310245,7.9
4556,Commerce,Gampaha,7,7,1,0.36572727914361264,62.760480562154584,12.2
4557,Commerce,Gampaha,9,7,3,0.3420055719223204,62.96047594522963,15.4
4558,Commerce,Kandy,1,6,6,0.3000380093274099,68.77772356847724,1.0
4559,English,Jaffna,6,6,11,0.2511280772323803,79.61874936612509,10.7
4560,Sinhala,Ratnapura,10,7,7,0.48479017702340976,69.5500568287568,18.7
4561,Arts,Jaffna,5,5,4,0.05991614795922667,72.40349633078014,6.1
4562,Physical Science,Ratnapura,3,6,4,0.25508139128907503,32.90086129189888,5.8
4563,Technology,Gampaha,10,4,3,0.2820224717350218,68.40620075373813,19.0
4564,Physical Science,Galle,2,8,8,0.011246459190419666,65.12584920307327,2.7
4565,Physical Science,Gampaha,1,4,11,0.20599621240216925,71.07587420556082,2.4
4566,Technology,Colombo,2,10,15,0.39140106269432057,59.56380386478688,2.4
4567,Physical Science,RemoteArea,4,3,9,0.23554937762146622,81.76388013001812,8.7
4568,Physical Science,Galle,6,8,3,0.4376392248954584,65.2564569234422,12.8
4569,Physical Science,Galle,5,7,2,0.3223994659447296,49.82777689463677,12.0
4570,Technology,Gampaha,4,6,8,0.3830426820249371,55.47528018657643,6.7
4571,Commerce,Colombo,8,8,6,0.40224006759618,76.5416031997069,14.0
4572,Commerce,UpCountry,7,5,8,0.34475011972006664,62.720663077922204,12.2
4573,Physical Science,Kandy,4,8,3,0.37469033001317553,61.429253842063616,7.4
4574,Arts,Galle,10,4,2,0.34765526991062384,58.03431167050124,20.6
4575,Arts,Gampaha,5,7,9,0.2752318742268116,79.66695753470086,7.8
4576,Bio Science,Gampaha,10,7,7,0.2832664827977165,70.73494954734173,22.0
4577,Bio Science,RemoteArea,5,4,15,0.09494239131840065,49.69299690563416,13.3
4578,Physical Science,Kandy,3,10,3,0.41371961668952845,46.86343463131948,5.7
4579,Sinhala,Colombo,9,7,9,0.1560686568859494,64.56851330025174,17.0
4580,Commerce,Colombo,5,10,2,0.26786844123266557,51.35437503866593,7.9
4581,English,Gampaha,10,4,15,0.12477277897125799,35.0920306875121,23.5
4582,Bio Science,Ratnapura,2,7,14,0.34793248955311373,55.824606577823815,3.9
4583,Arts,Gampaha,4,7,11,0.4875844760919678,61.32216162322145,7.3
4584,Arts,Gampaha,4,4,3,0.4009701173237037,55.499975514436485,8.8
4585,Commerce,Galle,5,5,15,0.30954774094378346,78.3114336681873,8.6
4586,English,Gampaha,8,7,1,0.28375326687105046,26.98190581041564,16.1
4587,Bio Science,RemoteArea,5,6,11,0.24488562867646452,53.914517824193275,11.9
4588,Physical Science,Colombo,1,6,10,0.10248571588180011,76.93494056712778,1.0
4589,Commerce,Kandy,2,9,3,0.17400502592212275,51.485075453088875,3.2
4590,Arts,Ratnapura,3,8,6,0.2031970370856503,44.82913636147023,4.8
4591,Commerce,Jaffna,3,4,14,0.4722845374205052,56.789498694483335,7.6
4592,Physical Science,RemoteArea,10,2,12,0.21279142701800619,72.69310913970654,26.1
4593,Commerce,Galle,6,4,2,0.293095177397963,57.19894654826927,12.8
4594,Bio Science,Kandy,9,7,0,0.4612122703058794,49.12561411955528,20.7
4595,Bio Science,Gampaha,10,4,9,0.25921320390567154,71.72670053709936,24.3
4596,Commerce,Galle,1,6,7,0.1257248899320172,69.12301363616146,1.0
4597,Arts,UpCountry,6,4,5,0.19050305329903877,43.54752686316526,11.4
4598,Physical Science,RemoteArea,9,2,13,0.18776960022639144,67.92178919061917,22.6
4599,Bio Science,Gampaha,4,7,2,0.35735878235107726,41.50772279546074,8.8
4600,Physical Science,RemoteArea,10,4,15,0.14806036523001292,85.05136998047479,25.4
4601,Physical Science,Colombo,3,10,7,0.3651442888801971,81.96795771543793,5.2
4602,Arts,Colombo,6,10,5,0.44462135594336283,58.18489747400758,11.3
4603,English,Ratnapura,6,7,0,0.16803650585685592,75.97442423365814,9.2
4604,Bio Science,Colombo,2,10,8,0.06767055012288453,52.65678612026995,4.0
4605,Arts,Galle,5,7,10,0.3192771754843214,62.901747285706506,9.2
4606,Technology,Galle,1,8,8,0.1804272337619971,55.22816056589147,1.0
4607,Technology,Galle,9,4,8,0.26699308357228896,63.62969126158517,18.5
4608,Physical Science,Kandy,9,10,13,0.31708281591980536,67.49367671533824,21.1
4609,English,Kandy,3,6,12,0.20387147203045575,65.96005404332719,4.9
4610,Bio Science,Jaffna,5,8,11,0.46234722589503735,64.1472443145922,12.1
4611,Bio Science,Gampaha,3,8,5,0.19980732708523607,64.40931233071385,5.9
4612,Physical Science,Galle,7,8,5,0.15368716362001444,81.33085719147468,14.8
4613,Bio Science,Jaffna,1,4,12,0.44283761054944376,35.836862703721096,4.1
4614,Physical Science,Jaffna,5,8,3,0.06815086171290485,90.31382152162759,9.3
4615,Physical Science,Kandy,6,10,7,0.062104464392795045,58.23833638137629,13.2
4616,Bio Science,Galle,7,5,8,0.4678491038028129,62.83142959574879,15.3
4617,Technology,Colombo,3,6,11,0.1044842070547245,85.43952239319582,3.9
4618,Technology,Gampaha,7,6,6,0.07421870181232026,72.10033531569294,11.5
4619,Bio Science,Galle,4,7,6,0.26758415200977426,71.02528303044107,7.7
4620,Technology,Gampaha,10,5,12,0.023394233105148765,84.6844628129016,17.6
4621,Technology,Galle,6,8,1,0.31000750036378005,58.0286383422695,10.3
4622,Arts,Gampaha,5,6,1,0.22646539916953234,74.28523280419111,7.8
4623,Physical Science,Gampaha,4,6,11,0.32020598220736674,46.59271010280127,9.3
4624,Commerce,Galle,6,8,14,0.14196845176637524,73.26286327189044,10.6
4625,English,Gampaha,3,8,9,0.4527361071744708,72.92725076295119,3.9
4626,Commerce,Kandy,3,7,15,0.13529035636267284,84.69074861349252,3.6
4627,Bio Science,Gampaha,5,4,10,0.3187823427714303,75.61748192801537,12.2
4628,Commerce,Colombo,5,7,1,0.47254592531381234,63.56727026885178,8.7
4629,Commerce,Jaffna,9,4,3,0.2004046441706413,56.73585369663325,18.7
4630,Commerce,Colombo,4,8,8,0.08071326414642249,59.0688695975339,6.8
4631,Physical Science,Galle,5,7,4,0.03419123795591689,57.19578107413152,9.9
4632,Bio Science,Galle,9,8,1,0.4815089984038031,41.03181394790791,21.5
4633,Technology,Colombo,4,7,3,0.38185074299696947,87.65144869390386,5.2
4634,Technology,Jaffna,3,6,6,0.4594760300353921,77.98012605275053,3.8
4635,Physical Science,Kandy,7,7,4,0.34941652657990574,65.8175053389147,15.4
4636,English,Colombo,7,6,10,0.17122425209467845,77.2240592403994,12.0
4637,Bio Science,Colombo,8,10,7,0.06150829299169008,74.79578918544972,17.6
4638,Commerce,Gampaha,4,4,0,0.46465342963750034,45.10533755996375,8.8
4639,Arts,Jaffna,4,4,13,0.24480952206547058,76.05126899045524,8.2
4640,Technology,Kandy,9,6,12,0.1982544981388114,85.04618979589902,17.1
4641,English,Kandy,10,8,13,0.2888960306195616,56.33157940866159,21.4
4642,Bio Science,Galle,7,8,14,0.05327966071553453,43.994489815715795,17.6
4643,Technology,Galle,3,7,4,0.15460190968724197,44.56936246370894,5.0
4644,Physical Science,Kandy,9,7,3,0.3189380535490835,60.054861017372716,20.6
4645,Arts,Galle,5,4,2,0.05006147317857762,42.703717612855726,10.4
4646,Arts,Gampaha,4,8,6,0.06762137948244196,60.41992272748205,6.7
4647,Commerce,Galle,1,5,9,0.25529393204552775,54.67927550389678,1.1
4648,Physical Science,Kandy,9,10,15,0.3117285623005455,67.48801335847561,21.8
4649,Technology,Galle,6,5,10,0.09350085289689536,57.355061533674,10.3
4650,Physical Science,Kandy,2,10,0,0.016542317227745906,59.46030016889883,2.9
4651,Physical Science,Colombo,7,9,5,0.47918344638337806,71.53773340433798,15.4
4652,Arts,Kandy,3,10,7,0.013746328941278418,49.129118059413635,4.1
4653,Bio Science,Gampaha,6,8,1,0.0010260207603206006,64.72007828056142,12.4
4654,Technology,Jaffna,8,4,5,0.16167028441409986,49.71621093032833,15.9
4655,Bio Science,Gampaha,3,4,10,0.1112265843877841,64.91371746354729,6.5
4656,Physical Science,Galle,5,4,0,0.28679318104910545,58.77216544114398,12.1
4657,Technology,Jaffna,6,8,12,0.4471044384205401,71.33369533155549,11.6
4658,Commerce,Jaffna,1,7,15,0.2405538362196573,70.26940959115754,1.0
4659,Physical Science,Colombo,10,7,15,0.3866506044084853,86.08321598266039,24.4
4660,Arts,RemoteArea,7,2,12,0.45461351923947496,65.60906257474184,16.1
4661,Commerce,Galle,4,6,5,0.09469982680310374,53.08744497329617,7.3
4662,Commerce,Galle,10,8,5,0.24415544306100295,76.44588754746395,17.6
4663,Bio Science,Gampaha,7,7,4,0.32103499979936473,66.96476009399763,15.6
4664,Technology,Kandy,7,9,6,0.1659416189601723,76.26221145576962,12.2
4665,Technology,Colombo,5,6,13,0.3698760554942126,64.70047294617599,9.5
4666,Arts,Kandy,8,6,4,0.3526574876109125,42.3695159708123,15.7
4667,Physical Science,Colombo,8,8,14,0.2105471420757098,100.0,17.9
4668,Technology,Kandy,5,8,13,0.04397687671223072,57.460339165275364,9.3
4669,Commerce,Kandy,5,6,7,0.005784391741289807,46.08615669938915,7.8
4670,Commerce,Gampaha,7,5,1,0.18467478108042523,71.25483143146901,12.0
4671,Bio Science,Gampaha,6,4,5,0.04103442255879913,48.322740212821195,14.7
4672,Technology,Galle,4,4,4,0.3908122216041305,56.11394620775238,8.9
4673,Arts,Colombo,2,9,9,0.16716289163449038,66.36860030282571,1.7
4674,Physical Science,Galle,8,4,1,0.3330491378958484,58.350208268120234,19.4
4675,Bio Science,Colombo,3,6,10,0.17318949365022918,59.5488013062826,5.0
4676,Technology,Ratnapura,2,4,12,0.39796920841400907,89.84534163876549,3.4
4677,Physical Science,Colombo,10,7,6,0.4442062483098906,61.328035146771256,23.0
4678,English,Galle,7,7,3,0.41875707463137,48.00860632146522,13.8
4679,Commerce,Gampaha,10,8,5,0.24223678198992665,77.1542921890827,18.4
4680,Commerce,Galle,6,8,4,0.04197580543491025,51.161935914210694,10.5
4681,Physical Science,Kandy,8,10,3,0.18585555289671474,59.86399623150452,17.3
4682,Physical Science,Ratnapura,6,8,12,0.21222799735254133,52.43059954552878,14.3
4683,English,Jaffna,7,7,1,0.48012700542843734,63.671502581397434,14.1
4684,Physical Science,Colombo,2,6,12,0.2827486526035478,66.59670408911475,2.7
4685,Arts,Galle,10,8,12,0.3204231164482208,65.5648612070921,19.6
4686,Bio Science,Colombo,2,6,6,0.39100179050103695,65.25027253022466,3.5
4687,Physical Science,Gampaha,6,8,4,0.28410123360516937,74.26702142489954,12.8
4688,Physical Science,Galle,9,5,12,0.29924230459138096,76.54641359571907,22.0
4689,Commerce,UpCountry,3,2,2,0.12266389866730265,45.40889099700656,6.4
4690,Sinhala,Gampaha,10,7,5,0.0294333037806378,52.38020105444764,17.6
4691,Bio Science,Galle,8,5,7,0.3606929395545178,77.36558925918409,17.2
4692,Bio Science,Colombo,5,7,10,0.424342348677213,53.257546680149815,10.2
4693,Bio Science,Galle,6,7,9,0.2060000916625519,71.87845926954859,12.6
4694,Commerce,Jaffna,6,5,9,0.2744572266241049,77.09223855373268,10.2
4695,Bio Science,Colombo,10,6,11,0.1536426136678518,40.876295537376706,25.1
4696,Technology,Gampaha,3,6,1,0.22511029673286737,54.40491903949796,4.0
4697,Commerce,Colombo,5,8,10,0.10444486313322754,77.22551201289824,7.2
4698,Commerce,Gampaha,1,8,9,0.3799434040524805,62.29539193458538,1.0
4699,Physical Science,Colombo,2,10,11,0.24595589388754757,59.43737142361361,3.6
4700,Sinhala,Kandy,10,6,3,0.27357827660553946,73.96672171455455,19.7
4701,Physical Science,RemoteArea,3,5,2,0.01854403913061159,77.55858633952808,4.6
4702,Physical Science,Ratnapura,4,4,6,0.3111991961466737,52.82385383625001,9.8
4703,Commerce,Kandy,9,10,9,0.10132790600389474,91.00696170870306,15.3
4704,Commerce,Kandy,1,7,7,0.19169732218243607,36.73674900825317,1.0
4705,Bio Science,UpCountry,3,2,7,0.20635785004792107,40.89329980736762,7.2
4706,Bio Science,Kandy,3,6,13,0.22436629874404534,59.68430679867363,5.9
4707,Arts,Kandy,6,9,3,0.11371819455738164,56.48205850581627,10.8
4708,Physical Science,Gampaha,5,8,14,0.4250551123578203,62.66853178802011,11.9
4709,Technology,Colombo,3,6,14,0.21392507535231126,58.98242268814913,4.8
4710,Commerce,Ratnapura,4,5,9,0.30606722895413063,53.61583691214474,7.2
4711,Bio Science,Gampaha,7,5,1,0.3069687728468865,57.19531391997863,16.4
4712,Bio Science,Ratnapura,3,6,5,0.30349233721068264,53.65230403330539,6.4
4713,Physical Science,Kandy,9,10,14,0.2796590044747986,77.22891607004873,21.0
4714,Arts,Gampaha,8,5,2,0.4113128741323943,61.45921697197526,13.8
4715,Commerce,Kandy,2,9,7,0.40630890687359456,60.18255807757946,1.9
4716,Bio Science,Colombo,5,10,2,0.20857228630242952,59.91822017607775,10.9
4717,Commerce,UpCountry,4,3,1,0.31792302406531087,77.21242050456493,7.2
4718,Sinhala,Galle,5,4,12,0.05141462226334337,58.74890229703285,11.0
4719,Bio Science,Colombo,3,10,12,0.04538633913417506,46.89912861483519,6.1
4720,English,Gampaha,10,5,8,0.23995820276063096,49.3395288204743,19.0
4721,Bio Science,Kandy,1,6,8,0.4501020118030107,60.50468200789361,1.6
4722,Physical Science,Ratnapura,8,6,8,0.32499985126184777,71.22254792158944,17.1
4723,Physical Science,Gampaha,9,8,2,0.3346082113237971,74.19711281236637,20.2
4724,Bio Science,Colombo,8,10,1,0.07883665603975065,85.22957513756764,16.2
4725,Physical Science,UpCountry,4,3,13,0.22665222213441943,77.58732608017971,9.5
4726,Physical Science,Galle,2,6,15,0.20039547249224682,54.25578055707424,4.1
4727,English,Kandy,4,9,13,0.39148917337709654,63.45161187251528,7.6
4728,Technology,Kandy,9,7,3,0.06891204838613402,29.045096243157168,17.4
4729,Arts,UpCountry,10,3,1,0.2695955036654022,55.82689462072196,19.6
4730,Physical Science,UpCountry,9,5,15,0.4556757512744259,58.42339657252328,22.3
4731,Physical Science,RemoteArea,5,5,7,0.446229944826199,28.804619165042915,12.3
4732,Physical Science,Colombo,5,9,9,0.4261685548738602,96.11303364244404,10.8
4733,Arts,Colombo,10,9,0,0.1874926564681917,54.33024378916117,19.5
4734,English,Jaffna,3,7,1,0.47055034532752893,28.891847403664343,5.7
4735,Bio Science,Kandy,6,6,5,0.40265025432968593,58.387894036449836,12.9
4736,Physical Science,Ratnapura,7,4,8,0.42557065962045165,88.76155345466722,17.1
4737,Commerce,Ratnapura,10,7,9,0.4661768971624936,93.10648625468663,18.1
4738,Bio Science,Galle,9,6,11,0.46850063280704046,66.37555781699814,22.0
4739,Bio Science,Galle,7,6,4,0.12003248162999541,63.44566622064628,15.0
4740,Commerce,Gampaha,3,7,4,0.06384385588858343,80.3838990937155,2.8
4741,Arts,Galle,7,4,2,0.34543747178565765,58.74232120313826,14.7
4742,Physical Science,Kandy,1,8,7,0.2816069783185712,70.40425747286342,1.3
4743,Physical Science,Galle,2,4,11,0.16371325281596605,78.09385098416675,5.2
4744,Sinhala,Gampaha,4,5,5,0.34222475338850783,46.36095697093725,7.7
4745,Physical Science,Colombo,7,6,9,0.03099843865796087,87.55150993175556,13.8
4746,Physical Science,Gampaha,9,7,15,0.02360415824794171,54.30467271776817,22.3
4747,Physical Science,Gampaha,5,8,11,0.17715529210088005,55.9931254708152,12.2
4748,Physical Science,Kandy,8,9,15,0.09692331171608043,68.9973345041008,19.3
4749,Bio Science,Colombo,7,7,1,0.3592780253687887,74.59402062078863,15.5
4750,Technology,RemoteArea,5,2,11,0.474010918954096,75.66107430605045,10.9
4751,Bio Science,Colombo,3,8,11,0.33081370684231276,64.75900480595196,5.8
4752,Bio Science,Colombo,3,9,4,0.3273921835637819,66.26254686485011,6.6
4753,Commerce,Kandy,6,8,3,0.0032977867097915836,77.5993460341842,9.4
4754,Commerce,Kandy,10,6,10,0.2561384858623151,65.12590141179028,18.9
4755,Technology,Gampaha,4,5,9,0.40855066008757973,52.319169494300816,8.3
4756,Technology,Galle,3,7,8,0.3270601826690088,54.95608241472479,5.3
4757,Physical Science,Kandy,4,8,3,0.11389119232441725,75.13920986888584,7.9
4758,Arts,Kandy,3,9,7,0.4242376242136004,51.331447125042914,4.7
4759,Bio Science,Jaffna,10,7,0,0.48218836210759114,36.48234451588047,23.4
4760,Sinhala,Ratnapura,6,6,4,0.1394964237501352,57.43716977848877,11.0
4761,Bio Science,Kandy,7,7,8,0.10354717108290334,62.86979059144458,14.6
4762,Sinhala,Galle,4,7,2,0.16926345232633794,73.90747452342171,5.2
4763,Arts,Ratnapura,3,5,10,0.03157914193883554,43.13335409037107,3.8
4764,Physical Science,Gampaha,3,5,12,0.4367163365434378,71.1970788318306,6.1
4765,Commerce,UpCountry,3,2,15,0.46464974026624056,84.76888507100095,6.0
4766,Sinhala,Gampaha,9,6,5,0.31665151981656514,50.23982198648501,17.5
4767,Technology,Gampaha,3,4,10,0.382167406426723,66.22465566980028,5.6
4768,Physical Science,RemoteArea,3,6,9,0.334325338717578,32.24112685870767,7.5
4769,Arts,Colombo,8,6,5,0.18867711464493453,75.59745561867705,13.3
4770,Bio Science,Ratnapura,4,7,10,0.3160211810271329,76.9339454855464,7.1
4771,Physical Science,Galle,7,7,5,0.41816008543755645,62.20033321079293,15.6
4772,Bio Science,Galle,3,7,3,0.40495370511788353,41.59078244679233,6.7
4773,Physical Science,Gampaha,8,8,6,0.04052876320833726,73.00324887056054,17.1
4774,Technology,Kandy,3,7,2,0.23130048027155853,57.32503101478565,4.0
4775,Bio Science,Galle,5,7,5,0.198660731978625,20.79426499883509,11.9
4776,Technology,Jaffna,1,4,9,0.3760043728899323,76.17318723557615,1.0
4777,Physical Science,Colombo,5,7,4,0.25068796977289165,79.4542371421278,8.8
4778,Bio Science,Ratnapura,6,4,2,0.1748505542847098,81.08958675841583,14.5
4779,Physical Science,Gampaha,7,4,1,0.35317488029660077,41.34495674327106,18.2
4780,Physical Science,Galle,2,7,11,0.23678926016794938,36.74809027915866,4.4
4781,Physical Science,Galle,2,4,14,0.1283120138764875,60.8442228518294,3.9
4782,Physical Science,UpCountry,9,6,0,0.4452084613051128,67.7679679198499,20.0
4783,Commerce,Galle,10,5,7,0.056523924076525844,49.35813907688275,18.7
4784,Physical Science,Kandy,1,9,0,0.009043853442743277,36.13448378195288,1.0
4785,Bio Science,Gampaha,2,7,4,0.0719555163240197,72.86854375067509,3.3
4786,Bio Science,Galle,2,4,15,0.0818216267486721,62.321897372727534,5.1
4787,Technology,Jaffna,10,4,4,0.2690211000237828,71.338838464041,19.2
4788,English,Kandy,7,8,0,0.31243275031851875,60.23695039238379,11.8
4789,Bio Science,Ratnapura,6,6,8,0.22430556702939958,61.50842208764154,13.2
4790,Bio Science,UpCountry,9,5,4,0.1020856226394879,61.03796026898355,20.2
4791,Physical Science,Gampaha,7,7,8,0.0660954493969626,58.623319416252045,15.4
4792,English,Gampaha,3,4,10,0.24607598456186325,58.12186366634319,6.9
4793,Physical Science,Kandy,3,10,5,0.282741543809906,45.980783216745834,6.5
4794,Physical Science,Jaffna,1,8,6,0.15198068585173702,70.25024170097862,1.0
4795,Physical Science,Colombo,8,6,6,0.11021997367048708,81.71305718973481,17.1
4796,Bio Science,Galle,1,6,1,0.04029636342371362,52.992810385888674,1.3
4797,Physical Science,Colombo,2,8,13,0.013122243496116348,94.49149436349904,2.2
4798,Arts,Colombo,7,10,15,0.05286821541808995,73.14866965843602,12.8
4799,Physical Science,Gampaha,1,7,4,0.3710397061419703,65.8726186649901,1.4
4800,Commerce,Jaffna,4,4,1,0.17200932507694472,70.3252727279205,7.5
4801,Physical Science,RemoteArea,9,5,3,0.013709457700951111,76.12661865041656,18.8
4802,Physical Science,Galle,8,6,11,0.2540826359271723,58.68139111949543,19.5
4803,English,UpCountry,8,6,2,0.26803363344431264,69.32235246922515,14.1
4804,Physical Science,Colombo,3,9,11,0.21434438980619674,81.19952023649168,5.3
4805,Technology,Ratnapura,5,6,12,0.055341406017742956,60.30934144534161,8.5
4806,Commerce,Kandy,4,8,10,0.37748369880298177,65.0710824748389,7.1
4807,Physical Science,Colombo,8,8,5,0.34454079411830957,50.99113261955317,18.3
4808,English,Galle,7,7,10,0.1973645691357941,57.6042763903431,12.8
4809,Physical Science,Jaffna,7,5,14,0.190407678374034,61.75463631629217,16.8
4810,Technology,RemoteArea,10,6,4,0.07796755747297157,48.43704788902137,18.1
4811,Physical Science,Colombo,10,8,0,0.3767746735438747,59.05578871021601,23.4
4812,Technology,Gampaha,7,7,14,0.2997869521698831,71.96243447750017,13.2
4813,Physical Science,Kandy,1,6,1,0.04289672275647283,66.91925385657554,1.0
4814,Commerce,Colombo,7,10,12,0.18903172921845673,53.87293067997882,13.9
4815,Arts,Kandy,4,6,6,0.4517804712842513,53.905170979662074,7.2
4816,English,Gampaha,3,4,8,0.2261873008281131,76.7637570192058,6.7
4817,English,Gampaha,5,7,0,0.1624637496502886,50.86909299350004,8.9
4818,Technology,Gampaha,2,5,3,0.3218920377242974,73.86287038558079,1.9
4819,Technology,Ratnapura,8,7,13,0.10148618884202915,55.513034200994724,16.7
4820,Physical Science,Kandy,9,9,14,0.26190169910358974,72.65494037685316,20.8
4821,Physical Science,Gampaha,5,8,14,0.3347613767818228,78.28527513096626,10.8
4822,Physical Science,Ratnapura,3,7,15,0.42743920798753887,27.7547057334366,7.5
4823,Bio Science,Gampaha,10,8,10,0.346252151388935,78.02700447993419,22.1
4824,Bio Science,Colombo,7,8,2,0.1922048985842822,80.56106709396924,14.7
4825,Commerce,Gampaha,1,8,11,0.3839000866741555,60.86628314061045,1.0
4826,Physical Science,Colombo,10,9,11,0.4491999640354209,70.6860759172514,24.9
4827,Commerce,Kandy,3,8,10,0.2388818123299698,52.41316388291018,5.0
4828,Physical Science,Jaffna,9,6,15,0.002250392741641183,72.95220804255844,21.1
4829,Bio Science,Kandy,2,7,12,0.44045901297592205,100.0,3.1
4830,Commerce,Galle,9,7,4,0.08272099580437547,29.048963596243013,16.4
4831,Arts,Gampaha,1,4,4,0.06316275249018666,54.48932709786666,1.0
4832,Arts,Kandy,4,9,12,0.15383928287001575,77.95131548276723,6.6
4833,Commerce,Galle,10,4,11,0.1899918726953806,84.42374941232528,20.8
4834,Physical Science,Gampaha,6,5,9,0.399688349093326,43.763664466828466,14.6
4835,Commerce,Jaffna,7,7,9,0.19459169255656433,54.927139011503385,13.1
4836,Physical Science,Gampaha,3,5,10,0.02441058317709166,56.295231673426194,5.7
4837,Bio Science,Gampaha,9,4,1,0.3179808399953059,50.705063027844155,21.8
4838,Bio Science,Galle,4,8,4,0.33561051171500417,60.257381158350235,8.6
4839,Physical Science,Colombo,5,9,3,0.4071104604160518,40.06963554971732,11.3
4840,Physical Science,Gampaha,8,6,12,0.19943304033056586,62.18211903015167,19.3
4841,English,Colombo,3,8,0,0.04303553810383853,45.957766547064324,4.4
4842,English,Gampaha,8,5,11,0.2765311388472763,64.46717647890601,15.9
4843,Bio Science,Colombo,1,10,0,0.06049869128875329,49.42305034495664,1.0
4844,Physical Science,Kandy,8,8,0,0.00853766151215496,57.46444924911165,17.8
4845,Physical Science,Galle,10,6,7,0.3892917359256728,47.953439516359005,23.4
4846,Bio Science,Galle,8,7,15,0.20170530016919203,81.790509214391,18.3
4847,English,Gampaha,6,6,14,0.262502586031218,62.116050824315366,11.2
4848,Physical Science,RemoteArea,5,2,2,0.331424601384267,61.207416296063826,11.5
4849,Arts,Kandy,9,7,8,0.20051383335561918,61.81270856423706,15.4
4850,Physical Science,Gampaha,6,6,14,0.02556579623869787,67.10848327965103,13.9
4851,Sinhala,Galle,1,7,9,0.1263718288539803,64.53288858340466,1.0
4852,Bio Science,Jaffna,6,4,1,0.09717059566897274,72.57707540943974,13.1
4853,Arts,Jaffna,1,6,8,0.48869701041213276,59.708996511997576,1.2
4854,Bio Science,Colombo,6,7,10,0.36975272701272993,54.20309696513447,13.0
4855,Commerce,Gampaha,3,5,8,0.22577499913159627,64.62572934081447,4.3
4856,Physical Science,Galle,6,5,14,0.03168369822875716,57.806436824406234,13.1
4857,Physical Science,Kandy,6,8,3,0.05792526123913527,60.3762963232503,12.8
4858,English,Jaffna,1,4,3,0.40644978463570736,45.71959096159816,2.8
4859,English,Kandy,9,10,3,0.4727245469185003,77.24673708564383,16.6
4860,Technology,Galle,8,5,11,0.015675092237664223,53.79200862725659,15.4
4861,Commerce,Colombo,2,6,0,0.45519856134413794,77.99105464312977,2.4
4862,Technology,Kandy,2,9,4,0.19028185669299597,61.08311411599431,1.6
4863,Physical Science,Colombo,5,9,12,0.10681633032683696,78.84229783113463,11.7
4864,Bio Science,Jaffna,10,4,5,0.05111617870659518,50.9903205146901,24.1
4865,Bio Science,Jaffna,2,7,3,0.38587447097659744,31.99732367698761,5.4
4866,Commerce,Ratnapura,1,7,7,0.23445524259090683,38.767851824052336,1.0
4867,Bio Science,Jaffna,2,5,15,0.4162118909676284,100.0,1.9
4868,Physical Science,Gampaha,5,6,14,0.11307857671248106,58.030895529819745,11.1
4869,Commerce,Colombo,10,8,14,0.3392840184162123,83.44237094322484,19.6
4870,Technology,Gampaha,7,6,13,0.059060852433064026,47.03365569732777,13.7
4871,Bio Science,Colombo,5,8,13,0.04487534206738486,69.18282085449377,11.7
4872,Physical Science,Gampaha,1,4,2,0.06669992518087575,66.22610826892974,1.4
4873,Physical Science,Gampaha,7,5,10,0.4044506502801536,100.0,14.0
4874,Physical Science,Jaffna,6,4,8,0.32780986771632,59.23211891846225,14.9
4875,Physical Science,Galle,7,7,12,0.08298194596682912,55.33097926363134,15.8
4876,Commerce,Kandy,2,7,6,0.1923861053425927,68.2640041402597,2.1
4877,Commerce,Ratnapura,5,8,7,0.38184300487822836,49.628561195458175,9.2
4878,Commerce,UpCountry,8,4,6,0.14283719470694362,69.14365333971317,15.7
4879,Bio Science,Jaffna,7,7,8,0.4606318561565479,63.19767318093274,15.8
4880,Technology,Ratnapura,6,6,1,0.45730139567512856,49.19273518372499,12.3
4881,Physical Science,Galle,6,6,14,0.27645041284736177,74.41575900731863,13.2
4882,Bio Science,Colombo,1,8,14,0.3159871345760574,68.62482054031133,1.0
4883,Technology,Kandy,1,10,3,0.3266091766939149,72.9048065856489,1.0
4884,Physical Science,Gampaha,7,7,1,0.12923422887753783,85.28680060759238,14.3
4885,Physical Science,Gampaha,3,6,7,0.1826606943619935,55.975353817428164,5.9
4886,Technology,Galle,6,6,1,0.06797055524494233,54.327379343797716,9.6
4887,Bio Science,Gampaha,5,5,7,0.4624356708269345,43.31528870613164,12.6
4888,Commerce,Ratnapura,3,6,5,0.36192471934777604,70.31545411896158,4.6
4889,Physical Science,UpCountry,6,3,6,0.023178133166323778,53.32872678809309,13.4
4890,Commerce,UpCountry,3,5,10,0.27469372504895834,70.18291974750127,4.5
4891,Bio Science,Jaffna,8,7,14,0.17153686736897966,84.48209830849942,17.8
4892,Physical Science,Gampaha,7,7,12,0.4076439385307046,55.734023484392516,17.7
4893,Commerce,Ratnapura,9,5,5,0.1719000439167564,55.38575789948583,15.8
4894,Physical Science,Galle,5,8,13,0.32207506230044747,81.71768998579824,11.4
4895,Bio Science,Ratnapura,1,8,11,0.08287016672828629,76.11134250028415,1.0
4896,Physical Science,Ratnapura,10,6,8,0.2793777448245294,73.02225368972296,21.6
4897,Physical Science,Kandy,8,9,3,0.1469428662767746,55.62919701220122,17.7
4898,Physical Science,Colombo,2,6,0,0.08244421118125639,38.45895553844538,3.4
4899,Physical Science,Ratnapura,6,6,15,0.309629573468228,56.822491823480455,14.1
4900,English,Gampaha,1,8,8,0.31932060000768786,48.857792276695236,1.0
4901,Physical Science,Colombo,6,10,15,0.4916768905668933,76.22319471080722,13.9
4902,Bio Science,Colombo,4,9,15,0.33455302983055785,71.76782304930637,9.0
4903,Physical Science,Ratnapura,5,5,12,0.2578549692635641,57.02074612731353,12.6
4904,Bio Science,Colombo,10,8,9,0.45631042154237483,58.0818670770672,23.4
4905,English,Jaffna,7,5,7,0.4141404093442279,70.63474488363207,12.8
4906,Physical Science,Galle,6,8,0,0.2743731392200893,55.210032997412355,12.3
4907,English,Gampaha,1,7,12,0.25567453887040364,57.28279937134339,1.0
4908,Physical Science,Kandy,9,10,9,0.4709845928579384,94.17886693491256,19.1
4909,Arts,Ratnapura,6,7,5,0.3085635219794654,54.25563708001804,10.1
4910,Commerce,Ratnapura,6,4,13,0.35688958458475345,76.52959518979355,12.1
4911,Technology,Colombo,9,7,9,0.04333952107360156,70.38863515332591,16.1
4912,Commerce,Kandy,10,8,11,0.3591528106246296,42.65116102742243,20.9
4913,Commerce,Jaffna,5,7,11,0.1323409211033416,55.31509174795744,8.5
4914,Physical Science,Kandy,6,6,14,0.057768961603145874,79.2868256011705,12.7
4915,Physical Science,Gampaha,6,4,3,0.4248330544026549,59.5277582111746,14.9
4916,English,Colombo,7,7,14,0.345595543326373,45.02590631459471,14.1
4917,Bio Science,Galle,9,7,14,0.2037821561190652,72.91732293183637,20.9
4918,Bio Science,Gampaha,5,6,15,0.21570836310403324,58.76543032239819,11.0
4919,Arts,Jaffna,5,6,10,0.09855886110490819,71.53838263217574,8.3
4920,Bio Science,Kandy,4,8,1,0.004775497733137624,100.0,5.2
4921,English,Jaffna,10,8,2,0.17467956978468835,66.73658604959587,18.0
4922,Arts,UpCountry,4,6,11,0.07420717984129277,74.6825952440086,6.2
4923,Commerce,UpCountry,8,5,12,0.21086339784365765,62.190082064193035,15.4
4924,Technology,Kandy,2,8,11,0.4169125439649792,48.70618513468679,3.0
4925,Physical Science,Kandy,10,6,8,0.05737718170135986,79.35887379788639,22.0
4926,Physical Science,Colombo,8,8,4,0.045876801068073236,52.91241071035574,18.0
4927,Bio Science,UpCountry,2,5,6,0.451051109982781,59.56227448582667,3.8
4928,Physical Science,Gampaha,1,6,14,0.3725697812191616,93.90213303460888,1.0
4929,Arts,Colombo,10,7,12,0.026534932808795042,60.93438361952977,19.9
4930,English,Gampaha,9,6,14,0.039785242628791906,85.22992197711815,17.0
4931,Bio Science,Colombo,8,6,1,0.34246211407446375,66.31217176888153,17.6
4932,Bio Science,Kandy,6,9,7,0.18517210107384308,55.203634409202074,13.1
4933,English,Kandy,4,9,2,0.3620866477722211,66.12110970139587,6.3
4934,Bio Science,Gampaha,2,4,0,0.20222703465023883,49.25367975983836,3.5
4935,Bio Science,Ratnapura,8,7,12,0.48389334366058384,79.5708766386112,19.1
4936,Bio Science,UpCountry,3,4,7,0.34720830613032555,82.20640742508593,7.0
4937,English,Galle,10,7,10,0.023307882422837434,65.73510693378225,17.9
4938,Commerce,Galle,4,6,10,0.1652508874386831,85.13714640153896,5.7
4939,Arts,Gampaha,5,7,8,0.28180309306801465,66.40110621031137,8.2
4940,Technology,Galle,4,6,7,0.07093681910017868,77.21769647051153,5.5
4941,Bio Science,Gampaha,8,6,0,0.0012601500376478447,100.0,16.0
4942,Bio Science,Colombo,9,6,11,0.03965406616085815,100.0,21.1
4943,Technology,Colombo,1,6,6,0.262131738848084,60.26171755995751,1.0
4944,Bio Science,Gampaha,2,8,6,0.3161275454427855,67.40257529162955,3.5
4945,Arts,Colombo,4,6,3,0.04645168784710624,45.69066031890668,6.7
4946,English,RemoteArea,1,4,12,0.3325782619528066,77.97968413181123,1.0
4947,Commerce,Ratnapura,6,6,12,0.3085620786273379,71.83825135453161,11.8
4948,Arts,Gampaha,5,7,12,0.4699484910056313,54.38971720837677,10.4
4949,Technology,Gampaha,7,7,11,0.42033774578113503,83.302727373897,13.4
4950,Technology,Gampaha,6,8,7,0.47162093186948256,59.51585585589688,10.9
4951,Bio Science,Kandy,3,8,4,0.48305381157838306,54.18638014601156,6.6
4952,Physical Science,Colombo,5,10,12,0.220404267989811,71.99244465851511,10.9
4953,Bio Science,Galle,3,6,11,0.24395534063900537,58.52390944710986,6.6
4954,Commerce,Gampaha,9,4,3,0.1408109841445505,61.02480709556814,17.3
4955,Bio Science,Kandy,2,9,12,0.25421620129741845,92.19376069097906,1.5
4956,Arts,Jaffna,6,8,4,0.07535734909960595,52.77972866424173,9.8
4957,Bio Science,Galle,9,5,10,0.335715480379099,75.1311422400623,19.8
4958,Commerce,Galle,10,6,1,0.012466267332514769,51.74751256955482,18.1
4959,Physical Science,Kandy,7,6,3,0.11781387814277489,46.902127395526314,15.4
4960,Arts,Gampaha,5,5,9,0.10403584909565755,63.276763316676046,7.5
4961,Commerce,Kandy,2,6,7,0.468944535711027,100.0,1.8
4962,Physical Science,Galle,2,4,6,0.07245087585392457,74.72438590769809,3.4
4963,Physical Science,Galle,4,6,11,0.4453877253915471,72.4307895234902,9.0
4964,Arts,Colombo,10,6,7,0.062179110684081884,55.631719755722756,17.6
4965,Bio Science,Gampaha,2,8,13,0.3253489931402312,60.73125574339605,3.3
4966,Physical Science,Galle,8,5,6,0.15994298408666907,40.7478416023589,17.7
4967,English,Gampaha,10,4,6,0.1580011842734958,89.92553975679941,19.1
4968,Arts,Gampaha,7,4,10,0.49913555006073257,69.03366306800856,14.0
4969,English,Gampaha,7,7,6,0.11302142889646205,65.72923784524704,12.2
4970,Bio Science,Kandy,3,9,15,0.1012800339672213,70.55771299685688,6.1
4971,Bio Science,RemoteArea,7,6,1,0.2946673745489818,91.85224197744536,15.2
4972,Technology,Gampaha,8,7,2,0.3703761985142865,65.49250764154166,14.7
4973,Commerce,Colombo,5,6,0,0.4912522617617238,57.11200736932057,8.5
4974,Arts,Colombo,1,6,14,0.3507068871187304,93.9866730923802,1.0
4975,Physical Science,Ratnapura,1,5,1,0.28093553312520475,58.55517334474984,1.8
4976,Bio Science,Kandy,4,9,9,0.20456585887904383,39.12623844393769,8.7
4977,Physical Science,Kandy,2,8,5,0.2975564044863332,39.59490319138882,4.7
4978,Physical Science,Colombo,7,9,1,0.30041749837634585,57.62435287057486,15.6
4979,Physical Science,Jaffna,3,4,0,0.10885574693216188,64.3745806207465,5.9
4980,Physical Science,Jaffna,4,5,14,0.3356042807669017,79.32918315868598,8.0
4981,Sinhala,Colombo,9,9,15,0.10221189533220204,53.7254665354627,17.8
4982,Physical Science,Gampaha,2,5,7,0.24497741169767956,60.12111976769606,3.1
4983,Commerce,RemoteArea,8,5,8,0.12993475631495616,51.85524924707528,14.1
4984,Technology,Gampaha,1,8,6,0.15640051186487552,79.7057108624794,1.0
4985,Commerce,Galle,3,4,2,0.3069385099980149,80.23629404024969,6.1
4986,Physical Science,Gampaha,4,4,15,0.03224255736890014,96.87393178422795,7.9
4987,Arts,Galle,6,6,0,0.006017407662113727,65.27302521408649,9.5
4988,Commerce,Galle,1,4,3,0.06531000477382182,89.47943988945603,1.0
4989,Arts,Jaffna,8,6,12,0.08435348903724876,55.60646222852152,15.5
4990,Arts,Galle,2,4,9,0.09893648402281696,67.73912737100605,3.6
4991,Sinhala,UpCountry,5,5,14,0.3869655351072399,51.08771283196172,9.7
4992,Commerce,Kandy,6,9,10,0.2234289835189393,73.60001112119414,10.2
4993,Bio Science,Colombo,8,10,2,0.23496806692213607,65.2711540786825,17.0
4994,Commerce,Gampaha,3,7,14,0.32216708142777173,30.19229835953356,5.2
4995,Physical Science,Galle,9,5,10,0.36455438420642383,81.64410585327172,19.4
4996,Technology,Jaffna,5,7,2,0.0017541747767180205,73.83025036911371,6.6
4997,Physical Science,Colombo,8,8,1,0.42836266790258476,52.16537505222618,18.3
4998,Bio Science,Ratnapura,4,8,10,0.4942174236370542,69.21826786724537,7.7
4999,Technology,Jaffna,9,5,9,0.06090371611921086,42.093873883854116,16.2
5000,Commerce,Colombo,8,7,2,0.3255402918284518,49.446692415352544,15.7
5001,Bio Science,Gampaha,5,4,10,0.0012068772004882322,90.03619145337021,10.6
5002,Bio Science,Jaffna,3,6,4,0.02451474308729118,44.68480272197526,5.0
5003,Technology,Kandy,1,9,14,0.14250051004302766,67.1431947634758,1.0
5004,Bio Science,Ratnapura,5,7,3,0.42320204220981705,40.55458497636148,11.4
5005,Technology,Colombo,5,6,0,0.3262504507188687,65.0691783018231,7.4
5006,Physical Science,Colombo,4,9,0,0.22291046598616343,68.44117657959386,7.9
5007,Arts,Colombo,10,7,0,0.2192992368011964,70.86195324690718,18.6
5008,Technology,Kandy,10,9,11,0.23302678717656333,72.51976005434048,19.6
5009,Physical Science,Kandy,8,9,9,0.1555165539005019,85.90253310345949,16.5
5010,Bio Science,Colombo,3,7,8,0.43885725881275717,55.68957594318792,5.9
5011,Physical Science,Ratnapura,10,6,8,0.28393456559989866,48.12588253362159,23.2
5012,Arts,Colombo,9,8,8,0.24197498176292642,55.192409182651986,16.5
5013,Commerce,RemoteArea,3,3,14,0.23253830157855193,46.80653775456421,6.9
5014,Commerce,Gampaha,4,5,9,0.4679132334489713,65.68169538291477,6.3
5015,Physical Science,Galle,6,8,3,0.3618309641098409,59.40567529121253,14.2
5016,Physical Science,Galle,9,8,3,0.07240727735829283,68.66306012994819,19.3
5017,Physical Science,Kandy,10,9,13,0.21848508497163255,42.25637791152431,25.6
5018,Bio Science,Jaffna,2,7,13,0.14418610520726166,66.30481438011641,3.3
5019,Commerce,Colombo,2,10,9,0.4934343288650813,82.71721297973698,1.0
5020,Technology,Jaffna,2,7,6,0.2076978531565904,71.58344168166946,1.8
5021,Commerce,Colombo,5,8,12,0.03393505151489118,37.56696186394815,9.1
5022,Bio Science,Galle,6,6,2,0.20560600073140217,60.824365652782824,13.3
5023,English,Ratnapura,3,4,9,0.16067514030296765,53.508375593214765,5.4
5024,Arts,Galle,3,8,2,0.2997913235391239,61.19292828111414,4.8
5025,English,Ratnapura,2,6,3,0.11303908761451492,55.79020241646659,2.9
5026,Commerce,Galle,6,4,10,0.01798682484969083,91.08944613634063,10.6
5027,Physical Science,Gampaha,1,5,5,0.04794018757944568,63.78569774083119,1.0
5028,Physical Science,Jaffna,9,6,0,0.14157379476718268,64.75138071740656,19.5
5029,Arts,Gampaha,10,4,10,0.1741613157665538,64.33904586546058,19.6
5030,Physical Science,Gampaha,4,7,13,0.4172252700223664,73.61675923926288,8.0
5031,Bio Science,Kandy,2,6,2,0.1350348420071924,57.74671996232633,3.2
5032,Commerce,UpCountry,6,4,11,0.01574652673802307,77.10276719003893,12.6
5033,Commerce,Ratnapura,5,7,14,0.3903667416014271,61.121117757746454,9.1
5034,Commerce,UpCountry,3,5,14,0.4344587850444813,87.64680059991237,4.3
5035,Physical Science,Kandy,3,6,4,0.2461531187002639,69.44670644970802,5.3
5036,Bio Science,Galle,5,4,10,0.14246361537823538,62.71164075534851,11.9
5037,Commerce,Gampaha,4,6,14,0.38606994005920797,79.63137746632883,6.4
5038,English,Gampaha,5,7,3,0.004449203340995245,68.89545071323562,7.0
5039,Arts,Galle,2,8,7,0.4620141145539473,75.90972726792239,1.8
5040,English,Gampaha,1,4,15,0.43276582243865563,68.78615818119864,1.0
5041,Arts,Kandy,5,10,8,0.2724166049774179,60.38218348382008,8.9
5042,Commerce,Ratnapura,1,8,7,0.1387905939548943,65.5291427370983,1.0
5043,Physical Science,Colombo,3,9,15,0.01642244137449883,59.99435087172327,5.7
5044,Commerce,Kandy,8,8,10,0.4999118750984311,79.68992966793408,14.0
5045,Commerce,Jaffna,8,8,10,0.38103686151934196,87.0378022165108,13.8
5046,Commerce,Kandy,9,8,8,0.16935493790407918,72.68556277378957,15.9
5047,Bio Science,Colombo,1,6,15,0.00963598581939229,88.77236415249696,1.0
5048,Commerce,Gampaha,4,7,13,0.31964586423038555,83.40296819163896,6.1
5049,Bio Science,Gampaha,6,5,14,0.49345200287584773,62.97622380442234,15.2
5050,Commerce,Gampaha,7,7,13,0.3535363543163336,79.03688750556138,12.6
5051,Physical Science,Galle,5,5,13,0.04185720428490264,47.25551158320289,12.0
5052,Technology,Galle,7,4,7,0.2011391860867781,66.2910316950223,12.9
5053,Physical Science,Ratnapura,10,6,9,0.05459173136377904,46.764684645316606,23.4
5054,Physical Science,Galle,8,4,12,0.4560802748004738,64.35516143638546,20.1
5055,Bio Science,Gampaha,10,7,0,0.1652072354762904,38.40457805771749,23.3
5056,Commerce,Jaffna,6,5,6,0.36668826467033555,79.41456079059076,9.8
5057,Bio Science,Colombo,4,7,13,0.04234517900455331,60.576738010043115,8.3
5058,Physical Science,Jaffna,1,7,8,0.06420734789771976,77.59483830048978,1.0
5059,Commerce,Colombo,5,9,0,0.33974383102534234,58.86719055952355,9.0
5060,Bio Science,Gampaha,10,4,9,0.4217399741810846,36.8369287886473,24.1
5061,English,Ratnapura,10,8,0,0.10072497816563947,52.7375682367511,18.4
5062,English,Colombo,10,7,9,0.20916862299853173,56.539325135869454,18.6
5063,Commerce,Ratnapura,4,7,12,0.30970851735156335,65.77833753438938,6.7
5064,Bio Science,Colombo,5,6,1,0.39813816963013626,83.12052843975917,10.0
5065,Arts,Colombo,4,10,12,0.31409830518964055,91.10425134002186,5.8
5066,Physical Science,Jaffna,9,6,4,0.047712960321288356,58.531517632083705,20.0
5067,Bio Science,Ratnapura,3,7,12,0.271409664167042,47.09581912123326,6.9
5068,Bio Science,Kandy,3,10,11,0.44230334073828503,54.33836851470923,6.9
5069,English,Colombo,10,8,7,0.43401186051199203,70.6941375331708,18.8
5070,Physical Science,UpCountry,7,4,12,0.29250780387548064,64.37636305143401,19.0
5071,Commerce,UpCountry,2,2,7,0.49784810338541946,39.8701633003776,4.7
5072,Arts,Colombo,9,7,9,0.052561861192177706,56.94611114963459,17.3
5073,Bio Science,Kandy,8,9,3,0.2392976786958264,81.17360883374673,17.2
5074,Physical Science,Ratnapura,6,8,6,0.3875618196763702,67.38383936152289,12.7
5075,Sinhala,UpCountry,9,4,6,0.07051905905707961,63.70937127840881,18.7
5076,Commerce,Kandy,3,7,8,0.4863748807414273,58.16809097295923,4.8
5077,Commerce,Ratnapura,4,6,15,0.1770232725918225,60.6006353860016,6.3
5078,Physical Science,Gampaha,7,7,14,0.17506987698929544,75.15940853317645,15.8
5079,Bio Science,Ratnapura,1,7,8,0.1065971505706031,66.13091058967427,1.0
5080,Bio Science,Gampaha,1,4,2,0.14400873203329717,72.56524286360946,2.3
5081,Physical Science,Jaffna,1,7,12,0.2887944500365487,74.19970918260094,1.0
5082,Physical Science,Gampaha,8,7,14,0.21467714452547726,67.29580182386866,19.1
5083,Technology,Gampaha,6,7,10,0.0966890891633651,70.76314701318493,9.9
5084,Physical Science,Colombo,3,7,7,0.40456997015823465,54.61201279896554,6.8
5085,Physical Science,Colombo,10,10,4,0.031119653562029836,61.27747053441958,21.9
5086,Commerce,Colombo,7,10,14,0.4173263722501359,87.11425633615437,12.9
5087,Arts,Galle,6,7,4,0.13746936232395623,62.16065041518546,9.9
5088,Physical Science,Colombo,5,10,7,0.2479516665479859,60.2421417470156,10.3
5089,Commerce,Kandy,3,9,14,0.19053226929419592,70.15726644060382,4.7
5090,Physical Science,Gampaha,4,8,5,0.28530105669485706,45.01644497080125,9.0
5091,Physical Science,Colombo,1,10,9,0.3979949975700877,67.81272427207116,1.8
5092,Physical Science,Kandy,9,8,9,0.4946598967373475,89.9406602420718,19.5
5093,Technology,Gampaha,5,5,0,0.1530295728269508,47.87078468670799,8.6
5094,Physical Science,Gampaha,2,6,3,0.27690220618176686,65.50582725398904,3.4
5095,Physical Science,Kandy,9,8,8,0.2330037743874987,63.64758638633301,19.7
5096,Bio Science,Gampaha,7,8,4,0.49946407965656037,61.263689078952325,15.4
5097,Technology,Gampaha,8,4,13,0.4044568152497245,65.49308375999313,17.8
5098,Physical Science,Kandy,3,6,3,0.1985419292900964,72.21463325655978,5.0
5099,Bio Science,Jaffna,7,5,10,0.23843952780382321,48.52817988469077,15.5
5100,Physical Science,Ratnapura,1,7,12,0.12297829721329667,76.33010634861587,1.0
5101,Bio Science,Gampaha,6,8,9,0.37762365987441326,65.53701694375101,13.1
5102,Commerce,Ratnapura,10,5,0,0.4226058931892211,33.559160402150866,20.7
5103,Commerce,Colombo,6,8,8,0.48249341181146016,69.69757370945487,11.1
5104,Bio Science,Kandy,10,10,7,0.2829144484088985,65.20879835090003,22.0
5105,Bio Science,Galle,6,6,2,0.33534150111871974,47.92369303362789,13.3
5106,Physical Science,Galle,3,5,8,0.22302941583472968,66.40857413152179,4.7
5107,Bio Science,Ratnapura,6,4,0,0.30456425516882185,40.256027698478356,14.7
5108,Physical Science,Gampaha,3,5,14,0.1743745151200654,56.72944365706953,6.8
5109,Arts,Kandy,10,10,3,0.3688445582603196,62.05463500373421,18.5
5110,English,Colombo,9,10,4,0.011350182877188697,36.71573844023047,16.1
5111,Sinhala,Galle,7,7,3,0.014228424845991794,44.22922382806823,11.6
5112,Technology,Jaffna,4,4,3,0.35806044509329904,46.47177661106738,7.9
5113,Commerce,UpCountry,3,6,8,0.465341401562583,65.18758724575463,4.4
5114,Arts,Ratnapura,6,4,14,0.3161244672182232,73.62008627716251,12.8
5115,Physical Science,Colombo,9,10,4,0.36326414950184843,48.60796316395053,20.5
5116,Commerce,Galle,3,4,0,0.4119671456090838,45.76603525348338,7.1
5117,Bio Science,Jaffna,8,5,13,0.1808371322317897,68.5716816506172,18.5
5118,Bio Science,Galle,6,4,6,0.05405682877970419,64.66724848777194,14.5
5119,Arts,Ratnapura,4,6,5,0.46654614362504815,51.99641893144195,7.1
5120,Physical Science,Kandy,5,7,14,0.4692852825012201,94.4308048391124,10.9
5121,Bio Science,Kandy,3,10,8,0.2209202777860395,66.76586762623617,5.2
5122,English,Ratnapura,2,8,3,0.10858482849730688,58.94752383968961,2.8
5123,Physical Science,Kandy,9,9,13,0.4461771913849945,60.70864305706723,21.8
5124,Bio Science,Kandy,3,8,9,0.3542133485426266,79.63247931021864,4.6
5125,English,Colombo,6,9,5,0.004114175273480902,70.67566593449162,9.2
5126,Commerce,Colombo,5,7,9,0.05385985072954125,38.435332949205396,9.4
5127,Commerce,Kandy,10,9,6,0.49159982138587227,52.562832641389015,19.1
5128,Physical Science,Gampaha,8,5,3,0.019064089404072337,54.79820687266873,16.9
5129,Bio Science,Galle,5,7,11,0.14127750518181104,65.3207327333831,11.0
5130,Technology,Gampaha,8,4,8,0.2742481723530682,73.40702367033205,15.7
5131,Commerce,Colombo,5,7,12,0.09217780810277276,49.947720195647996,8.8
5132,Commerce,RemoteArea,10,3,13,0.1160270431814795,65.30888779837483,21.6
5133,Physical Science,UpCountry,6,2,0,0.17648374328100108,85.48899875787285,13.3
5134,Physical Science,Ratnapura,5,4,0,0.1347771341614768,60.43590603446913,11.5
5135,English,Galle,2,6,2,0.4016781139600036,50.58556854688396,2.5
5136,Bio Science,Colombo,10,6,8,0.2501372366963024,43.9868230687192,23.5
5137,Commerce,Ratnapura,10,7,4,0.13931007378880522,54.69646811842205,18.2
5138,Physical Science,Colombo,6,6,0,0.1565480167473492,43.81877546960691,11.8
5139,Commerce,Colombo,7,6,15,0.01993247979401569,61.58099884397641,13.4
5140,English,Galle,3,5,11,0.0246960380904378,73.63275457416418,4.1
5141,Commerce,Jaffna,3,5,4,0.35895378317944204,62.554385354730314,5.1
5142,Physical Science,RemoteArea,7,2,5,0.05645541853555702,55.299771258666674,16.8
5143,Commerce,Jaffna,10,6,3,0.23789838734089092,34.63975611267929,19.4
5144,Arts,Gampaha,4,5,6,0.42118282142789837,75.4799251034809,6.1
5145,Bio Science,Jaffna,2,7,10,0.18422675286360057,59.71276930117324,2.9
5146,Technology,RemoteArea,9,5,2,0.17287611350535298,62.619800659583966,16.6
5147,Commerce,Jaffna,9,4,4,0.43652413789348593,48.32396481783227,18.7
5148,Technology,Galle,6,4,5,0.4324251983248363,56.36565464170287,11.8
5149,Commerce,UpCountry,2,4,6,0.44006840073014186,54.30126915807435,4.4
5150,Physical Science,Colombo,3,6,9,0.28595698006587944,44.49121784592991,6.3
5151,Bio Science,Jaffna,5,8,14,0.47615213678663015,53.380532169670516,11.2
5152,Physical Science,Galle,5,8,1,0.4094819739086886,60.2793897759381,11.2
5153,English,UpCountry,9,2,4,0.20781721347618437,66.47858778023466,17.7
5154,Arts,Colombo,10,10,12,0.3147775709700192,55.740995152045556,19.9
5155,Commerce,Kandy,3,9,6,0.06089454137915484,44.959511895081796,4.5
5156,Bio Science,Jaffna,2,4,6,0.2756660929754257,57.653429296716695,4.9
5157,Physical Science,Colombo,10,9,11,0.13157454177713435,77.19443832450644,24.3
5158,Arts,Kandy,8,9,2,0.14177361325568444,46.91271147096508,15.2
5159,Bio Science,Colombo,7,10,7,0.06285911646396242,63.69323190291239,15.3
5160,Physical Science,Gampaha,9,6,15,0.17909961178696326,57.59340877844967,22.2
5161,Commerce,Gampaha,3,7,12,0.24069516514957884,82.92765736342551,3.7
5162,Physical Science,Kandy,6,10,0,0.30017722059343155,52.400913140615074,12.8
5163,Bio Science,Gampaha,5,6,3,0.15243466813465478,71.4300914786134,9.6
5164,Bio Science,Gampaha,5,8,2,0.3961241171550457,76.22602745004056,10.2
5165,Physical Science,Colombo,10,10,3,0.260479980801859,84.62220962109994,21.7
5166,Sinhala,Colombo,8,6,10,0.31902605447786536,44.70031790872052,15.7
5167,Physical Science,Ratnapura,1,5,8,0.13907180448926643,43.028345208405185,1.1
5168,Physical Science,Colombo,1,8,10,0.40706793950613235,82.47829194431141,1.0
5169,Physical Science,Kandy,3,10,11,0.3121372252829686,80.52225958160021,5.0
5170,Arts,Galle,2,7,14,0.43117437472457854,57.74608806370637,2.7
5171,Bio Science,Colombo,2,9,7,0.07997578946914724,14.945094603546963,4.0
5172,Commerce,Colombo,2,7,10,0.1903316334654993,66.21330678814681,1.0
5173,Physical Science,Jaffna,4,6,3,0.05650809202862983,38.7375336370434,9.2
5174,Physical Science,Gampaha,1,4,12,0.10776365545219624,53.584507840553044,1.4
5175,Bio Science,UpCountry,10,4,7,0.19727375224243499,66.21788671559858,23.4
5176,Technology,Jaffna,9,7,0,0.4472909538296871,64.73464961598548,17.1
5177,Technology,Gampaha,5,7,11,0.278520334535952,89.21972073915677,8.6
5178,Physical Science,Colombo,5,6,7,0.16518916535712913,57.90895162137858,9.7
5179,Commerce,Kandy,9,6,9,0.3734495814397962,49.85546110798886,17.7
5180,English,Ratnapura,5,7,1,0.009841353097150729,74.25937968608272,8.1
5181,Bio Science,Colombo,8,10,5,0.18504610562133395,68.15605844286127,17.2
5182,Technology,Colombo,1,10,5,0.3004158482966892,57.053020997881625,1.0
5183,Physical Science,Galle,1,4,2,0.29161865193110104,61.4764074141012,2.0
5184,English,Kandy,4,10,12,0.3037789412212471,60.32949493552552,7.3
5185,Arts,Ratnapura,8,4,4,0.105750382407233,72.38054292025785,15.4
5186,English,Jaffna,3,6,1,0.1685395764967394,85.81909234254958,3.2
5187,Commerce,Gampaha,1,6,10,0.46578272605731336,54.1176482680767,1.5
5188,Bio Science,Kandy,9,8,7,0.4869877656433487,69.81336997233707,20.4
5189,English,Colombo,9,6,7,0.15601917566594736,40.55365208047151,18.6
5190,Physical Science,Kandy,9,6,12,0.32225185170437715,49.911602527922796,22.1
5191,Bio Science,RemoteArea,9,6,4,0.12064838956845292,70.4383632870439,20.2
5192,Arts,Ratnapura,2,8,6,0.18426433348685722,61.9439872190778,1.9
5193,Arts,Colombo,4,10,7,0.3961673484079819,46.86250314627736,7.5
5194,English,Colombo,2,7,10,0.25058936500320783,65.13142303661407,1.0
5195,Physical Science,Colombo,7,6,3,0.42479497992076987,74.68369521658941,14.9
5196,Arts,Gampaha,3,6,1,0.3143701228295285,38.79609773648231,5.6
5197,Arts,Galle,9,6,13,0.3144605925730743,92.69804745067128,17.1
5198,Physical Science,UpCountry,7,3,14,0.016940014073912546,75.59542076676455,16.4
5199,Bio Science,Colombo,8,7,4,0.37483517962095475,70.89445126872681,17.4
5200,Physical Science,Kandy,9,8,6,0.48893326397524856,62.97982117689971,21.2
5201,Bio Science,Kandy,8,6,14,0.23651428012669234,93.20692348266826,18.7
5202,Sinhala,Kandy,7,8,11,0.07929000747958609,79.93484363207118,13.1
5203,Commerce,Gampaha,9,6,3,0.48848883569026963,55.98635997098619,18.3
5204,Arts,Colombo,1,7,3,0.14506293740893317,72.86084515903903,1.0
5205,Sinhala,Gampaha,4,5,3,0.20459897786858522,50.502892066009665,6.5
5206,Bio Science,Gampaha,4,8,8,0.03868320705076583,59.796275171100234,7.7
5207,Technology,Galle,5,5,8,0.05541843284620929,85.99950604155336,6.9
5208,Bio Science,Galle,8,6,13,0.10828283527970317,72.31375105253362,18.7
5209,Technology,Colombo,10,10,10,0.2742330325451005,74.92285440718372,18.7
5210,Physical Science,Ratnapura,1,6,9,0.27889460093220403,82.04437631857098,1.0
5211,English,UpCountry,6,2,7,0.30312191142144096,71.72334856227985,10.6
5212,Physical Science,Kandy,9,6,10,0.29190847850379814,52.83232475596189,20.8
5213,Bio Science,Galle,10,5,7,0.24761849154170723,88.41921934147257,21.5
5214,Arts,Ratnapura,8,8,6,0.4010493273010545,70.74220964419878,13.4
5215,Bio Science,Kandy,2,9,0,0.46694984868693623,68.80195615544181,3.1
5216,Commerce,Kandy,7,6,7,0.13488066663961468,64.33813767328442,11.3
5217,Bio Science,Galle,5,4,10,0.06509684115321746,81.66140718831252,10.8
5218,Arts,Ratnapura,2,4,10,0.212543646952979,93.72434461334615,2.5
5219,Physical Science,Colombo,1,6,3,0.013211187546987968,55.869853616535096,1.0
5220,Physical Science,Gampaha,2,5,12,0.44165943685583825,81.98122538211919,3.3
5221,Physical Science,Galle,10,8,0,0.11985313012316207,60.515590531834775,21.7
5222,Bio Science,UpCountry,6,2,0,0.2746483148741475,30.0283893791559,16.1
5223,Physical Science,RemoteArea,8,3,2,0.057547494948237854,39.93917489440923,19.6
5224,Bio Science,UpCountry,3,6,12,0.2766286696216421,72.36437109964092,5.7
5225,Bio Science,Ratnapura,5,8,2,0.0194967264509322,76.1553223667221,10.1
5226,Physical Science,Ratnapura,2,7,9,0.3844033477945293,73.63613183832922,3.2
5227,Commerce,Colombo,8,8,0,0.47771073132195735,71.53647848206816,14.7
5228,Technology,Gampaha,4,4,7,0.1534880324717977,100.0,6.4
5229,Physical Science,Galle,10,5,3,0.1291073052271463,69.4257523355956,21.8
5230,Commerce,Galle,6,8,11,0.2239974857934201,61.52616627608393,11.6
5231,Commerce,Colombo,3,9,3,0.3099868301251879,59.600331685746426,5.4
5232,Bio Science,Kandy,8,8,13,0.094481230995904,91.02502600871966,16.3
5233,Arts,UpCountry,8,6,5,0.40165399863143875,43.46216482023064,16.3
5234,Bio Science,Gampaha,3,8,8,0.0992674066752054,82.56939334962455,4.1
5235,Commerce,Colombo,9,6,8,0.002737109991854003,64.24251616730483,16.0
5236,Physical Science,Gampaha,10,6,11,0.26212529179278726,53.026308874114015,24.1
5237,Commerce,Gampaha,5,6,7,0.057574855582955886,41.74776361101739,9.5
5238,Commerce,Kandy,10,7,15,0.34911936269353205,89.70890515038428,18.7
5239,Physical Science,Gampaha,9,7,14,0.0837349979342526,54.13956832698774,22.5
5240,Bio Science,Ratnapura,7,5,0,0.4086901977600177,60.935429464049086,15.5
5241,Sinhala,RemoteArea,10,5,15,0.235184066437999,52.87874745223497,20.5
5242,Bio Science,Kandy,3,7,15,0.28313895230833125,96.98789839168109,4.3
5243,Commerce,Gampaha,6,7,11,0.09329258265135587,66.97259538446563,11.5
5244,English,UpCountry,10,2,9,0.07334403876523143,44.3043132205508,20.1
5245,Arts,Colombo,2,9,9,0.315646233260106,58.06776670068315,3.1
5246,Commerce,Colombo,6,7,1,0.1277303076708426,81.39702836714446,8.5
5247,Arts,Galle,5,6,2,0.1929627841588789,46.347526874987764,8.4
5248,Technology,Colombo,3,10,10,0.23972457696849298,59.578530957007004,4.6
5249,Bio Science,Galle,7,7,4,0.11481680279046985,79.80728476147243,13.6
5250,Bio Science,Colombo,4,9,15,0.3977119052798518,72.63436309477709,8.9
5251,Bio Science,Ratnapura,6,6,4,0.4697122044544528,43.70813154282261,13.6
5252,English,Kandy,9,6,12,0.21594658103011388,69.3502833637919,17.3
5253,Commerce,Colombo,6,7,9,0.4587741922443818,62.20874876468007,11.1
5254,Physical Science,Galle,4,4,7,0.44134140867117927,64.28622324231247,9.9
5255,Technology,Kandy,10,9,1,0.08302361436006289,74.69836624111932,17.1
5256,Bio Science,UpCountry,2,5,1,0.08669097291145661,64.1087789273972,3.4
5257,Physical Science,Galle,9,4,7,0.23870253073519182,62.10826317740776,21.8
5258,Commerce,Colombo,4,7,0,0.2629285896159768,57.87135223594635,5.6
5259,Bio Science,Galle,4,7,8,0.17056486282619576,80.15206182342904,7.1
5260,Technology,Kandy,2,9,1,0.1564604899193086,49.69481250944304,2.8
5261,Physical Science,Jaffna,5,4,11,0.2156836449007728,32.981388662773355,14.0
5262,Technology,Galle,6,8,4,0.34523964069960045,58.62057516217416,9.1
5263,Commerce,Kandy,10,8,2,0.04219681650594054,66.67395910168985,17.9
5264,Physical Science,Gampaha,6,7,4,0.3552910017561702,55.75457171722416,13.6
5265,Sinhala,Kandy,3,7,11,0.4631201308160674,57.619791970444645,5.4
5266,Commerce,Colombo,9,10,7,0.3817533544205148,58.036284982871386,16.9
5267,Physical Science,Colombo,7,6,7,0.09583842817307953,63.13166493612387,15.4
5268,Bio Science,Kandy,3,6,5,0.043740594388570975,43.02559904685023,5.1
5269,Technology,Colombo,4,7,8,0.24519020449476947,73.92074631660837,6.4
5270,Bio Science,Ratnapura,7,8,6,0.47820304458949353,23.06496544826988,17.2
5271,Physical Science,Ratnapura,8,5,1,0.4095296436944104,68.60010529232346,16.9
5272,Physical Science,Kandy,6,9,0,0.28136681950649645,64.69949984851131,13.2
5273,Physical Science,Gampaha,4,8,7,0.0714907117087964,70.95538743652806,8.3
5274,Arts,Galle,2,6,0,0.35691839105579776,31.073598903193925,3.8
5275,Bio Science,Gampaha,10,6,7,0.40649911930378235,67.8924462737718,22.8
5276,Physical Science,Gampaha,8,5,11,0.4675345682129216,57.36248646756452,19.4
5277,Physical Science,Gampaha,1,6,8,0.3060581170799576,88.03285566693597,1.0
5278,Bio Science,Jaffna,9,5,0,0.25723290732270426,65.42581165950124,19.4
5279,English,Gampaha,8,7,6,0.3095910217838396,45.34906975614729,15.3
5280,Bio Science,RemoteArea,3,5,4,0.4716262523292723,36.64240099907519,6.7
5281,Sinhala,UpCountry,10,3,12,0.3140635430866421,56.778433287828506,21.9
5282,Bio Science,Galle,4,7,13,0.1287959246968538,78.67341987035255,8.3
5283,Physical Science,UpCountry,10,4,7,0.31807570397117313,80.78683488057268,24.3
5284,Technology,Gampaha,4,7,3,0.43987228640077736,64.22096605336645,6.7
5285,Bio Science,Kandy,2,8,14,0.28350101429800845,68.20046633256845,2.6
5286,Arts,Jaffna,10,6,1,0.2513494140048537,55.51931545584061,18.7
5287,Sinhala,Jaffna,5,4,6,0.36668462475125735,62.679670678442,10.2
5288,Physical Science,Galle,3,7,12,0.3304943475724061,84.235858789249,5.9
5289,Physical Science,Jaffna,1,7,6,0.028343799476844456,57.80066367519802,1.0
5290,Arts,RemoteArea,2,3,7,0.3626555704487154,73.3820138768351,4.2
5291,Physical Science,Gampaha,7,5,13,0.2037747150430423,58.57372461443128,17.1
5292,Physical Science,Galle,1,8,8,0.4704491400153685,79.19911501791543,1.0
5293,Physical Science,Jaffna,2,6,13,0.4854014942092707,75.18084456865668,3.9
5294,Physical Science,Jaffna,10,4,5,0.2243694090622751,77.08179183424396,23.8
5295,Arts,Gampaha,7,6,2,0.48439742332896135,89.23178345085469,11.4
5296,Physical Science,Galle,1,7,4,0.15541025747799814,23.270207903744726,2.4
5297,Bio Science,UpCountry,7,6,13,0.3413222107259889,77.80655742889698,16.2
5298,Commerce,Colombo,8,8,13,0.03752735555470882,73.5369042995529,14.9
5299,Bio Science,Kandy,2,10,2,0.0724946742577236,67.71246734246691,2.6
5300,Physical Science,Gampaha,4,6,9,0.43226295118890923,68.10886207371009,8.8
5301,Arts,RemoteArea,7,5,15,0.44689201964848174,71.09823364205678,14.3
5302,Physical Science,Gampaha,1,7,15,0.26630559598487236,72.54549769538689,1.0
5303,Arts,Colombo,6,8,8,0.16988671347345763,77.58992264373904,9.9
5304,Technology,Gampaha,5,4,4,0.22551196588197525,74.39443829350425,9.4
5305,Bio Science,Jaffna,6,7,6,0.434812244572328,62.62562121981145,14.5
5306,Commerce,Ratnapura,8,5,9,0.10549671131045896,61.68785267763369,13.8
5307,Bio Science,Kandy,1,6,6,0.1474351156507982,63.30230318371055,1.0
5308,Bio Science,UpCountry,3,4,6,0.39272146712638384,56.80686010469993,7.7
5309,Technology,Galle,9,4,11,0.4676347229582079,92.20351975831683,18.6
5310,Technology,Ratnapura,8,5,9,0.046463670007752145,45.438542502019445,15.1
5311,Bio Science,RemoteArea,4,5,3,0.40188615067614786,72.74684817590594,7.2
5312,Commerce,Jaffna,10,7,3,0.3225341534659122,72.65760583562232,17.9
5313,English,Colombo,9,9,12,0.11538577223202445,58.04412613337957,17.7
5314,English,Ratnapura,7,5,2,0.377908598332384,65.44076073118781,12.1
5315,Commerce,Colombo,2,6,3,0.3639580324996639,80.4443919349559,2.6
5316,Bio Science,Galle,1,6,8,0.0710149057747057,59.04961400907959,1.0
5317,Physical Science,Ratnapura,1,6,4,0.2511255287056943,81.67902274045636,1.0
5318,English,Colombo,3,6,13,0.3791455414253329,83.2735288186223,4.0
5319,Physical Science,Galle,10,7,5,0.09577206340390626,51.852098453851134,22.9
5320,Commerce,Kandy,2,8,3,0.23138301119558508,44.879087603247584,3.7
5321,Physical Science,Galle,4,7,12,0.0603705623476557,68.4814832680232,8.4
5322,Physical Science,Jaffna,8,8,0,0.15341746202044682,41.395525402684925,17.5
5323,Bio Science,Ratnapura,5,8,12,0.10897245045076709,22.42947339245132,12.3
5324,Sinhala,Galle,5,6,6,0.25253556336242794,55.65881562132636,9.4
5325,Physical Science,Colombo,6,6,12,0.07060766741037622,98.61378418532433,12.4
5326,Commerce,Kandy,5,6,6,0.19157537769625643,56.29265423761961,7.8
5327,Physical Science,Kandy,5,6,5,0.13758145249282971,68.19254750341854,11.1
5328,Physical Science,Colombo,7,9,3,0.37302445710348836,71.99984843430451,14.9
5329,Bio Science,RemoteArea,6,6,9,0.3498348865676719,63.88236210329379,12.9
5330,Commerce,Gampaha,10,7,15,0.04746526483281138,62.49565290668778,19.5
5331,Physical Science,Ratnapura,2,5,12,0.47674194393895913,84.4307485429725,2.7
5332,Bio Science,UpCountry,1,3,7,0.3723414590400444,64.09874466802934,3.2
5333,Physical Science,Kandy,1,8,11,0.3079793478738842,64.12921149239224,1.0
5334,Bio Science,Jaffna,4,5,13,0.23885074739234236,78.46239030325259,8.3
5335,English,Kandy,2,6,7,0.08896121038271948,48.056562321407945,1.9
5336,English,Galle,6,6,0,0.4810079884933969,41.05331501792301,11.4
5337,Bio Science,Ratnapura,9,8,14,0.003929188351204094,42.62641745239065,21.9
5338,Commerce,Colombo,10,10,8,0.3462405671149388,72.52018690108117,17.9
5339,English,Gampaha,10,5,7,0.25372216226914923,61.04506080694384,18.7
5340,Physical Science,Ratnapura,8,5,1,0.451290945012287,72.89536754531711,17.5
5341,Technology,Jaffna,4,8,8,0.19034863967738797,64.7636627617596,6.6
5342,English,Gampaha,2,5,3,0.2593222094839754,40.935642276414995,3.5
5343,Physical Science,Colombo,1,7,9,0.371169695956693,59.165802122111415,1.0
5344,Physical Science,Ratnapura,7,7,14,0.02378327166126115,80.45193820526768,15.8
5345,English,Jaffna,10,8,13,0.027237620512510774,62.567449745336944,19.5
5346,Commerce,Galle,3,8,11,0.10583637441896437,83.30221891229279,3.4
5347,Physical Science,Gampaha,6,5,5,0.07321229176461436,55.69645660653629,12.2
5348,Physical Science,Kandy,5,6,15,0.0032217341669464328,78.29036735481962,10.4
5349,Bio Science,Colombo,5,9,13,0.31149491105310534,39.76115128989835,12.0
5350,Commerce,Kandy,2,6,1,0.39796898372800377,57.10330466274846,3.6
5351,Arts,Ratnapura,9,5,9,0.47855748816779553,58.693970899962444,17.8
5352,Sinhala,Gampaha,4,8,3,0.22045015883595914,40.53194976675037,7.3
5353,Physical Science,Kandy,10,6,1,0.13986032912078417,77.1788101568957,21.8
5354,Commerce,UpCountry,1,4,11,0.43195122438924877,55.89901124134915,2.7
5355,Commerce,Gampaha,2,4,8,0.4221978064196962,52.850824928427315,5.8
5356,Bio Science,Galle,9,8,14,0.31242160546685166,86.51949137171397,22.2
5357,Physical Science,Kandy,7,7,8,0.1365745193209673,66.42174465543573,14.8
5358,Sinhala,UpCountry,10,2,14,0.4542587974529672,78.69702308832153,21.6
5359,Technology,Gampaha,2,5,15,0.08920066834588952,41.95941531000787,3.2
5360,Bio Science,Gampaha,7,7,4,0.021823251821842804,50.02187268123538,14.6
5361,Commerce,Galle,4,6,2,0.39830914236368214,92.29583438927358,4.8
5362,Physical Science,Ratnapura,10,8,2,0.2818295302172293,73.81071003975218,21.4
5363,Commerce,Colombo,2,10,0,0.12323390855926258,43.89999245090971,2.6
5364,Commerce,Ratnapura,4,5,12,0.33544783116010635,69.37545811042537,6.5
5365,Commerce,Galle,5,6,7,0.3833582619063826,48.56524418720808,9.9
5366,Sinhala,Ratnapura,4,8,2,0.4222729756711468,81.90753182574107,5.4
5367,Commerce,Galle,3,4,11,0.1410630079843156,31.453784418674964,6.7
5368,Bio Science,Gampaha,6,8,3,0.012793725625974695,65.629460258902,11.3
5369,Arts,Ratnapura,1,4,1,0.2550194100134264,64.40422209635301,1.5
5370,Physical Science,Gampaha,8,8,7,0.4280392990651967,46.81055693752161,18.3
5371,Bio Science,Colombo,5,6,2,0.1039106686309691,56.90272192509346,10.3
5372,Bio Science,Kandy,8,9,13,0.21056273655926921,72.13315058998353,18.9
5373,Bio Science,Jaffna,10,5,15,0.12821036754244436,40.82811549296157,24.8
5374,Arts,Gampaha,4,7,11,0.006681325711954844,46.30664979983053,6.6
5375,Bio Science,Ratnapura,4,4,10,0.4492620482216735,62.67339676059066,10.1
5376,Arts,Jaffna,5,5,1,0.06752661335449578,48.0040944423202,8.1
5377,Commerce,Galle,5,6,0,0.38338355787675343,53.05305203927245,9.4
5378,Bio Science,Jaffna,6,4,12,0.17330161589583026,65.69885702262388,14.7
5379,Technology,Galle,5,8,13,0.1388409544533326,52.843105538224066,9.0
5380,Physical Science,Colombo,5,10,9,0.47051444325268427,64.10135040805675,11.8
5381,Physical Science,Galle,8,6,1,0.3285997433703212,64.96997019871685,18.8
5382,Commerce,Gampaha,6,7,1,0.3434613309607379,72.18302278520054,9.6
5383,Physical Science,Ratnapura,2,4,12,0.3798264592269223,47.31258322788257,6.6
5384,Physical Science,Galle,4,8,3,0.1704666680113321,52.07394196154639,9.0
5385,Commerce,UpCountry,4,3,10,0.28183224034788656,73.82812960534116,8.1
5386,Commerce,Jaffna,5,6,0,0.13511167202344282,37.768657368438284,9.0
5387,Bio Science,Colombo,6,9,14,0.41727075773843453,68.59285057697971,13.2
5388,English,Colombo,5,9,0,0.29965368964933,60.42146760482146,8.6
5389,Commerce,Gampaha,6,5,5,0.12170341302055881,23.697422585424434,11.7
5390,Technology,Galle,8,5,4,0.4498792031608891,54.58481425379545,15.2
5391,Physical Science,Colombo,4,8,0,0.2904200002419259,64.96172895913749,8.3
5392,Commerce,Galle,3,5,5,0.24751525162870652,59.3222318784699,4.1
5393,Technology,Colombo,9,10,15,0.01724379321598357,60.38575718842754,17.4
5394,Commerce,Galle,3,7,13,0.45490100258030625,68.84259549755197,3.8
5395,Arts,UpCountry,8,3,7,0.47613695801568906,78.33342976494961,16.3
5396,Bio Science,Gampaha,10,4,12,0.28129931391890195,74.06383536742548,25.4
5397,Physical Science,Gampaha,5,5,4,0.22125667680727867,50.66220178762736,10.6
5398,Bio Science,Galle,9,7,2,0.17978253300234515,39.115151795469075,20.8
5399,Bio Science,Kandy,3,10,2,0.13402399126801784,68.7920058771313,4.9
5400,Technology,Jaffna,10,5,12,0.2872646689021031,48.333922206189115,20.3
5401,Physical Science,Kandy,10,10,10,0.06404752650728268,57.07948625070235,22.4
5402,English,Colombo,8,6,11,0.4595868041225701,68.51417316596718,15.1
5403,English,Galle,7,7,1,0.0879793690289104,77.69789457172445,12.0
5404,Physical Science,Colombo,7,8,8,0.37275663117175867,83.28720376110566,15.1
5405,Bio Science,UpCountry,10,5,8,0.15344388618432575,64.91028258518587,21.9
5406,Technology,Colombo,9,8,6,0.11303553883933914,55.357622808395945,16.1
5407,English,Jaffna,8,6,0,0.2789345896773899,41.99037464026543,14.7
5408,Bio Science,Colombo,3,9,0,0.38256249057975256,89.37945179461559,4.8
5409,Bio Science,Gampaha,6,6,3,0.3633683344701573,57.151711395379124,13.1
5410,Commerce,Gampaha,6,8,11,0.11687817544860374,75.66742982869181,10.5
5411,Commerce,Jaffna,5,4,1,0.16525117513480048,63.45170275167295,10.4
5412,Physical Science,Kandy,3,7,12,0.43441609150018806,58.56596726426637,5.8
5413,Arts,Galle,9,6,2,0.361621872258204,52.93065976813875,16.5
5414,Physical Science,Gampaha,7,6,1,0.356346952676281,39.75312503430219,16.6
5415,Physical Science,Jaffna,4,7,14,0.1344525381659455,83.836379701385,8.8
5416,Bio Science,Galle,6,8,0,0.39600215383721776,58.1920403354349,12.8
5417,Bio Science,Colombo,5,7,2,0.1792088977162189,82.44360042063008,10.1
5418,Bio Science,Gampaha,1,6,6,0.20069526007965494,56.26848749963539,1.0
5419,Bio Science,Gampaha,2,8,9,0.14378054450036304,60.02969244510747,2.9
5420,Bio Science,Gampaha,1,5,8,0.060695123519620975,47.00103956446469,1.0
5421,Physical Science,Gampaha,9,7,9,0.21019678149789905,59.828391759952716,19.7
5422,Bio Science,Jaffna,9,6,8,0.008469750961184297,45.39821473900517,19.9
5423,Sinhala,Colombo,5,9,7,0.22795511971362986,69.53992183769294,7.5
5424,Bio Science,Jaffna,8,7,5,0.36250321905157645,64.11713817686847,18.1
5425,Bio Science,UpCountry,10,4,0,0.48037251638223755,82.12313943947422,23.3
5426,Commerce,Kandy,4,10,15,0.039306572283016705,45.63366277378131,6.9
5427,Sinhala,Kandy,1,10,7,0.14064535208774753,81.74002845090459,1.0
5428,Physical Science,Ratnapura,4,7,7,0.24706552580585012,48.82334220261754,8.1
5429,Commerce,Galle,7,7,13,0.08519397435095816,71.6634740710595,13.0
5430,Arts,Colombo,2,6,11,0.05841426103815234,48.318421791553,2.8
5431,Commerce,Kandy,2,7,8,0.22615905272527526,67.04160470431555,3.5
5432,Physical Science,RemoteArea,6,5,9,0.2903652644461034,26.841056173515256,14.0
5433,Commerce,Kandy,9,9,10,0.4101038632731811,54.94127677009002,16.9
5434,Physical Science,Jaffna,3,5,11,0.49890171089708935,67.09148632686711,7.1
5435,Commerce,Gampaha,7,6,5,0.38713538999359237,88.83169927692731,11.9
5436,Arts,Ratnapura,10,8,2,0.11067022598316012,29.07977930606721,19.2
5437,Physical Science,Galle,9,6,5,0.37398903438062375,62.46583238696851,20.2
5438,Technology,Ratnapura,9,5,15,0.26857681215954116,59.718832097527226,18.2
5439,Physical Science,Jaffna,4,5,7,0.22540478785171947,34.75921039795654,9.4
5440,Technology,Ratnapura,2,4,6,0.4678642469536348,46.12757413536283,5.6
5441,Bio Science,Galle,1,4,12,0.35104629345983074,58.93334060694206,3.3
5442,Physical Science,Colombo,6,10,7,0.34084653677197896,70.50615180414911,13.0
5443,Physical Science,Kandy,5,9,2,0.005877982363800105,62.31847542536308,10.0
5444,English,Kandy,6,7,7,0.4325357456898915,43.81274079300684,12.4
5445,Physical Science,Gampaha,7,4,4,0.39665023870515553,34.489472819355456,17.7
5446,Physical Science,Gampaha,9,6,6,0.1494709389652213,69.26473221349772,19.9
5447,Bio Science,Gampaha,10,4,12,0.14605670625330436,63.07098974532378,26.6
5448,Commerce,Gampaha,10,6,3,0.026739230025950023,85.67136828635627,17.7
5449,Commerce,Gampaha,6,4,2,0.02542821186433858,55.71165960759552,11.3
5450,Physical Science,Gampaha,6,6,5,0.33429725673084065,79.64846345044461,13.8
5451,Physical Science,Kandy,3,6,8,0.0931188064538897,72.15757130382572,5.8
5452,Physical Science,Colombo,8,6,3,0.46177392491927527,73.82410628292878,18.2
5453,Physical Science,RemoteArea,9,6,11,0.42120221401247626,71.98618712809404,21.5
5454,Bio Science,Kandy,1,9,8,0.17444258001609186,70.81497881086587,1.0
5455,Arts,Colombo,6,7,2,0.19003427590621774,26.622139821636587,10.3
5456,Physical Science,Gampaha,7,7,5,0.16363828042739031,58.946310978338715,15.0
5457,Bio Science,Galle,8,8,11,0.04619745659587965,55.54572580855035,19.2
5458,Bio Science,Ratnapura,10,6,4,0.015715078825108975,81.05980754814318,21.1
5459,Sinhala,Jaffna,8,7,8,0.22606657916994866,48.97488066731998,15.6
5460,English,Kandy,7,7,5,0.4715200572457472,58.295793770844504,13.1
5461,Technology,Colombo,8,7,1,0.4586246604095676,72.51298583955113,14.0
5462,Physical Science,Galle,9,6,3,0.4049193705606822,66.01448088461044,20.6
5463,Physical Science,Gampaha,10,5,13,0.31429746372150236,69.00961233884912,24.7
5464,Bio Science,Colombo,7,10,4,0.42811120334572444,78.6379508175888,14.2
5465,Physical Science,Galle,3,7,10,0.2575342588657821,68.90124720461702,6.1
5466,Commerce,Kandy,9,7,10,0.09008006651031586,56.82598569643884,16.3
5467,Arts,Galle,1,7,8,0.3420851738946159,44.55595965523714,1.7
5468,Technology,Kandy,8,6,12,0.46032301758924765,73.30052616814474,16.0
5469,Technology,Jaffna,6,7,0,0.009802548702873393,48.44843607363575,10.2
5470,Bio Science,Galle,3,6,11,0.12572202610396538,61.88291928894216,6.1
5471,Commerce,Ratnapura,9,8,8,0.13271909563563572,80.17535787924827,15.5
5472,Bio Science,Galle,6,5,9,0.04951976930813046,61.1808954027708,12.6
5473,Physical Science,Kandy,7,10,0,0.11274711069927468,53.336490576527616,15.5
5474,Arts,Ratnapura,2,7,0,0.1919910389557094,55.80577824888312,2.6
5475,Physical Science,Kandy,1,7,3,0.469917712424162,57.71061796134301,1.6
5476,Bio Science,Ratnapura,1,8,12,0.4301328845633982,51.1320203322386,1.4
5477,Bio Science,Jaffna,3,6,5,0.4730031121313084,87.6603719776502,4.9
5478,Commerce,Kandy,3,6,13,0.060285888361169604,58.260215418036424,5.0
5479,Arts,UpCountry,8,2,1,0.014024230809628335,72.2658118906584,15.8
5480,Bio Science,Colombo,7,8,0,0.05494158220555251,44.72311268655511,15.2
5481,Technology,Kandy,10,6,11,0.45714781742631355,73.74289733020797,20.4
5482,Physical Science,Colombo,8,8,3,0.07874431926777531,64.04033556288394,16.5
5483,Bio Science,Kandy,1,9,7,0.28631835328626243,63.87548108912533,1.7
5484,Arts,Jaffna,4,6,5,0.11379118493038098,65.124050033121,6.6
5485,Commerce,Jaffna,8,4,11,0.010317712458399741,71.7393906319657,16.3
5486,Sinhala,Galle,10,7,4,0.04231067107128883,58.59646494109449,18.0
5487,Physical Science,Galle,2,6,0,0.35489851148320656,57.34461416349104,4.2
5488,Commerce,Ratnapura,7,6,2,0.09118322600666956,69.6615472601921,11.9
5489,Commerce,Gampaha,8,7,13,0.11456960271673972,49.370684704012234,16.3
5490,English,Jaffna,9,5,6,0.1886282504118429,43.55551545095038,16.4
5491,Physical Science,Gampaha,7,4,14,0.3286207800680867,69.68419081534736,18.5
5492,Arts,Colombo,9,7,13,0.23468619647983313,36.35336822307454,18.9
5493,Commerce,Kandy,2,9,9,0.47230510799688485,39.257405930287,3.8
5494,Physical Science,Gampaha,1,7,2,0.21709109536983168,88.07869993940946,1.0
5495,Bio Science,Gampaha,1,8,4,0.09956546009873585,85.24093847128218,1.0
5496,Bio Science,Galle,4,8,14,0.26807141970450404,58.43856310584724,9.0
5497,Commerce,Gampaha,1,7,5,0.2254448075474335,77.48768751720607,1.0
5498,Technology,Ratnapura,7,8,8,0.3935691692675149,79.50699841062624,13.3
5499,Commerce,Ratnapura,8,6,10,0.4675606152697412,72.06636763391927,14.0
5500,Commerce,Galle,3,5,2,0.4181476140182537,59.81612034161006,5.1
5501,Commerce,RemoteArea,1,5,14,0.1945198624629711,76.39672256653824,1.0
5502,Physical Science,Jaffna,3,6,5,0.10805806114567984,74.46982552150544,5.3
5503,Physical Science,Gampaha,2,4,10,0.4572444685069637,74.6316381090156,3.5
5504,Bio Science,UpCountry,6,2,1,0.192969825718584,37.259984145509875,14.2
5505,Bio Science,Jaffna,7,8,8,0.3851033117243551,94.49601476291261,14.1
5506,Physical Science,Galle,9,8,11,0.4947636706064453,100.0,21.5
5507,Commerce,Galle,5,6,8,0.28872134075763806,35.362080725529424,9.3
5508,Bio Science,Gampaha,4,4,6,0.23994023418444277,70.66450164930122,9.1
5509,Physical Science,Gampaha,1,7,13,0.3499353912406077,97.1858340392898,1.0
5510,Bio Science,Colombo,6,7,10,0.09696549039532043,80.03422703483864,11.5
5511,Physical Science,Colombo,8,10,8,0.24411986939932506,79.19399191207496,17.3
5512,English,Galle,4,6,3,0.15616537855516288,39.92222771182965,7.1
5513,Technology,Galle,1,8,15,0.08211393533783995,79.3664212795154,1.0
5514,Arts,Jaffna,5,6,9,0.3050682745154764,68.08795046999929,9.1
5515,Physical Science,Gampaha,10,4,0,0.28785304272907336,71.69777617569393,23.6
5516,Arts,Ratnapura,5,8,0,0.3806017998712699,44.46709873116666,9.3
5517,Technology,Ratnapura,2,6,1,0.4364850621206806,44.42763802335652,2.9
5518,Arts,Gampaha,6,6,9,0.11018799301044463,62.36161968843791,9.5
5519,Physical Science,Gampaha,10,8,13,0.3898513260269001,60.81220092595423,24.9
5520,Commerce,Kandy,9,7,10,0.18369258037646452,62.638441865748106,16.3
5521,Technology,Ratnapura,6,7,2,0.3144028008967124,53.80702905940661,11.2
5522,Commerce,RemoteArea,8,2,13,0.4251200137979056,63.48474514983276,18.1
5523,Commerce,Gampaha,10,8,1,0.12809255764290944,50.508531290502894,18.7
5524,Bio Science,Galle,3,8,3,0.3004806419829186,60.775862828578035,6.6
5525,Commerce,Kandy,10,7,7,0.24015943860009048,42.14655108445656,18.9
5526,Physical Science,Colombo,2,6,2,0.3952886467253595,68.7115795124304,3.2
5527,Commerce,Galle,4,8,3,0.3486206494705526,65.40815349686827,6.7
5528,Physical Science,Jaffna,9,5,1,0.38481591795162085,41.57257391385458,20.4
5529,Bio Science,Kandy,9,9,0,0.14397156480160406,79.89538093624773,19.6
5530,Physical Science,Kandy,3,8,13,0.352178147044548,54.09725403739819,6.7
5531,Commerce,Ratnapura,1,7,7,0.3029029371298093,81.33426762626928,1.0
5532,Physical Science,Jaffna,1,7,6,0.22834022802287834,67.94136590754002,1.0
5533,Commerce,UpCountry,4,5,9,0.18917184518407515,79.50844317484822,5.9
5534,Arts,Ratnapura,4,7,1,0.16580001539771544,63.14283977963308,6.4
5535,Physical Science,Colombo,10,8,7,0.004837180651414974,72.00256743181538,21.4
5536,Physical Science,UpCountry,6,2,12,0.08477927565339383,80.84405981240197,15.5
5537,Physical Science,Colombo,5,6,9,0.029489106111703245,93.10784642273481,8.2
5538,Technology,Jaffna,6,5,2,0.4241787713148346,77.11938012522772,9.9
5539,Commerce,Kandy,10,7,6,0.43004443520754104,69.72343070966267,18.3
5540,Bio Science,Kandy,7,10,0,0.42309666834463383,39.772308453846506,16.0
5541,Physical Science,Gampaha,7,7,11,0.4089598821768913,29.26248541459315,17.4
5542,Commerce,Colombo,10,9,12,0.11066522676398843,64.04384126392004,20.7
5543,Technology,Ratnapura,10,6,14,0.24589308725533698,56.28277742585962,20.7
5544,Technology,Jaffna,9,7,13,0.45392188598419847,56.334141898822054,18.3
5545,Commerce,Jaffna,6,6,2,0.3798908970235321,59.76352155801125,11.1
5546,Physical Science,Jaffna,8,8,8,0.0009101429771804503,73.94190868510489,16.7
5547,Physical Science,Kandy,2,7,14,0.22971328820189674,57.68656304949447,3.5
5548,Physical Science,Colombo,8,7,3,0.005335099629827311,74.92788251319769,16.2
5549,Physical Science,Ratnapura,9,8,0,0.14033052349033742,60.50240080710486,19.9
5550,Physical Science,Galle,4,8,10,0.2178812206134425,65.56418531851352,7.5
5551,Physical Science,Gampaha,5,7,13,0.4464496463251395,94.62494668903628,10.1
5552,Bio Science,Gampaha,5,5,5,0.32719214207366326,65.17164437056167,11.0
5553,English,Colombo,2,6,0,0.1812422827449538,59.187867493093314,2.0
5554,Commerce,Ratnapura,5,8,9,0.2453274512264605,72.35853009818102,8.8
5555,Technology,Gampaha,9,5,0,0.408694744298487,86.95717202757288,15.6
5556,Arts,Galle,4,5,1,0.1498277995568566,59.798843987542035,5.6
5557,Physical Science,UpCountry,10,4,14,0.30751738773433324,73.59637044276928,26.2
5558,Arts,Galle,3,5,13,0.13112344194392522,64.87570642506117,4.3
5559,Physical Science,UpCountry,7,6,2,0.23998171861183126,59.454391274641665,14.5
5560,Commerce,UpCountry,8,5,12,0.01232925178103167,58.64861296758792,15.6
5561,Bio Science,Kandy,10,7,1,0.42613765974584594,52.098741676674656,22.5
5562,Sinhala,Colombo,6,6,7,0.024174415756089973,88.94086630368054,8.1
5563,Physical Science,Galle,6,8,15,0.11218024991921588,59.19250465052241,14.2
5564,Physical Science,Colombo,5,9,15,0.16675593947940526,44.39038546334183,12.7
5565,English,Colombo,6,9,5,0.3125805583835908,64.38110174411908,10.3
5566,Physical Science,Colombo,9,10,14,0.3600167327875278,82.2672592971162,22.1
5567,Commerce,Kandy,2,9,0,0.040225521142721654,78.63774185711,1.9
5568,Arts,Gampaha,10,4,5,0.02173274294239519,44.583021259841274,20.4
5569,Technology,Colombo,3,7,0,0.3994949433146744,76.6913445161613,4.2
5570,Sinhala,Gampaha,1,8,8,0.35608326695206316,94.88408267947412,1.0
5571,Sinhala,Galle,4,5,13,0.41577517712732825,56.23768345553961,7.7
5572,Physical Science,Kandy,2,7,2,0.33826913259175817,58.389015090298905,3.9
5573,Technology,Galle,6,7,11,0.3755061351783264,47.02666802009098,11.6
5574,Commerce,Colombo,1,10,0,0.18951919152357238,87.80549315146028,1.0
5575,Commerce,Colombo,8,7,0,0.2950921601974849,37.61420314774615,15.2
5576,Physical Science,Kandy,10,8,1,0.4026961714350713,54.503176687237406,22.8
5577,Commerce,Gampaha,6,4,12,0.08605876720325856,77.77032888048376,11.8
5578,Sinhala,Jaffna,9,7,5,0.21141148041309582,52.239805141583005,16.0
5579,English,Galle,6,8,0,0.3702448842399306,45.163258623576624,11.1
5580,Bio Science,Galle,10,8,6,0.2663182858825927,62.21638711289535,22.3
5581,Physical Science,UpCountry,7,5,10,0.34082872646308576,100.0,13.9
5582,Bio Science,Gampaha,5,5,11,0.14643459793790697,61.65999119053734,11.6
5583,Technology,Colombo,8,9,3,0.016171225658842325,58.3939195347152,13.4
5584,Arts,Kandy,8,10,6,0.014572889877188078,46.26660942216324,14.6
5585,Bio Science,Colombo,10,8,15,0.4713905882651738,73.27643245872991,23.8
5586,Physical Science,Colombo,9,7,3,0.4722700219975207,74.7558510423231,20.0
5587,Bio Science,Colombo,6,9,15,0.10564116997730971,58.405438301162484,12.8
5588,Bio Science,Gampaha,1,8,10,0.07373282898547201,73.03597413990147,1.0
5589,English,Colombo,9,10,3,0.009069916946510437,52.52207937684605,16.3
5590,Commerce,Ratnapura,3,8,13,0.11562842815762925,38.094178575015334,4.7
5591,Bio Science,Jaffna,9,6,3,0.1671757205772868,68.36046948277624,18.9
5592,Commerce,Kandy,7,7,9,0.12062131681894056,95.61574520129552,11.5
5593,Physical Science,Jaffna,3,7,11,0.39869207015310065,47.5615546442631,6.2
5594,Sinhala,Jaffna,9,5,9,0.3747152496377177,67.19069753057677,16.5
5595,Bio Science,Colombo,7,10,7,0.04050707234293699,83.14632724404282,14.8
5596,Bio Science,Colombo,7,8,1,0.3486608040510463,58.970212618984924,15.6
5597,Bio Science,Colombo,7,8,7,0.2602925599439583,42.09748858255242,15.9
5598,Commerce,Galle,2,8,9,0.06608305318742985,65.1743729472022,1.6
5599,Commerce,Jaffna,4,5,10,0.3697677152464912,87.35539972293476,5.5
5600,Arts,Colombo,10,7,0,0.043022782587101294,52.401982607424586,18.3
5601,Physical Science,Gampaha,8,6,12,0.08857533290068503,69.4836428257219,17.8
5602,Bio Science,RemoteArea,2,2,6,0.07461324077658155,47.19708494679804,5.4
5603,Physical Science,Kandy,4,8,6,0.46951670208324203,61.50790539318173,8.6
5604,Commerce,Galle,10,6,5,0.3490780016023244,68.300373091659,17.5
5605,Physical Science,Colombo,8,9,13,0.20564296458238002,68.38779205530682,19.5
5606,Commerce,Colombo,3,8,3,0.411102075424401,55.02753929630196,5.3
5607,Technology,Galle,6,4,15,0.10797970476113217,74.14489059174285,12.6
5608,Technology,Jaffna,2,6,4,0.4655466395225494,72.04246335582502,3.6
5609,Bio Science,Jaffna,8,5,0,0.34849866043955124,71.03398492975235,17.6
5610,Bio Science,Kandy,8,9,1,0.2797903205040661,56.106070473814725,18.7
5611,Physical Science,Kandy,1,9,9,0.39732422435166403,55.18486419916685,1.4
5612,Commerce,Jaffna,3,6,6,0.3223904907125792,92.44678517472677,3.8
5613,Technology,Colombo,2,9,1,0.44355463750524116,62.56436241798785,2.5
5614,Physical Science,Gampaha,7,7,7,0.41457633003721106,59.63769031096703,14.7
5615,Bio Science,Galle,7,6,6,0.09891525252038941,40.843769465243525,14.7
5616,Technology,Gampaha,4,4,9,0.11983190027218421,50.51279134620995,8.0
5617,Technology,Kandy,8,8,7,0.03254870688782174,53.86522685195437,14.2
5618,Physical Science,Jaffna,3,5,3,0.11009945858640124,68.0912027567892,4.6
5619,Commerce,RemoteArea,9,6,0,0.17174443246906734,54.656591128616846,16.4
5620,Physical Science,Gampaha,5,4,6,0.014413677586246565,63.2279594452299,11.6
5621,Physical Science,Gampaha,2,6,0,0.15748127310530696,38.50125155659221,4.5
5622,English,Galle,9,4,14,0.3857729208136502,88.06643258673827,18.6
5623,Technology,Galle,1,8,6,0.42016379900680756,51.93764997578756,1.3
5624,Arts,Jaffna,8,7,8,0.004436644993711658,67.5268379681062,14.6
5625,Physical Science,Gampaha,6,7,4,0.003573519134616343,54.04159943546494,13.0
5626,Technology,Gampaha,1,8,13,0.07315355412550056,61.7280183011988,1.0
5627,Bio Science,Kandy,4,9,14,0.43628853036689486,55.089314775848514,9.5
5628,Bio Science,Galle,3,4,1,0.23463902556617688,64.94454871336599,7.1
5629,Commerce,Galle,7,7,10,0.49145103808399043,50.29486675771416,13.6
5630,Physical Science,Colombo,7,10,15,0.44366573288340067,72.21382071034452,16.7
5631,Arts,Gampaha,6,8,13,0.44506405673651994,64.71761757291429,12.0
5632,Commerce,Gampaha,10,8,0,0.06423821596438506,69.4502972929396,18.3
5633,Physical Science,RemoteArea,10,3,7,0.23761467460635421,74.43022188120912,23.0
5634,Physical Science,Jaffna,8,4,12,0.4967952986590094,61.23629533717214,20.9
5635,Physical Science,Gampaha,7,8,3,0.07452211513020962,66.9904710336308,15.0
5636,Physical Science,Ratnapura,4,4,7,0.2871167268090973,56.77576717196673,9.7
5637,Commerce,Kandy,7,7,1,0.1721399959765424,80.24116635669112,12.1
5638,Technology,Ratnapura,1,4,12,0.19392907001017762,60.615297093052206,2.6
5639,Physical Science,Galle,3,6,13,0.44539625202025057,63.47334391284145,5.6
5640,Physical Science,Galle,2,5,15,0.2939512845961415,60.46785903035646,3.2
5641,Commerce,Gampaha,7,5,2,0.37938819469440266,50.003855657379596,13.0
5642,Technology,Gampaha,9,7,2,0.3366171987476205,91.50546839090897,15.1
5643,Bio Science,Galle,5,8,3,0.2645078452849847,68.79617403422579,10.0
5644,Bio Science,Colombo,9,7,8,0.395855599385188,65.0213075200501,19.6
5645,Commerce,Colombo,8,6,8,0.485366452955192,56.85668598238498,14.9
5646,Physical Science,UpCountry,1,4,4,0.4834097769778931,78.6966764040439,1.8
5647,Physical Science,Galle,2,4,6,0.39472600049668516,54.81539039981605,5.4
5648,Arts,Galle,6,4,13,0.2436648778746145,68.3116878617004,13.3
5649,Commerce,Colombo,5,8,12,0.08157947959560063,99.0442732756173,7.7
5650,Commerce,Colombo,7,9,13,0.02223525448594721,52.141205984786026,14.8
5651,Arts,Ratnapura,9,8,8,0.11572248418297204,72.09361681673755,16.3
5652,Commerce,Colombo,4,7,0,0.17012899979877172,64.32817768357444,6.6
5653,Physical Science,Galle,8,8,12,0.06492480795902633,73.92238893145823,18.5
5654,Bio Science,Colombo,4,9,1,0.1123826648062261,56.22644603772831,7.8
5655,Physical Science,Jaffna,3,6,13,0.04177273228044204,57.616163742704515,6.5
5656,Physical Science,Colombo,2,10,5,0.2618384860314894,65.89739437941253,3.0
5657,Commerce,Gampaha,8,4,15,0.06315909558677352,60.659560646478596,17.2
5658,Technology,RemoteArea,8,3,2,0.37138431496147734,26.025430339431587,17.3
5659,English,Colombo,3,7,15,0.16632488907204135,55.13301018313834,5.2
5660,Commerce,Gampaha,1,7,10,0.3360313571056156,60.24999501308227,1.1
5661,Physical Science,Gampaha,6,7,11,0.4412597175401923,49.332262692922995,15.4
5662,Physical Science,Colombo,5,8,10,0.043008271268505205,67.26480224738029,9.7
5663,Technology,Gampaha,8,7,13,0.49450039370635523,55.13605734707597,16.7
5664,Commerce,Gampaha,6,8,6,0.3226216711833677,62.348416538731755,10.7
5665,Commerce,Jaffna,4,5,4,0.026682967718327955,94.5180902966516,5.6
5666,Arts,Galle,10,6,9,0.15700111596308347,82.90503860442222,16.7
5667,Arts,Kandy,10,9,7,0.44312257447072817,72.37237910754665,18.5
5668,Technology,Ratnapura,2,4,12,0.2981168021864489,93.13843351960298,2.9
5669,Physical Science,Kandy,8,7,0,0.14361118362245756,58.91121117610783,17.3
5670,Arts,Ratnapura,5,6,13,0.47024729219925704,65.56388272818468,9.1
5671,Technology,Kandy,8,7,8,0.39362628520391096,48.1660560045691,15.5
5672,Physical Science,Jaffna,5,8,13,0.3677692480749739,85.67232755503603,9.6
5673,Commerce,Colombo,6,9,10,0.4442135600033514,94.35488898605843,9.7
5674,Bio Science,Galle,10,7,9,0.3848899723543079,78.11114477922256,21.3
5675,English,UpCountry,5,5,5,0.14336917659943144,83.85079138972947,7.1
5676,Physical Science,Galle,3,4,11,0.29194303776280395,24.439944156803776,9.2
5677,Commerce,Gampaha,10,8,4,0.42114308388098165,97.09544522871391,17.4
5678,Physical Science,Kandy,8,6,7,0.09042405336141746,61.934852055859594,17.7
5679,Arts,UpCountry,3,6,11,0.0815116397506016,100.0,3.7
5680,Physical Science,Gampaha,4,8,11,0.07948812378543996,91.47475651064322,8.3
5681,Physical Science,Galle,6,8,3,0.0971276373312604,73.08638116630843,12.2
5682,Bio Science,Ratnapura,2,7,11,0.05161540780660884,60.35447042478556,3.8
5683,English,Ratnapura,7,7,12,0.41881450998208314,68.3735869031858,14.5
5684,Physical Science,Galle,5,7,8,0.40915911019874196,35.349631573092935,11.4
5685,Physical Science,Galle,10,4,4,0.07568449592954751,75.96199116185458,23.7
5686,Arts,Galle,5,6,15,0.352768588355173,29.174924020713384,9.5
5687,Commerce,UpCountry,5,6,0,0.3134877796049748,55.51966689176005,8.9
5688,English,Colombo,2,6,7,0.1380971328061807,86.64856105720935,2.2
5689,Physical Science,Colombo,10,9,8,0.11368421684665975,74.81087317677444,21.8
5690,Commerce,UpCountry,9,5,4,0.12529292763771072,39.0512785828779,16.9
5691,Physical Science,Colombo,3,8,12,0.3653153040534338,45.8954175401244,6.9
5692,Physical Science,Jaffna,7,7,4,0.15965853317022544,53.03846536817337,16.1
5693,Commerce,Kandy,5,10,5,0.1389796388087367,63.67563675405472,7.4
5694,Commerce,Ratnapura,10,5,8,0.01124054993432444,77.14826236766726,17.3
5695,Arts,Colombo,10,9,4,0.4541182468882608,71.06207161241261,19.0
5696,Bio Science,Kandy,5,8,1,0.37635207223948197,44.618686854448214,11.4
5697,Bio Science,Galle,4,5,2,0.2363918379033602,70.2809940615281,8.3
5698,Bio Science,Jaffna,10,8,10,0.4714634601752861,75.8800552171565,22.8
5699,Sinhala,Kandy,6,10,9,0.1467661058877111,71.8278025496305,9.7
5700,Physical Science,Gampaha,7,8,2,0.3373525215915741,98.1727697148379,14.5
5701,Physical Science,Colombo,7,8,8,0.15257518883936216,74.89478438894858,13.9
5702,Bio Science,Colombo,8,7,7,0.15728621275947408,78.01734448911824,15.9
5703,Commerce,Gampaha,5,8,15,0.4223545833576349,95.63787535910646,8.0
5704,Physical Science,Ratnapura,7,7,12,0.39351097672791535,78.75175654574224,16.4
5705,English,Colombo,4,7,12,0.1470537153286744,57.73416481766063,6.6
5706,Physical Science,Gampaha,9,8,14,0.0406947578332969,85.64054306891705,20.8
5707,Technology,Gampaha,5,5,5,0.17879206979559925,56.47908685269359,8.5
5708,Physical Science,Ratnapura,3,7,15,0.38002876774265765,52.76087483797246,5.8
5709,Commerce,Kandy,5,6,4,0.05027218059250327,48.545336186991264,8.2
5710,English,Kandy,9,10,9,0.33605043236162624,82.97023419389623,16.4
5711,Physical Science,Ratnapura,8,7,1,0.4448816299569524,69.8036865909093,18.0
5712,English,UpCountry,1,4,8,0.08961357780252355,79.91254087852327,1.0
5713,Bio Science,Ratnapura,5,8,9,0.43110216214310193,73.87636250451104,10.7
5714,English,Galle,6,4,7,0.025681941228445526,66.33270939284802,12.2
5715,Commerce,Ratnapura,10,7,15,0.3334401290452817,72.2701723900127,19.8
5716,Bio Science,Galle,2,7,13,0.3955194601879364,75.36617714759511,3.7
5717,Physical Science,Ratnapura,6,5,4,0.22238305882966614,52.96265093079807,13.4
5718,Bio Science,Galle,9,8,5,0.10186434740675676,43.145497348296104,20.1
5719,Physical Science,Gampaha,4,4,14,0.4623647494517528,59.72327404774538,10.4
5720,Physical Science,Jaffna,3,6,8,0.00998443430158441,72.16185025599384,5.6
5721,Physical Science,Gampaha,9,5,0,0.2775356146147662,50.28244077188539,21.0
5722,Bio Science,Ratnapura,2,8,12,0.18642470435251612,97.94424970301117,1.9
5723,Arts,Galle,9,4,3,0.23052859774052287,68.11894825039933,18.3
5724,Physical Science,Ratnapura,10,5,4,0.2682825281394479,63.79231234865588,22.7
5725,Physical Science,UpCountry,2,2,8,0.2673743111332544,54.9049402626207,5.6
5726,Commerce,Ratnapura,10,4,15,0.10181183187821602,81.23605518013669,20.0
5727,Physical Science,Gampaha,3,5,15,0.33985116145002164,49.320866605847236,6.6
5728,Physical Science,Jaffna,7,5,11,0.009574145596073058,70.2365715674817,16.7
5729,Physical Science,Gampaha,2,8,4,0.01059204710642836,55.46705480109255,4.3
5730,English,Colombo,1,7,4,0.23924367063915497,63.81394464124533,1.0
5731,Technology,Galle,9,8,11,0.27095144013513794,72.79409788613596,17.5
5732,Bio Science,Galle,6,4,11,0.1374447408501302,48.31506515526153,16.3
5733,Commerce,UpCountry,9,3,2,0.27583776681341676,35.93601981020687,19.0
5734,Commerce,Gampaha,3,8,7,0.25805461649279504,49.52520822369005,5.1
5735,Commerce,Kandy,3,10,13,0.1746102773863224,79.68862613085878,2.9
5736,Commerce,Gampaha,10,6,6,0.3258873182725583,68.59700087212174,18.2
5737,Commerce,Colombo,3,10,7,0.4789686082733846,57.45648010171824,5.4
5738,Physical Science,Galle,2,8,3,0.24540134721256773,91.02220650477628,1.1
5739,Physical Science,Gampaha,6,6,15,0.3930253796374901,86.77647545796748,12.6
5740,Bio Science,Gampaha,3,7,7,0.12379828178649482,79.15192977417145,3.9
5741,Technology,Gampaha,5,5,9,0.38097529675374064,53.63691913851825,9.3
5742,Commerce,Jaffna,5,6,3,0.32445297725099714,76.98521430250898,7.6
5743,Technology,UpCountry,10,6,0,0.3198488899641519,65.11062231143862,17.9
5744,Sinhala,Jaffna,3,8,14,0.44651767022111377,56.16602657402558,5.5
5745,Physical Science,Gampaha,3,5,3,0.11667512747612585,59.938489767791985,4.8
5746,Commerce,Galle,1,4,4,0.18422505854547105,46.42347993040965,2.5
5747,Commerce,Kandy,6,8,9,0.04153372850549286,53.79773094339939,11.5
5748,Sinhala,Ratnapura,3,7,14,0.36305998838460607,49.83736388183429,5.3
5749,Sinhala,Ratnapura,1,5,7,0.4219336426498059,77.84831194777615,1.0
5750,Commerce,Ratnapura,10,5,14,0.20291675181590152,65.93611268668758,19.8
5751,Physical Science,Gampaha,9,6,11,0.17841340923412974,51.37601742477198,22.5
5752,Arts,Galle,1,8,9,0.32932592792826376,72.2606149392567,1.0
5753,Physical Science,Gampaha,5,8,5,0.03779523039466848,62.522549746068776,10.4
5754,Arts,Gampaha,5,7,14,0.14692094806815686,82.75758221900082,8.0
5755,English,UpCountry,2,4,14,0.18310639926759187,69.00005063394994,3.7
5756,Bio Science,Galle,1,5,10,0.259295142015376,43.442184632021664,1.0
5757,Commerce,Jaffna,6,6,9,0.23828460973450472,57.04884506001005,10.9
5758,Bio Science,Colombo,7,6,4,0.10434021138731342,44.64207671068077,14.9
5759,Bio Science,Colombo,9,7,2,0.27039393693166625,69.44511856895177,19.9
5760,Bio Science,Ratnapura,8,7,3,0.46293434544338485,77.76691255202364,17.1
5761,Arts,Colombo,10,9,5,0.01354394514856494,39.34028040281802,18.7
5762,English,Colombo,3,7,14,0.34015328620233626,65.13255919437853,5.4
5763,English,Kandy,9,10,5,0.3123545136311544,79.79126336632396,15.7
5764,Physical Science,Ratnapura,1,5,14,0.4622134773558311,43.61345838493504,1.6
5765,Technology,Colombo,6,7,5,0.3226724702035409,55.974762638952136,10.8
5766,Arts,Colombo,10,6,1,0.3124213562405217,60.496554519358504,18.3
5767,Physical Science,Kandy,2,7,10,0.38490283004912007,81.01165377067649,2.4
5768,Physical Science,Kandy,10,8,11,0.13390297440983012,73.6703384843708,24.9
5769,Physical Science,Kandy,9,8,13,0.29786613121611855,77.73552196815906,20.6
5770,English,Colombo,9,9,7,0.25971055468092297,72.53689971293741,16.4
5771,Commerce,Gampaha,8,8,7,0.21923625332748675,57.90302759476429,14.4
5772,Arts,Ratnapura,7,7,5,0.03974358368473041,87.15110706621964,10.8
5773,Physical Science,Colombo,6,6,13,0.14631442900642067,56.43636187518489,14.2
5774,Arts,Galle,2,5,13,0.13999085699508473,24.82383956060928,3.8
5775,Physical Science,RemoteArea,4,5,3,0.3621254785820005,34.4918841679829,9.8
5776,Bio Science,Kandy,10,7,1,0.46032806760521744,58.746636286677294,22.4
5777,Commerce,UpCountry,7,5,5,0.1153936114384243,57.52682877141998,12.1
5778,Physical Science,Kandy,6,7,5,0.03731196944566295,54.45453212871634,13.2
5779,Technology,Ratnapura,9,7,9,0.4999784771843851,66.7530656825451,16.7
5780,Physical Science,RemoteArea,5,4,2,0.3456026650670274,79.00641905770976,11.8
5781,Commerce,Ratnapura,6,4,1,0.44323542349512873,67.31042254431975,12.8
5782,Bio Science,Jaffna,10,7,3,0.07193970793189813,71.22825305362295,22.1
5783,Commerce,Colombo,6,8,7,0.4003840205586844,47.30318634139826,10.9
5784,Physical Science,Gampaha,8,8,4,0.4066618729940501,54.208262161233684,18.0
5785,Physical Science,Kandy,8,9,14,0.07574446299530457,77.50533592685603,19.0
5786,English,Gampaha,6,5,2,0.08070209004704787,62.62018089926772,10.2
5787,Physical Science,Colombo,8,6,12,0.14772560806090052,73.1559319733294,18.6
5788,Technology,Gampaha,7,6,15,0.10839372381786988,76.70585819019973,13.0
5789,Sinhala,Gampaha,1,6,15,0.48770495402829694,69.99285106546789,1.0
5790,Physical Science,UpCountry,5,2,13,0.18147191681821723,90.22859264983498,11.8
5791,Physical Science,Galle,10,7,12,0.38065320588360346,58.026959176883324,25.0
5792,Commerce,Gampaha,10,5,11,0.4025254017413363,53.213625923295325,20.8
5793,English,Colombo,10,10,4,0.19297044357733728,35.525467948032876,19.0
5794,English,Galle,5,7,8,0.34129277714116774,75.22904936500898,8.0
5795,Commerce,Colombo,10,6,10,0.053900070447863546,56.44918607703286,18.2
5796,Arts,Colombo,9,9,7,0.198481025740968,82.49008879244374,16.4
5797,Physical Science,Gampaha,7,7,11,0.4836553300474499,69.21928669262768,15.8
5798,Sinhala,Galle,7,4,9,0.08426532695680183,59.41750704043134,14.0
5799,English,Colombo,10,6,15,0.19285565235031565,51.68043276107321,20.4
5800,Physical Science,Colombo,2,10,6,0.39526075494601626,75.69767380711531,3.0
5801,Physical Science,Gampaha,8,4,3,0.3327116274552301,60.69168858683505,19.1
5802,Physical Science,Colombo,3,6,1,0.31575930078719927,64.51703354537023,5.9
5803,Physical Science,Kandy,9,6,11,0.4266287296712112,74.56662006837064,22.4
5804,Technology,Gampaha,6,6,8,0.014546921511848776,67.98629450971288,8.8
5805,Bio Science,Gampaha,9,4,2,0.3855821840909961,48.25272434797649,23.3
5806,Physical Science,Colombo,9,6,5,0.44127451960790914,70.31902052021856,20.2
5807,Bio Science,Colombo,7,6,13,0.008087238748098413,78.80301112663543,15.7
5808,Sinhala,Galle,10,8,12,0.27948147555365277,71.40343554274702,19.2
5809,Commerce,Galle,8,7,6,0.17429424260531529,72.48522560276805,13.6
5810,Bio Science,Colombo,2,6,11,0.02538135440677136,76.38316469837,3.2
5811,Physical Science,Colombo,5,6,2,0.2088740596590717,55.059057196055555,10.6
5812,Sinhala,Ratnapura,3,8,2,0.322015070585943,54.4966406854305,5.0
5813,Technology,Kandy,1,9,2,0.4595068157946962,94.40180451286686,1.0
5814,Physical Science,Jaffna,6,8,2,0.31026524324803567,80.88639945001563,13.3
5815,Physical Science,Gampaha,9,5,2,0.42837154077799355,60.27691169256248,20.4
5816,Physical Science,Jaffna,2,5,6,0.06078575333728253,73.24243433692891,3.0
5817,Physical Science,Jaffna,9,5,12,0.1052605837615671,51.93472753740623,22.0
5818,Commerce,UpCountry,8,2,13,0.4851464321072839,57.5167810634714,18.3
5819,English,Ratnapura,9,8,4,0.44370034512822193,43.29635522595595,17.6
5820,Bio Science,Colombo,5,6,3,0.11761347651001275,65.78492072399659,10.5
5821,Technology,Ratnapura,2,5,5,0.31048694089878975,66.96047752313885,2.8
5822,Bio Science,Galle,10,7,13,0.18131637926426625,82.75739158002663,23.5
5823,Arts,Galle,10,7,7,0.23429925436441768,60.31949098514667,19.0
5824,Arts,Kandy,6,10,1,0.43043907454614505,76.49881859160821,9.8
5825,Physical Science,Ratnapura,7,7,11,0.36785630506651645,75.29369992487808,15.9
5826,Bio Science,Colombo,3,7,14,0.11922128086004768,100.0,4.3
5827,Commerce,Colombo,6,10,2,0.1579965373484412,86.00673962299803,9.6
5828,Physical Science,Kandy,6,10,1,0.1448552299094989,82.88235091610336,11.4
5829,Bio Science,Colombo,8,7,13,0.3903313891703722,79.03523925008346,19.0
5830,Commerce,Ratnapura,1,5,14,0.24504421056841563,53.58661917000828,1.0
5831,Sinhala,Jaffna,4,5,6,0.475362153512193,67.39191026147688,6.6
5832,Bio Science,Colombo,1,7,11,0.40834358861452547,99.21332835657056,1.0
5833,Technology,Gampaha,8,8,1,0.10559721542729067,68.10432112068804,13.5
5834,Bio Science,Colombo,2,9,13,0.39297139767727485,54.17332154656592,3.5
5835,Arts,Galle,8,5,4,0.25303967360696344,67.03954201851978,14.5
5836,Commerce,Kandy,3,8,10,0.1268550630903525,50.155927488877886,4.2
5837,Technology,UpCountry,8,6,14,0.18166587140894502,54.15708701969811,17.2
5838,Bio Science,Gampaha,6,4,9,0.4860630583716681,70.69348893131784,14.6
5839,Commerce,UpCountry,1,5,8,0.24198072129206244,75.09318886821093,1.0
5840,Commerce,Galle,7,8,7,0.3598029248053315,51.53117044839001,12.3
5841,Bio Science,Kandy,7,7,7,0.23854264758138605,55.106652976667384,15.7
5842,Physical Science,UpCountry,6,4,2,0.18577863692305963,39.60437363247728,14.4
5843,Physical Science,Gampaha,1,4,12,0.39821000912967924,64.06058984195991,2.6
5844,Physical Science,Gampaha,5,7,12,0.42416217588753147,36.80959021708721,12.3
5845,Technology,Ratnapura,1,5,11,0.03594458283293517,61.012824975125774,1.0
5846,Physical Science,Kandy,1,10,14,0.13948879456583313,68.19365530944415,1.0
5847,Physical Science,Jaffna,6,8,13,0.2539355238154403,40.16315923990973,14.9
5848,Arts,Galle,8,7,0,0.15824887372221658,44.891131244421196,15.5
5849,Bio Science,Colombo,1,8,1,0.3917915024803767,59.59862483510467,1.2
5850,Commerce,Gampaha,2,5,6,0.05736668037443432,60.051345194243744,2.6
5851,Physical Science,Colombo,5,9,3,0.3988991431432866,59.244556087371905,11.7
5852,English,Jaffna,8,7,12,0.30894320859743685,70.32019344255089,15.7
5853,Technology,Colombo,4,10,9,0.1446838592687415,39.424756298467024,7.1
5854,Technology,UpCountry,5,5,4,0.17222734422058955,72.62990100913099,8.4
5855,Bio Science,Colombo,10,6,12,0.09144957754660071,61.21908864956924,25.1
5856,Arts,Colombo,5,6,0,0.1262867001490689,51.05704046868462,8.6
5857,Physical Science,Galle,3,5,10,0.3586344344912482,37.02716792464092,6.4
5858,Physical Science,Gampaha,6,7,1,0.1879420702705965,56.486342477486325,13.3
5859,Physical Science,Ratnapura,5,8,8,0.34374206934352447,71.68045384867457,10.6
5860,Commerce,Gampaha,2,5,5,0.25705377055087403,64.62358203148852,2.8
5861,Bio Science,Ratnapura,10,6,6,0.07264887482196286,65.56219281401238,22.3
5862,Commerce,RemoteArea,4,6,12,0.24953532389984606,60.91434503879657,7.2
5863,Physical Science,Kandy,4,8,4,0.37823492292131644,61.09177217191103,8.5
5864,Bio Science,Colombo,7,7,8,0.14883775236216218,47.38808007825298,15.9
5865,Arts,Kandy,7,6,13,0.32404083234346404,66.42850941960518,12.9
5866,Bio Science,Ratnapura,9,8,9,0.09951632727085419,57.133477219845986,20.6
5867,Arts,Galle,10,8,4,0.06784947895837551,45.12801197938927,18.9
5868,Physical Science,UpCountry,2,3,5,0.18011306531197835,73.82078858928189,3.8
5869,Technology,Galle,6,8,9,0.19460179684983514,40.87499857212016,11.1
5870,Commerce,Gampaha,2,8,8,0.38050481518355117,71.86428398268656,3.0
5871,Physical Science,Gampaha,9,5,4,0.23003937563391263,70.80722213804614,19.8
5872,Physical Science,Ratnapura,2,7,3,0.04061744766540987,53.59141754874285,2.7
5873,Commerce,Jaffna,6,5,11,0.3169997491776977,80.95613446306793,10.2
5874,Technology,Kandy,8,10,4,0.23462662993302363,53.77489831872482,15.9
5875,Bio Science,Gampaha,6,5,10,0.16582160028265808,55.8326596773095,12.0
5876,Physical Science,UpCountry,3,6,12,0.4011094043054931,47.99467140711771,7.1
5877,Technology,Colombo,5,8,4,0.07719239511379222,61.87334827186308,7.8
5878,Commerce,Ratnapura,4,6,4,0.4566061719889816,47.6201338487227,7.8
5879,Bio Science,Ratnapura,1,4,0,0.16703074515855554,48.12530635677241,2.0
5880,Bio Science,Colombo,5,7,4,0.23047072242131383,61.019386878647964,11.2
5881,Physical Science,Ratnapura,10,5,4,0.4646164977800958,61.64738927056295,22.8
5882,Commerce,Kandy,5,8,0,0.3806199158688538,78.83900447675349,8.0
5883,Bio Science,Gampaha,7,6,12,0.0371512169024098,79.9654927801554,15.5
5884,Sinhala,Colombo,7,8,3,0.2891484293776853,69.76488362051902,12.0
5885,Bio Science,Galle,2,4,7,0.1551814358365975,61.30175574438611,4.4
5886,Bio Science,Colombo,4,6,3,0.25424412492036,55.43976068730634,8.6
5887,Commerce,Jaffna,1,7,6,0.37148452081708067,62.60111214991084,1.0
5888,English,Gampaha,5,5,5,0.24808645695932502,54.1557646500322,8.3
5889,Technology,Kandy,5,6,14,0.03551093847252257,56.48604692986448,9.7
5890,Bio Science,UpCountry,4,6,14,0.2649902593048419,65.81810278852724,8.6
5891,Arts,Ratnapura,10,5,4,0.012064833280071852,48.82424608817877,18.1
5892,Commerce,Kandy,7,9,15,0.17420467867997064,55.24611851341089,13.1
5893,Bio Science,Galle,6,6,8,0.23901526146171587,78.32311133447085,11.7
5894,Physical Science,Kandy,10,9,12,0.32233678168831376,45.30481362063867,25.9
5895,Bio Science,Colombo,3,7,7,0.2531033938108401,47.903335926930275,5.7
5896,Physical Science,Gampaha,2,6,4,0.07597340527358443,81.09910739779998,2.7
5897,English,Jaffna,4,7,13,0.4661087819805209,60.61791185544895,7.0
5898,Bio Science,Galle,9,7,9,0.325149836375571,85.14039019109666,19.3
5899,English,Ratnapura,10,5,6,0.15848389256245377,45.48952318762434,18.8
5900,Commerce,Ratnapura,5,4,15,0.48296984756552075,68.60673256129249,10.7
5901,Commerce,Gampaha,1,8,13,0.4412888045544949,78.07740824598045,1.0
5902,Commerce,Colombo,3,9,10,0.07174504433908196,51.41042697747679,3.4
5903,Physical Science,Colombo,9,10,8,0.3277145475532818,89.1149922356869,19.2
5904,Bio Science,Colombo,7,7,6,0.2800347260432743,57.1447532554312,15.7
5905,Physical Science,Colombo,3,7,2,0.09640446144309711,68.63634926441108,4.7
5906,Commerce,Colombo,1,6,9,0.11673757024451448,54.32918081123245,1.0
5907,Bio Science,UpCountry,4,4,10,0.2818868867754849,87.37420774658881,8.8
5908,Arts,Colombo,9,10,15,0.16064414216698852,72.05039565428979,17.6
5909,Physical Science,Colombo,7,9,4,0.4174157155475776,93.45919850940913,13.8
5910,Physical Science,Colombo,5,8,11,0.048869617653137076,83.18608016927129,10.3
5911,Bio Science,UpCountry,6,6,8,0.45701538660105623,76.55549340538658,11.9
5912,English,Galle,1,8,15,0.42027627453414484,53.17324435906072,1.0
5913,Arts,Galle,7,6,8,0.36931174155687335,65.25781170925535,12.6
5914,Bio Science,Colombo,5,8,7,0.13128362546758182,58.749840241301435,10.4
5915,Commerce,Galle,7,4,12,0.35747892802105946,66.39340887658813,14.7
5916,Physical Science,Gampaha,5,7,5,0.21938488980931614,64.71581167002739,10.1
5917,Sinhala,Colombo,5,9,14,0.3168789486145831,53.48953795152015,10.1
5918,Commerce,Kandy,3,9,6,0.15627720860167726,60.651563094898314,3.8
5919,Physical Science,Galle,5,6,6,0.41792892690401434,61.55416753506481,9.7
5920,Commerce,Galle,8,4,10,0.020288049659439034,49.84657386669273,16.1
5921,Physical Science,Galle,8,5,0,0.3457298733479584,72.00625774953289,17.0
5922,English,UpCountry,2,2,15,0.41431562019165724,70.8372781991452,4.0
5923,Physical Science,Colombo,1,8,7,0.3232140575819496,75.69879814877191,1.0
5924,Commerce,Gampaha,2,4,5,0.09599589106465622,69.8082781042765,3.4
5925,Physical Science,Ratnapura,7,6,6,0.14249038989013152,37.29561766682209,16.4
5926,Arts,Galle,3,8,14,0.25745264725137523,54.500422661211275,5.0
5927,Arts,Colombo,8,10,9,0.16472453463612158,89.2981697245284,13.4
5928,Commerce,Galle,4,5,14,0.002458210853599152,78.7763365112989,5.1
5929,Commerce,Gampaha,10,8,9,0.020339056222273832,40.17541147227909,19.0
5930,Technology,Gampaha,10,5,10,0.3838842155050043,72.0501654879273,18.0
5931,Physical Science,Ratnapura,8,7,15,0.04185359084068213,55.021276180788966,20.8
5932,Bio Science,Gampaha,2,6,1,0.4640109278191159,29.052657676244543,4.7
5933,Physical Science,Galle,5,7,15,0.22136822294816544,92.35813502822975,10.5
5934,Sinhala,Ratnapura,6,7,6,0.37909331918218353,64.12988726920366,10.9
5935,Bio Science,Gampaha,1,5,7,0.06275229803430354,66.75467571470568,1.0
5936,Arts,Ratnapura,1,6,11,0.4632537100385191,46.64843323741965,1.6
5937,Commerce,Gampaha,9,5,4,0.01690441492107736,44.70293755503218,17.7
5938,Physical Science,Colombo,5,6,14,0.0210685803647781,43.125442069000144,11.3
5939,Physical Science,Colombo,4,9,0,0.027292890106511702,81.25464122540394,5.8
5940,Physical Science,Galle,1,6,5,0.0517040804817413,37.850070334941314,1.0
5941,Bio Science,Gampaha,3,7,12,0.24341582194295558,90.25177452481141,5.6
5942,Physical Science,Colombo,4,6,2,0.3941382210574842,46.19854367749931,8.6
5943,Physical Science,Kandy,5,6,4,0.14247391572816553,43.58181119840261,12.0
5944,Technology,Colombo,10,8,8,0.3728884108467978,63.16941494540323,19.0
5945,English,Colombo,5,8,6,0.3870304873842616,52.73685942476005,8.7
5946,Bio Science,Kandy,10,6,7,0.4541386649258785,64.95943307609113,22.4
5947,Bio Science,Colombo,8,9,5,0.074675960073884,49.3426520890978,17.5
5948,Physical Science,Jaffna,3,8,8,0.06776725451717147,59.297758754313506,4.3
5949,Commerce,Gampaha,7,7,2,0.06104752776705896,49.62410239315998,12.6
5950,Technology,Galle,6,8,0,0.1796553045270618,72.9183858519947,10.3
5951,Physical Science,UpCountry,10,3,9,0.24470633209598985,72.18934487085713,23.1
5952,Physical Science,Colombo,10,8,13,0.23080467750780842,70.21578832158553,23.5
5953,Arts,Gampaha,10,4,13,0.12852436569989728,82.30321134351757,20.4
5954,Commerce,Gampaha,6,5,12,0.31098981273174986,69.94769286481984,11.8
5955,Physical Science,Colombo,10,9,11,0.16913681535027203,68.18199132894327,24.6
5956,Commerce,Galle,9,8,11,0.18304149403975994,63.700694122230374,17.9
5957,Bio Science,Galle,7,6,11,0.05276503140129635,54.75627777701637,17.4
5958,Bio Science,Gampaha,7,8,10,0.2961156675455378,54.28936466845803,14.7
5959,Arts,Kandy,1,9,3,0.3276401876141456,63.70681261268364,1.0
5960,Technology,Ratnapura,1,7,7,0.37897511023079616,78.76860188451582,1.0
5961,Bio Science,Kandy,9,6,5,0.45200460656358854,71.05545615954917,20.5
5962,English,Galle,9,5,6,0.3830022278285081,71.46927242655828,16.8
5963,Bio Science,Kandy,10,8,13,0.11787183307503424,49.9076580614514,25.2
5964,Arts,Colombo,3,6,12,0.11782757973218488,73.84247793850001,4.8
5965,Bio Science,Jaffna,8,8,8,0.45754359778094844,58.011888114238744,18.6
5966,Technology,Gampaha,9,5,1,0.3950667847075864,63.13604939881255,16.1
5967,English,Kandy,1,8,6,0.39112321515545245,71.2802230474309,1.0
5968,Physical Science,Gampaha,3,8,11,0.359856830055268,48.15689200219358,6.0
5969,English,Gampaha,6,6,3,0.13360099562689065,63.861055732346856,10.6
5970,Technology,Jaffna,4,6,6,0.42370517120352275,66.54393500500143,7.2
5971,Arts,Galle,8,5,7,0.07144233904006303,78.47952145290003,12.9
5972,Physical Science,Ratnapura,9,8,11,0.17500880464895174,57.74686810044388,21.8
5973,Technology,UpCountry,7,2,1,0.17323726996821476,59.58178508244718,13.0
5974,Technology,Kandy,1,6,12,0.28006607085401736,68.54946423054176,1.0
5975,Physical Science,Jaffna,2,4,14,0.23172177799778876,59.248211040459736,4.8
5976,English,Galle,1,6,6,0.22990406654993528,54.974283682519776,1.0
5977,Physical Science,Gampaha,9,7,7,0.27678621563979583,54.89536160065163,20.3
5978,Physical Science,Galle,4,5,11,0.2077092274560644,63.58415450511938,9.6
5979,Commerce,Colombo,10,6,0,0.1249916156588678,86.20630827876914,17.8
5980,Commerce,Colombo,8,7,10,0.33206035888366864,63.61886860831251,14.4
5981,Commerce,Jaffna,5,6,9,0.39531668941920123,71.81309989891186,8.4
5982,Physical Science,Galle,5,5,4,0.2394979394222947,62.47389328964368,11.3
5983,English,Galle,5,4,13,0.3247415933572536,61.8871034729501,11.7
5984,Physical Science,Kandy,5,6,8,0.267681640911518,63.6370344695139,10.3
5985,Physical Science,Kandy,3,8,1,0.02949821926855123,72.04018415465166,5.1
5986,Physical Science,Gampaha,6,6,5,0.21154233078206808,61.6979884639181,12.3
5987,Commerce,RemoteArea,1,6,1,0.0049262497608686395,58.08598206006868,1.0
5988,English,Gampaha,8,6,2,0.330939639082379,57.47839950332714,15.1
5989,Commerce,Jaffna,4,7,15,0.2540807349423007,52.597797895480866,7.9
5990,Technology,Kandy,6,9,10,0.06341576758984846,80.60135235783656,9.1
5991,Physical Science,Kandy,2,6,13,0.2710957660394191,59.79595893700449,4.1
5992,Commerce,Gampaha,2,6,15,0.4492130015139947,89.54114294524899,2.1
5993,Bio Science,RemoteArea,8,5,5,0.1702453823888091,66.17058996084282,17.2
5994,Bio Science,Kandy,1,9,4,0.4911843831164832,83.08828083768724,1.6
5995,Physical Science,UpCountry,8,6,3,0.4796899533710837,58.50085964663813,18.0
5996,Commerce,Ratnapura,10,6,6,0.39265492122824425,52.00233636111501,18.5
5997,Commerce,Kandy,10,10,13,0.4068999889094777,82.14841533339866,19.5
5998,Arts,Jaffna,1,5,15,0.20527268009992117,59.08478675868321,1.0
5999,Bio Science,Jaffna,9,8,2,0.20127054764854507,80.28305228020488,18.8
6000,Physical Science,UpCountry,1,3,12,0.47719867913349634,74.68070624754803,2.9
6001,Commerce,Ratnapura,4,5,9,0.18309812477682103,86.46693768356644,5.1
6002,Physical Science,Ratnapura,9,6,6,0.04843644453652163,48.352923023233515,20.0
6003,Technology,Gampaha,1,5,11,0.07635054409563252,79.8476632193084,1.0
6004,Commerce,Ratnapura,9,5,8,0.35519948259646106,52.858792479246965,16.5
6005,Physical Science,RemoteArea,8,6,1,0.19149046754482218,24.553625745836612,17.8
6006,English,Colombo,5,8,14,0.09967141985609634,80.4387504734891,8.9
6007,Commerce,Gampaha,6,6,4,0.4068930643415319,61.903970952558446,10.1
6008,Physical Science,Ratnapura,5,5,0,0.24433674533664612,74.4362108125529,9.6
6009,Commerce,Kandy,4,10,6,0.28382060238489215,64.38019487026499,6.8
6010,Physical Science,Gampaha,10,8,1,0.0769746773250532,60.82212823643728,22.5
6011,Technology,Ratnapura,4,8,10,0.09637710070796962,87.46555203006886,4.1
6012,Technology,Gampaha,10,8,4,0.06292801848690288,63.77440331552688,17.8
6013,Sinhala,Gampaha,8,4,0,0.25727139961721557,52.8674964858337,16.7
6014,Commerce,RemoteArea,8,3,15,0.38782850586362716,66.1743732646156,18.6
6015,Bio Science,Colombo,9,7,13,0.36614262194073716,68.86457830138247,21.3
6016,Arts,Kandy,3,7,10,0.13061541026110596,22.330203193513185,6.1
6017,Physical Science,RemoteArea,10,4,13,0.4257750939528187,73.86657744706577,25.9
6018,Commerce,Galle,8,6,13,0.052830424070206716,86.88356801693097,15.0
6019,Commerce,RemoteArea,3,6,0,0.05702498504155562,59.26516817687225,3.6
6020,Physical Science,RemoteArea,2,4,3,0.4246521413020916,55.188635118808556,5.2
6021,Bio Science,Gampaha,2,7,6,0.12220978058794846,68.81651278004087,2.9
6022,Technology,Jaffna,9,5,6,0.35405792232004746,89.15321086409537,16.2
6023,Technology,Colombo,4,7,7,0.004539795960837978,70.53792293204575,5.9
6024,Physical Science,Gampaha,5,4,11,0.04680054430957653,68.71560471474862,12.2
6025,Physical Science,Galle,2,4,12,0.30464435436114157,60.141311269930284,5.1
6026,Physical Science,Kandy,9,9,8,0.09120797743895226,47.95755392920192,21.1
6027,Technology,Jaffna,7,4,14,0.01410684315638111,67.35111374411049,14.7
6028,Physical Science,Jaffna,3,8,3,0.23347337834166154,62.12365140930213,5.4
6029,Arts,Colombo,6,10,1,0.16526024963925934,31.518541004206163,11.5
6030,Physical Science,Galle,7,5,9,0.40112846404157204,53.598245308387106,16.1
6031,Commerce,Gampaha,6,8,11,0.4094144955516521,82.88291892641229,10.3
6032,Bio Science,Colombo,10,6,14,0.30721156060459937,63.12895635330066,24.9
6033,Arts,Galle,10,7,13,0.14651687317322626,29.662614023540854,20.5
6034,Physical Science,Gampaha,6,8,13,0.23081332563122525,90.51763021106817,12.7
6035,Commerce,Galle,8,5,11,0.3511280135523047,52.127363835041216,15.9
6036,Physical Science,Kandy,8,7,12,0.034654276577650855,58.94599056889217,19.0
6037,Arts,Gampaha,5,4,13,0.16624854416406254,82.43381182652836,9.7
6038,Technology,Galle,4,8,12,0.4111848504545859,54.86889825551605,7.5
6039,Physical Science,Kandy,5,6,9,0.2030142711235089,34.95059147720447,10.3
6040,Technology,Gampaha,9,5,2,0.31233400565773295,64.26348294946592,16.4
6041,Commerce,Colombo,10,9,8,0.04816718456763519,75.9526323212002,17.0
6042,Physical Science,Galle,6,8,10,0.3885229875920261,57.96334102767288,14.4
6043,Bio Science,Ratnapura,3,7,12,0.05023274496862096,64.15734280062384,5.5
6044,Physical Science,Galle,3,8,7,0.43076262725137854,45.80305637687888,6.4
6045,Arts,Gampaha,1,5,15,0.05330052244484407,52.56804627711325,1.0
6046,Arts,Kandy,5,10,5,0.44544638158483835,57.67484050154668,9.6
6047,Physical Science,UpCountry,6,3,10,0.18188493711357423,74.72918343594598,13.2
6048,Commerce,Colombo,8,8,12,0.31226536588715437,67.46662114494697,16.0
6049,Technology,Kandy,9,7,14,0.42327527581922886,82.30073948647839,18.1
6050,English,Galle,7,5,2,0.005120710495283287,85.80416462646903,11.2
6051,Commerce,Galle,1,8,9,0.1328465807031523,77.79858255221971,1.0
6052,English,Kandy,7,9,7,0.45416916064626284,39.65054837128973,13.3
6053,Commerce,Kandy,10,7,12,0.194088030292406,61.74332946348306,20.0
6054,Bio Science,Galle,9,8,1,0.35318796289881227,73.65493476907363,19.8
6055,Technology,Galle,4,5,10,0.07000602807675121,63.20682581464062,5.8
6056,Bio Science,Galle,7,4,3,0.3391858007056314,37.20988696215615,18.2
6057,Bio Science,Gampaha,9,4,3,0.036580497763021635,53.220316183037525,21.0
6058,Bio Science,RemoteArea,1,2,8,0.3586625698823335,29.913224243536106,4.0
6059,Technology,Gampaha,10,4,7,0.16190247719338935,59.33756563433527,20.5
6060,Technology,Ratnapura,9,7,6,0.2329238279766332,52.726180882560556,16.9
6061,Bio Science,Gampaha,4,5,3,0.08313009048352787,56.09031118457972,7.0
6062,Bio Science,Colombo,8,6,6,0.31392450886710527,80.72212757116203,17.4
6063,Bio Science,Colombo,3,10,0,0.16878381439048679,40.028979654905086,5.9
6064,Commerce,Colombo,2,6,10,0.19168750302467824,54.22676253172575,2.3
6065,Physical Science,Ratnapura,8,6,7,0.32609646247706814,46.37356358726085,18.5
6066,Arts,Jaffna,8,6,7,0.08943083061127532,79.57004119311918,14.1
6067,Bio Science,Ratnapura,3,7,8,0.4260044467861218,80.96855830007513,4.5
6068,Bio Science,Colombo,8,8,8,0.36964320278811036,69.40112898816358,17.7
6069,Physical Science,Ratnapura,6,8,15,0.2888650015690813,72.1243440395729,14.8
6070,Physical Science,Ratnapura,10,4,0,0.06416653354122437,41.994926617594245,23.7
6071,English,Colombo,9,8,14,0.34355484720012297,69.98783480217512,17.8
6072,Bio Science,Kandy,10,8,9,0.009049686044763028,47.67134379722195,22.1
6073,Physical Science,RemoteArea,6,5,6,0.4021979007669719,63.617909312794154,13.4
6074,Bio Science,Galle,8,6,14,0.15189884840304596,61.84977248351231,18.5
6075,Bio Science,Galle,2,4,0,0.05860577526517313,51.08749675529894,3.9
6076,Physical Science,Colombo,1,7,5,0.0822444770280984,62.92453538589965,1.0
6077,Bio Science,Colombo,10,6,15,0.48156719925420033,77.65892851227963,24.6
6078,Commerce,Ratnapura,10,6,4,0.38691520892541537,88.63185377150064,17.2
6079,Commerce,Galle,2,6,10,0.1189359866682001,73.26477406467333,1.8
6080,Bio Science,Ratnapura,4,6,1,0.48173312173147226,94.66984707656829,6.8
6081,Bio Science,Kandy,10,9,12,0.07005883533127177,69.01387555535328,24.5
6082,English,Colombo,9,10,2,0.36676360595072066,87.75830994878235,15.9
6083,Bio Science,Colombo,7,6,14,0.32836981342617344,73.5337613149142,16.1
6084,Physical Science,RemoteArea,9,4,15,0.41073838619278835,71.09684372642405,23.3
6085,Physical Science,Galle,9,5,7,0.19084936033660294,60.976580069374066,19.7
6086,Bio Science,Galle,9,7,1,0.2009177291553882,64.9865143655316,19.3
6087,Arts,Kandy,8,10,14,0.3122835092213949,73.47367748384747,16.2
6088,Physical Science,Galle,6,6,10,0.19910287848261082,43.738208092210726,13.9
6089,Arts,Kandy,10,6,3,0.02067544635110591,72.00081080741234,17.4
6090,Physical Science,UpCountry,7,3,2,0.36485401590587024,38.74009281004747,17.6
6091,Bio Science,Colombo,2,9,11,0.32047303152756357,76.0175703050975,2.6
6092,Arts,Kandy,1,6,6,0.21185640637799052,71.98430146675435,1.0
6093,Bio Science,Jaffna,5,4,7,0.15141478044005974,84.81871288637228,11.2
6094,Commerce,Gampaha,8,7,3,0.16036291916368417,48.568462681188095,15.3
6095,Physical Science,Galle,3,4,5,0.3705143118558983,47.69346102911487,7.4
6096,Arts,RemoteArea,7,3,2,0.36458043948977137,77.60887824896858,12.8
6097,Physical Science,Gampaha,5,5,6,0.40945921017062503,46.87741114070235,10.8
6098,Technology,Gampaha,10,4,7,0.3810902141180545,45.90150038072817,21.0
6099,Physical Science,Gampaha,8,6,6,0.3789721010530326,66.1292686410391,17.7
6100,Technology,Galle,6,4,3,0.1258866170277158,60.79962685563012,12.2
6101,Bio Science,Kandy,6,8,13,0.05080627729938192,68.83033003300349,13.4
6102,Arts,Ratnapura,7,4,9,0.3808761330180086,72.56590051572746,14.7
6103,Bio Science,Kandy,7,10,11,0.04930900982787645,73.64965461962935,15.1
6104,English,Ratnapura,4,5,8,0.49105570264748993,62.831907095449004,5.6
6105,Physical Science,Galle,10,4,9,0.43754463372500346,65.22229929785425,24.9
6106,Physical Science,Gampaha,10,5,14,0.2667308009605936,65.99522096560642,24.1
6107,Bio Science,Gampaha,10,7,15,0.1760917825510807,68.02911537221505,24.3
6108,Physical Science,Galle,8,8,7,0.2634215179737145,42.68826643992278,18.4
6109,Physical Science,Ratnapura,6,6,5,0.36715091655168536,73.84584940120368,12.8
6110,English,Colombo,8,9,15,0.37816498928030723,83.23550068482957,15.1
6111,Sinhala,Gampaha,7,8,1,0.036832999324958815,70.06143832503929,11.3
6112,Bio Science,Colombo,1,9,15,0.4024270474474086,75.90754853750427,1.0
6113,English,Gampaha,4,5,9,0.32074854085257776,49.64098274325953,7.3
6114,Commerce,RemoteArea,7,6,6,0.020289806952601408,41.7711311250122,13.0
6115,Physical Science,Galle,9,7,8,0.15658060290689513,76.46339166481721,19.2
6116,Arts,Galle,2,6,8,0.25532068434715793,64.4285265920342,2.1
6117,Commerce,UpCountry,5,6,8,0.09422574610273748,66.54298574692004,8.3
6118,Sinhala,Gampaha,9,8,8,0.07762026443727738,67.21737429321131,15.2
6119,Physical Science,Colombo,9,9,5,0.0071405822986643774,66.35579148845855,20.4
6120,Commerce,Colombo,6,6,15,0.45577531672562926,77.19811101782606,11.5
6121,Physical Science,Galle,7,6,0,0.028053977515093642,58.568575926304895,14.8
6122,Physical Science,Jaffna,9,6,15,0.1830057107320145,38.923597872415996,23.1
6123,Physical Science,Colombo,10,9,13,0.10288581863574497,76.8260827137332,24.1
6124,Sinhala,Gampaha,8,5,5,0.37051655110368065,71.16319939620033,14.5
6125,Technology,Kandy,10,7,4,0.3535923287407672,42.58033156803852,18.3
6126,Arts,Kandy,6,6,6,0.40311120598099054,45.509298850720214,11.5
6127,Commerce,Galle,6,4,12,0.3084041506224924,79.24486909904043,13.3
6128,Bio Science,Gampaha,7,7,7,0.2958265801666675,80.28610432891574,14.4
6129,Physical Science,UpCountry,7,3,0,0.20355535773594224,20.04539053259643,18.5
6130,Physical Science,Gampaha,2,6,13,0.3181793500544341,73.11264589819221,3.7
6131,Bio Science,Jaffna,9,5,9,0.05760279248337652,61.190304743450966,19.8
6132,Arts,UpCountry,4,5,3,0.34225642460109235,62.61246348119168,6.7
6133,Commerce,UpCountry,10,3,3,0.051948878931543985,63.46916698135604,19.8
6134,Physical Science,Ratnapura,9,8,15,0.43086995126633315,56.067859095935646,22.8
6135,Physical Science,Colombo,10,9,12,0.25284140291352764,75.79005402753548,25.1
6136,Physical Science,Gampaha,3,8,0,0.2651784522678203,49.67775841940529,6.6
6137,Bio Science,Gampaha,5,7,10,0.29242880110261793,76.20519211200099,10.4
6138,English,Kandy,5,8,3,0.38802624948942854,76.03543730782683,8.8
6139,Commerce,UpCountry,7,5,6,0.2392353104360837,49.91761524430666,13.2
6140,Technology,Colombo,4,9,14,0.213794036823661,54.28420956836247,6.2
6141,Bio Science,Gampaha,4,7,13,0.14416672838645112,68.2048330412961,8.3
6142,Bio Science,Colombo,1,9,14,0.06401967535879566,89.55484909564254,1.0
6143,Physical Science,Galle,6,4,5,0.09517127053801655,53.60936463772475,14.5
6144,Technology,RemoteArea,4,6,3,0.0002639218429161816,55.452053028646596,5.9
6145,Arts,Gampaha,10,7,1,0.43471082389283366,65.3160821330678,19.0
6146,Physical Science,Colombo,10,9,11,0.3824791974494409,75.35170633844308,24.2
6147,Commerce,Galle,5,4,12,0.1093412144094782,73.90450996543508,11.0
6148,Bio Science,Jaffna,9,5,6,0.0011950452977526616,63.4844042801698,20.3
6149,Commerce,Gampaha,4,4,7,0.24605815243101958,58.91721537934176,7.3
6150,English,Galle,1,4,8,0.20628659965753526,68.97734209978816,1.8
6151,Commerce,RemoteArea,9,2,8,0.38800331067102933,15.991451101540811,19.5
6152,Commerce,Kandy,5,9,15,0.20144775334875892,95.53880746602125,8.0
6153,Physical Science,Kandy,10,6,13,0.4320564037618792,63.712911239135266,25.2
6154,Physical Science,Colombo,7,6,3,0.04791911453262643,64.23446621793008,14.1
6155,Physical Science,Kandy,3,6,2,0.182929043126274,92.49069716774326,4.0
6156,Physical Science,Gampaha,4,7,4,0.4669704493343653,50.88033658535471,8.4
6157,Arts,Gampaha,10,6,5,0.0058648111634393985,97.48176552415279,16.5
6158,Arts,Ratnapura,9,6,11,0.1953947120034623,76.59491636431044,17.1
6159,Physical Science,Colombo,10,7,15,0.12985163003326544,74.1980995422377,24.3
6160,Technology,Colombo,1,9,12,0.26593036122153907,75.65848042261725,1.0
6161,Physical Science,Kandy,5,6,7,0.139383400139314,50.87772511469595,10.1
6162,Bio Science,Kandy,8,6,2,0.4349540227307362,36.26564971508691,18.7
6163,Physical Science,Kandy,10,6,13,0.4685691264266371,48.79304477248117,24.4
6164,Bio Science,Gampaha,7,6,14,0.4245671485369703,83.31124710938231,17.3
6165,Physical Science,Gampaha,4,4,12,0.19928392261397465,51.96642704783316,10.7
6166,Bio Science,Galle,7,4,5,0.49496688276809936,37.688524491154894,18.5
6167,Bio Science,Gampaha,1,6,4,0.36751815831209583,60.810250373676766,1.5
6168,Sinhala,RemoteArea,6,2,12,0.17780446831430952,74.62053496230669,12.5
6169,Physical Science,Gampaha,9,5,6,0.04684641059939754,63.579769273041414,18.4
6170,Physical Science,Kandy,3,10,13,0.3335232081908644,75.59580545423894,5.5
6171,Physical Science,Ratnapura,4,5,8,0.36428372211591753,81.32520066340658,7.8
6172,Commerce,Jaffna,8,7,6,0.0612295664442305,71.56917873708159,13.8
6173,Physical Science,Galle,5,5,10,0.2748681758981289,62.68920788348427,11.0
6174,Technology,UpCountry,5,3,5,0.4935439920269102,54.33523492530175,10.7
6175,Commerce,RemoteArea,1,4,15,0.16312105124956844,79.06206922897171,2.2
6176,Commerce,Colombo,6,9,15,0.1509475112164319,71.62971499507599,10.3
6177,Commerce,Kandy,2,7,8,0.45165108304648216,51.08850224507818,3.5
6178,Physical Science,Gampaha,1,8,15,0.05870802233252781,87.03273309731463,1.0
6179,Physical Science,Kandy,6,7,9,0.46676375168761686,68.43244725725484,13.5
6180,Bio Science,Colombo,5,6,3,0.3897435301367447,71.29370214510163,10.0
6181,Commerce,Galle,5,6,13,0.1954202044664599,60.61972198002217,8.3
6182,Physical Science,UpCountry,9,2,0,0.04177381017607584,76.96072671829542,19.9
6183,Physical Science,Gampaha,10,7,7,0.009587270626892241,39.719625969925914,22.5
6184,Sinhala,Colombo,10,9,5,0.18791559821889042,87.63246244016193,18.2
6185,Physical Science,Colombo,3,8,5,0.35267679223842224,33.41740809717314,7.2
6186,Technology,Jaffna,1,5,13,0.24376460673445105,45.85067201656171,1.2
6187,Arts,Gampaha,8,7,14,0.369325946405295,70.77745356769533,15.7
6188,Physical Science,UpCountry,5,6,4,0.33528542436305475,54.038658007919345,10.3
6189,Physical Science,Jaffna,5,6,9,0.2864535946841832,59.575021540969615,10.1
6190,Physical Science,Kandy,8,6,10,0.48374954036242723,57.033644287460426,18.0
6191,Commerce,Kandy,8,10,2,0.364192217176735,49.25386916517364,14.8
6192,Commerce,Ratnapura,2,6,5,0.4573067245907211,67.25466181574316,2.3
6193,Arts,UpCountry,3,6,0,0.12108028216001421,59.2715736185191,3.8
6194,English,Kandy,10,8,15,0.3568198133886006,80.77251008787881,19.8
6195,Commerce,RemoteArea,10,2,6,0.29890143170757966,64.20257748435071,19.6
6196,Physical Science,Kandy,1,7,5,0.4621480484194266,56.247765395327974,2.0
6197,Physical Science,Jaffna,3,6,4,0.2552265088121866,73.61702283194799,5.8
6198,Technology,Ratnapura,4,7,12,0.13982068951457582,38.51643644091417,8.0
6199,Physical Science,Kandy,7,6,13,0.1924194801892709,27.773912335484624,18.1
6200,Physical Science,Galle,9,4,2,0.10941490271313059,37.18266787520429,21.3
6201,Arts,Galle,5,8,7,0.10998649969409335,58.34717344842409,9.4
6202,Bio Science,Galle,1,7,12,0.23521079301333048,71.87202177270818,1.0
6203,English,Colombo,2,10,3,0.44628441764648563,21.4323197558842,4.6
6204,Commerce,RemoteArea,10,2,8,0.095934671430628,63.8258468223818,20.0
6205,Physical Science,RemoteArea,2,4,8,0.14393500606205778,58.68133296886955,4.1
6206,English,Ratnapura,9,7,4,0.4264940640257693,64.05443165809015,16.4
6207,Physical Science,UpCountry,10,2,10,0.16962813878025768,36.38627003369041,24.8
6208,Bio Science,Colombo,7,9,6,0.4812067009948571,100.0,13.7
6209,Bio Science,Jaffna,2,6,5,0.1344601382317706,62.98760540164474,2.9
6210,Physical Science,Gampaha,1,5,11,0.2210717108492889,47.24231866753645,1.0
6211,Bio Science,RemoteArea,5,6,11,0.04780496959637043,67.44161936144994,10.8
6212,Physical Science,Colombo,1,10,5,0.49608789764930084,84.92260189591164,1.2
6213,Bio Science,Gampaha,9,4,14,0.4450710224378097,47.70025909267093,24.5
6214,Bio Science,Gampaha,3,4,3,0.40878112643806236,39.07796060159876,7.5
6215,Arts,Gampaha,2,6,9,0.07867123528047032,62.72940190458603,1.8
6216,Technology,Kandy,6,6,12,0.4846790289239568,65.5094578570978,12.1
6217,Physical Science,Colombo,3,6,11,0.46457564283996217,76.14107225712411,6.1
6218,Bio Science,Jaffna,5,4,14,0.21783572099875964,89.12939273977523,12.2
6219,Bio Science,RemoteArea,10,5,7,0.34081851485070336,75.20001248096035,22.1
6220,Physical Science,Galle,8,7,12,0.4962292138460235,45.18469725632643,20.1
6221,Arts,Galle,10,5,10,0.20487260974979093,48.93437246921688,18.8
6222,Arts,Gampaha,2,7,10,0.05652284452704148,53.02549025553912,2.4
6223,Physical Science,Gampaha,5,8,13,0.4338895174094984,78.16513207185947,11.7
6224,Bio Science,Kandy,8,7,10,0.23824255922124837,74.10059150083023,17.0
6225,Physical Science,Ratnapura,1,4,9,0.4934847275296343,83.42305476325814,2.1
6226,Commerce,UpCountry,10,6,2,0.2754464302024038,69.3717031017857,18.2
6227,Physical Science,Colombo,10,7,4,0.014738801794601186,52.58793274326865,23.4
6228,Sinhala,UpCountry,4,3,0,0.2458634818021901,57.04798983997067,7.7
6229,Arts,Ratnapura,5,8,0,0.35903106466448026,38.07867380107987,9.3
6230,Bio Science,Galle,10,5,12,0.013015014101539824,75.42216330573383,23.2
6231,Commerce,Colombo,3,10,8,0.20672435718121435,54.6091023111923,5.2
6232,English,Ratnapura,2,5,3,0.07778010022578813,79.8644742728437,2.2
6233,Commerce,Jaffna,3,5,8,0.3215484105106793,73.00445470231054,4.1
6234,Physical Science,Colombo,5,7,6,0.47867292438902065,92.0699928937367,10.5
6235,Bio Science,Jaffna,7,8,9,0.31229245227764646,70.79693865122576,15.2
6236,Technology,Kandy,2,7,7,0.34743885319294454,69.51609875379985,2.7
6237,Commerce,Colombo,7,9,10,0.19828145021280474,62.26222559817629,11.8
6238,Commerce,UpCountry,6,5,8,0.2815704344759582,58.231362963673206,10.7
6239,Technology,Gampaha,7,7,0,0.2719288548429299,56.12022238220602,13.6
6240,Technology,Jaffna,7,7,6,0.379803172633972,77.98722037113396,12.9
6241,English,Kandy,9,9,7,0.4284558235101476,43.27084300726757,17.8
6242,Physical Science,Kandy,7,6,13,0.3314429721415499,67.44990804004843,17.1
6243,Commerce,Gampaha,6,5,1,0.48990440096202303,35.50502940632949,13.0
6244,Arts,Colombo,10,8,13,0.4141441962622498,72.09462723341451,20.6
6245,Arts,Kandy,8,6,9,0.06232337445846253,57.622055764161985,13.9
6246,Commerce,Gampaha,7,8,8,0.2537376991930856,71.55432948251553,12.7
6247,Physical Science,Gampaha,6,4,11,0.45161803934688505,54.36252775502743,16.4
6248,Arts,Jaffna,4,6,0,0.4719674343656069,56.14532364998891,7.3
6249,Arts,Jaffna,7,4,11,0.190102969216199,74.98534172324617,14.7
6250,Physical Science,Ratnapura,8,5,13,0.3628520307582623,68.38821917083581,19.0
6251,Bio Science,Gampaha,8,7,14,0.20527274182118915,90.14190003926828,18.4
6252,Physical Science,Gampaha,4,5,2,0.06182986108971594,53.776808034240446,8.4
6253,Bio Science,Ratnapura,10,4,12,0.4423056524612091,57.4801846639469,27.2
6254,Physical Science,Colombo,9,8,10,0.4659765613561539,83.55187715155441,20.0
6255,Bio Science,Ratnapura,3,8,8,0.2523752656329033,58.49220200564239,5.7
6256,Commerce,RemoteArea,9,3,0,0.009153715410071872,53.80172594572939,16.9
6257,Commerce,Jaffna,3,6,3,0.40801812534812987,67.24652259509244,4.6
6258,Commerce,Ratnapura,7,8,9,0.23848018311539543,62.04219209755136,12.7
6259,Technology,Ratnapura,4,7,5,0.03751417877078428,57.82682010821331,5.1
6260,Physical Science,Jaffna,5,5,5,0.09469574143574744,52.10506400953498,10.4
6261,Physical Science,Gampaha,3,5,13,0.0760596701152142,86.9348742352203,4.8
6262,Technology,Galle,2,7,3,0.3431394331598571,59.24034905837312,2.3
6263,Physical Science,UpCountry,8,5,9,0.14970474643373904,56.067774159282415,18.0
6264,Sinhala,Kandy,7,6,9,0.0638452586557216,60.04674621396104,12.6
6265,Technology,Colombo,7,10,14,0.45882441311792177,72.32382248129706,14.6
6266,Commerce,Galle,8,6,9,0.4782655295079016,86.41926029606175,14.1
6267,Sinhala,UpCountry,1,5,9,0.06928793638348613,61.96321281620474,1.0
6268,Physical Science,Kandy,8,6,0,0.11511792665493731,47.058085599508786,17.5
6269,Bio Science,Jaffna,10,8,4,0.29606035980320794,90.78303881400764,21.4
6270,Commerce,Gampaha,5,8,13,0.07525392474923703,68.53326446613889,9.0
6271,Bio Science,Gampaha,8,5,4,0.07929584645180593,60.411089202184364,17.0
6272,English,Jaffna,9,4,2,0.16828802086869504,62.07751896861946,17.7
6273,Physical Science,UpCountry,2,2,10,0.47458516643400256,46.318100234737656,6.1
6274,Commerce,Kandy,3,7,2,0.48122109817813424,60.31891500746385,4.9
6275,Commerce,Galle,6,6,3,0.420894124912685,72.89411951438137,10.0
6276,Commerce,Colombo,9,9,2,0.3478564589645253,79.30180379058436,15.8
6277,Physical Science,Colombo,10,7,13,0.36033668292837634,61.12684254203501,24.7
6278,Bio Science,Kandy,10,9,14,0.23478642154370044,69.81930129274346,24.6
6279,Technology,Colombo,8,6,2,0.26507731407777446,79.56960618168159,13.7
6280,Physical Science,Kandy,6,7,2,0.31722633000299405,61.56293272821677,11.8
6281,Technology,Colombo,5,8,6,0.36564331874729455,73.79212096679461,8.7
6282,Commerce,Galle,3,7,8,0.04842308625527564,70.36466908956771,4.1
6283,Arts,Galle,4,7,10,0.11244350483977755,55.035861818184934,5.9
6284,Arts,Gampaha,7,7,14,0.48147159565133946,53.25798124162633,13.8
6285,Physical Science,Colombo,7,6,12,0.16757113273028945,81.88981852925497,16.5
6286,Commerce,Kandy,3,9,0,0.13423710540410144,19.88051180762365,5.5
6287,Technology,RemoteArea,4,6,7,0.2109556560621616,53.4706570615414,7.0
6288,Bio Science,Kandy,3,9,9,0.14546037521663102,43.57049296368131,5.7
6289,English,Ratnapura,2,4,11,0.04559009627592758,81.41190830492219,3.5
6290,Bio Science,Ratnapura,6,5,0,0.10398056595210164,80.47172208789117,11.5
6291,Physical Science,Gampaha,7,7,8,0.3200798987911666,53.1350108113269,15.9
6292,Bio Science,Colombo,4,9,12,0.11159127852636636,100.0,7.3
6293,English,Galle,5,5,7,0.3238335983474177,84.15824813554269,6.8
6294,Bio Science,Galle,8,8,14,0.050040447451735026,69.95732959054791,18.7
6295,Technology,Colombo,9,6,5,0.020938174796237885,84.99984271361748,14.8
6296,Technology,Gampaha,7,5,5,0.4307838413295961,52.874075602635905,13.6
6297,Bio Science,Colombo,10,6,10,0.3800130977708465,60.85113899490749,22.8
6298,Physical Science,UpCountry,1,3,9,0.33301384142318663,71.44815614143691,2.1
6299,Arts,Kandy,3,8,6,0.015449616468432514,52.619224889758954,5.0
6300,Bio Science,Jaffna,5,8,7,0.11967696757686963,44.23534473352666,9.8
6301,Arts,Gampaha,3,6,12,0.4061571635761303,51.93012085755587,6.5
6302,Bio Science,Kandy,1,7,6,0.07233383252927228,60.04974553526131,1.5
6303,Bio Science,Gampaha,2,5,14,0.40642671994688184,74.0397301713209,3.2
6304,Arts,Gampaha,8,4,12,0.2921167748545901,60.93164301080835,18.0
6305,Bio Science,Kandy,7,7,0,0.3701841838984896,35.402363638845195,16.6
6306,Bio Science,Kandy,10,6,9,0.3222535392255865,71.55480765876324,21.0
6307,Bio Science,Colombo,3,6,14,0.20849479004187726,86.10061210418539,5.1
6308,Bio Science,Colombo,4,7,12,0.1459886744484622,56.10082814773528,8.2
6309,Commerce,Gampaha,3,4,13,0.33636458929542357,91.44185891265012,4.9
6310,Technology,Gampaha,4,8,3,0.40345644090244714,74.53309713254635,6.2
6311,Bio Science,Kandy,8,8,14,0.02236631808093087,51.18762910801795,19.2
6312,Commerce,UpCountry,9,3,3,0.1899544668619153,51.78135845611137,18.8
6313,Commerce,Ratnapura,7,4,12,0.1753648920899315,61.30530069865797,14.8
6314,Physical Science,Colombo,9,6,8,0.27973542022922626,61.22084911194141,19.9
6315,Physical Science,Colombo,9,6,14,0.05696252819389985,30.424305733733576,23.4
6316,English,Kandy,7,6,11,0.46670970506963966,54.202609426684575,14.3
6317,Arts,Gampaha,7,8,8,0.2742551342169113,55.695485070315776,12.4
6318,Commerce,Jaffna,8,5,2,0.46187640214188946,89.35839858041594,14.4
6319,Commerce,Colombo,10,7,10,0.4084704617308253,68.40388439562616,18.8
6320,Physical Science,Kandy,3,10,14,0.09581943115759067,55.029769296089015,6.1
6321,Commerce,Galle,8,8,8,0.0661695061464786,57.42203922995999,14.7
6322,Commerce,UpCountry,1,6,4,0.4306251200004641,68.37631328172861,1.0
6323,Commerce,UpCountry,6,3,10,0.26805011129210954,59.33069247156481,11.8
6324,Bio Science,Galle,2,7,5,0.009871373948949214,53.71980716342012,4.0
6325,Physical Science,UpCountry,7,4,14,0.46711337421967986,58.7018724244746,17.4
6326,Physical Science,Colombo,3,10,6,0.2365141996965322,70.19595561562497,5.0
6327,English,Colombo,10,10,2,0.15046815087619786,40.274274729747404,18.4
6328,Bio Science,Ratnapura,5,5,13,0.25829893558532363,50.196508860816316,11.9
6329,Bio Science,Jaffna,10,5,3,0.4114591952170776,47.58532694283873,23.5
6330,Physical Science,UpCountry,2,4,4,0.0551463675178952,45.438593237045296,5.4
6331,Physical Science,Colombo,1,6,0,0.17946645161876623,47.64549183217916,1.0
6332,Arts,Kandy,5,7,7,0.1594333366227792,76.95293327287354,7.3
6333,Commerce,Jaffna,9,6,10,0.4198247600140738,80.54533821110329,15.4
6334,Commerce,UpCountry,9,3,6,0.3892336379886061,67.07560579084611,18.1
6335,Physical Science,Kandy,7,7,12,0.20005201728846606,69.22219164364695,17.4
6336,Arts,RemoteArea,9,3,10,0.3322441548322799,54.95027091799953,18.0
6337,Physical Science,Gampaha,4,7,11,0.1972227411473909,34.28360303309603,9.7
6338,Physical Science,Gampaha,3,7,12,0.28565691915811686,68.15777449869523,6.1
6339,Bio Science,Kandy,4,10,1,0.49560764731255963,64.96604682149176,8.2
6340,Physical Science,Gampaha,7,7,6,0.26778723361778733,52.89487368574978,16.3
6341,Physical Science,Ratnapura,8,6,11,0.4942873664152534,49.35892198082547,20.9
6342,Commerce,Jaffna,2,5,8,0.3735995531323718,44.89876627224619,3.7
6343,Commerce,Galle,5,7,4,0.06036114513156987,64.51453558948381,8.5
6344,Technology,Jaffna,5,5,13,0.3979830843001734,67.72856247500957,9.0
6345,Bio Science,Gampaha,9,4,10,0.08064282073490758,82.9183447925777,19.9
6346,Physical Science,Kandy,3,10,5,0.26616430419330633,50.41835409864012,5.7
6347,Physical Science,Gampaha,6,7,15,0.3066226172328095,63.18097513151854,14.3
6348,Sinhala,Ratnapura,10,5,4,0.4461152276096801,62.258008885265596,18.7
6349,Commerce,Kandy,5,6,0,0.10521210512855739,51.752113824308125,8.8
6350,Arts,Colombo,2,10,5,0.43797103618193134,75.08523866436539,2.4
6351,Physical Science,Ratnapura,2,8,13,0.46724688797915054,85.07219141042812,2.4
6352,Commerce,Galle,4,4,13,0.04474367562978415,49.916493719300846,9.3
6353,Physical Science,Ratnapura,4,7,6,0.4426425590060112,56.12875229384162,8.4
6354,Commerce,UpCountry,7,5,4,0.1295900243038735,81.8683244318834,11.9
6355,English,Kandy,1,7,2,0.040500474691068766,65.84745953139443,1.0
6356,English,RemoteArea,6,4,15,0.47928717795916215,69.25817699724328,12.8
6357,Commerce,Ratnapura,9,5,14,0.19610174362479543,72.11860549052058,17.1
6358,Bio Science,Kandy,2,7,5,0.3114917525684848,72.33834164433378,2.3
6359,English,Gampaha,5,5,11,0.2764365598976576,71.33745695143374,8.2
6360,Commerce,Galle,10,4,11,0.10659096232991622,68.70392518855698,21.5
6361,Physical Science,Gampaha,10,8,10,0.3347828640835326,65.14362578324194,22.0
6362,Bio Science,Colombo,4,10,6,0.02305749450363248,83.22336460381167,7.0
6363,Physical Science,Galle,4,6,9,0.10154746315599666,60.50573912680948,7.8
6364,Bio Science,Gampaha,8,7,9,0.47233187546697225,64.51855526403041,18.4
6365,Bio Science,Ratnapura,6,5,11,0.4767537622953833,88.77990298261624,13.0
6366,Commerce,Gampaha,7,4,13,0.24132759590672676,71.38589771896712,15.4
6367,Bio Science,Jaffna,9,4,8,0.08453586945688929,63.001213894918095,20.7
6368,Physical Science,Colombo,3,7,12,0.21081003051747665,75.46120029983283,4.2
6369,Commerce,Gampaha,2,4,15,0.43853541664594964,70.90934311359834,4.4
6370,Technology,Ratnapura,3,4,6,0.0351370272180207,51.91327165605314,5.4
6371,Commerce,Kandy,8,7,2,0.06393428858175682,64.67652437072223,14.7
6372,Bio Science,Galle,9,6,0,0.4478264229280304,47.868490465113084,21.1
6373,English,Gampaha,10,4,14,0.20769170034637252,94.40158513901945,20.6
6374,English,Gampaha,5,8,13,0.04172930257118812,70.0816542492802,8.6
6375,Physical Science,Ratnapura,8,8,12,0.06960453858699078,51.92688884393719,19.1
6376,Physical Science,Colombo,7,10,15,0.44122408898039683,61.61053707454361,17.9
6377,Arts,Colombo,9,7,6,0.24505168581225584,74.39367375977564,15.7
6378,Technology,Gampaha,4,8,11,0.08149715393062223,49.133064486145166,7.4
6379,English,Kandy,10,9,7,0.4470298774640577,100.0,17.2
6380,Technology,UpCountry,3,2,14,0.42263944458937863,45.171207344914826,7.4
6381,Commerce,Ratnapura,9,6,10,0.011511675394151988,78.88482321277073,14.8
6382,Commerce,Kandy,8,10,0,0.29049505387473595,52.700861932478176,14.9
6383,Physical Science,Kandy,7,7,4,0.12216832519035387,49.86700547717626,15.4
6384,Physical Science,Kandy,1,8,11,0.2665679059902822,73.56597986377432,1.0
6385,Bio Science,Galle,2,5,11,0.13963416610266532,58.690643570569,3.6
6386,Commerce,Colombo,9,8,12,0.15793814044598553,89.87329276192288,16.8
6387,Commerce,Ratnapura,5,6,7,0.3009262662162902,42.4806218750705,10.2
6388,Arts,Jaffna,1,4,9,0.26942958888386365,72.93417712563108,1.6
6389,Physical Science,Gampaha,9,6,6,0.19759619889040364,58.871662246270965,20.1
6390,Commerce,Ratnapura,1,7,14,0.05378398591450778,71.44418332209688,1.0
6391,Physical Science,Colombo,8,9,1,0.4847119492898079,68.21142247198203,18.0
6392,Bio Science,Gampaha,5,7,12,0.08730277523502561,40.02572217226608,11.8
6393,Arts,Kandy,6,7,12,0.31655862247819494,69.51010599627494,11.1
6394,Commerce,Colombo,1,6,15,0.04137238135203225,83.83580091573054,1.0
6395,Sinhala,Gampaha,2,5,15,0.3441564162728093,74.49580694430128,2.3
6396,Physical Science,Gampaha,7,8,12,0.04741989169195138,60.46844251673063,16.9
6397,Bio Science,Gampaha,2,7,3,0.11475417075299088,40.29292732179542,2.7
6398,Bio Science,RemoteArea,5,2,5,0.32349259968901894,70.11925568474781,12.6
6399,Bio Science,Ratnapura,9,7,6,0.14146759597217673,91.14160763092966,19.3
6400,Technology,UpCountry,5,2,13,0.2664254075739617,76.42803528353888,10.4
6401,Commerce,Kandy,3,7,6,0.06225269666870464,80.36578375694039,3.4
6402,Technology,Galle,6,5,2,0.10120026963310147,74.9952510915929,10.0
6403,Physical Science,Gampaha,7,7,11,0.36688795412730824,59.6038170308884,16.5
6404,Technology,Gampaha,10,6,7,0.017569430141116393,64.85731994796242,17.9
6405,Physical Science,Galle,10,4,6,0.05590010492852582,76.0278479024553,23.2
6406,Technology,Galle,8,8,3,0.10747800930531981,37.80419774401268,13.9
6407,Bio Science,Colombo,3,8,9,0.010095279552140513,74.27614573763009,4.9
6408,Bio Science,Colombo,4,7,12,0.04768934925309265,84.88376732513429,6.9
6409,Commerce,Gampaha,10,4,15,0.14069573881811492,66.72961103599769,22.0
6410,English,UpCountry,4,4,3,0.046458725791571176,73.7102967835279,7.8
6411,Physical Science,Gampaha,2,8,3,0.4330597150149332,53.18442459579764,4.6
6412,Bio Science,Jaffna,7,6,4,0.03303689525557746,62.573514842697385,14.6
6413,Technology,Jaffna,4,8,13,0.43049184958911973,62.40331486568185,7.2
6414,Bio Science,Galle,4,5,10,0.4114300430301331,71.89719036750188,7.0
6415,Physical Science,Kandy,8,6,1,0.05038079728169359,58.932115868973824,17.7
6416,Bio Science,Gampaha,6,5,15,0.012595657135955729,42.35730913578875,13.6
6417,Bio Science,RemoteArea,6,2,8,0.024996007447656954,53.22808839911665,13.5
6418,English,Kandy,9,8,5,0.2951890322868785,91.63762888536235,15.4
6419,Arts,Jaffna,4,5,11,0.3351768122442873,74.01302774137703,6.2
6420,Commerce,Gampaha,9,4,7,0.3103266956231156,32.03117774211801,18.6
6421,Sinhala,Jaffna,1,8,10,0.270738425995949,83.11728127826356,1.0
6422,Bio Science,Colombo,9,6,0,0.08734204531474454,42.7076796616754,20.8
6423,Physical Science,Colombo,1,7,14,0.42047694731763574,80.40062214591252,1.0
6424,Physical Science,Jaffna,7,5,5,0.16377746818012429,81.883512618284,14.5
6425,Bio Science,Kandy,6,8,14,0.4930890980564427,68.52535035631672,14.9
6426,Physical Science,Jaffna,7,8,5,0.19242889894709525,47.54660666412503,15.7
6427,English,Colombo,9,6,7,0.1315024219871827,52.772542901714225,16.2
6428,Arts,Kandy,10,7,12,0.44712540689086877,75.43887208944503,19.7
6429,Physical Science,Gampaha,4,4,0,0.2837070815955166,42.96773497561486,10.5
6430,Commerce,Kandy,9,9,15,0.3609252200873699,58.77160276536455,17.8
6431,Arts,Colombo,3,10,4,0.2041993916636224,69.69340972833943,4.3
6432,English,Jaffna,10,8,14,0.44345775297179507,57.23237904853797,20.6
6433,Technology,Galle,9,7,13,0.45886260649216365,87.81172073655976,17.1
6434,Commerce,Colombo,1,10,13,0.21838446555845736,50.92880841802844,1.0
6435,Arts,Gampaha,5,7,13,0.12036191768438026,17.177649031135765,11.1
6436,Commerce,Jaffna,10,4,2,0.323835692216744,49.32668848278997,20.1
6437,Commerce,Jaffna,5,7,5,0.47729216691025783,67.1518511963429,8.6
6438,Physical Science,Jaffna,1,6,8,0.31122322978647066,76.94994868302258,1.0
6439,Physical Science,Jaffna,1,7,9,0.47711121920386823,58.37417099196995,1.9
6440,Commerce,Gampaha,3,4,2,0.17190398248630728,56.84154746009759,6.7
6441,Physical Science,Gampaha,9,8,8,0.4575395353999375,63.536704167849415,20.9
6442,Physical Science,Colombo,7,8,11,0.05628341620829702,91.62868365395475,15.0
6443,Arts,Colombo,6,9,8,0.1794172094688411,69.68138429116962,10.2
6444,Physical Science,Jaffna,9,4,14,0.2472356172452721,59.608402561771875,23.3
6445,Commerce,Ratnapura,4,6,0,0.32655516912614596,90.776476473033,5.7
6446,Commerce,UpCountry,4,4,1,0.14706962247436323,60.66812357576513,6.9
6447,English,Galle,3,6,10,0.46211965021686435,33.87024846040354,5.9
6448,Bio Science,Galle,5,7,3,0.4517481045970799,40.697598590023134,11.5
6449,Physical Science,UpCountry,5,2,13,0.3996683064827812,74.87355112458113,13.1
6450,Commerce,Gampaha,10,4,10,0.05718126249586608,38.34159163043745,20.3
6451,Technology,Galle,7,4,10,0.039145475569142385,72.47076626919018,13.6
6452,Sinhala,Colombo,7,7,15,0.24906572755967088,55.800480584158116,13.5
6453,Bio Science,Ratnapura,6,8,11,0.3826718778479585,83.16574198008593,13.9
6454,Bio Science,Galle,4,4,6,0.06161794645563062,65.51269299816644,9.3
6455,English,Ratnapura,7,5,15,0.32071873346800933,42.944663862068566,15.0
6456,Physical Science,RemoteArea,2,3,11,0.2639276955511535,79.21334568991753,5.1
6457,Commerce,Jaffna,9,6,1,0.3629947098671861,80.95396327751449,15.6
6458,Bio Science,Galle,7,8,6,0.21768761308313395,43.84750035485889,16.0
6459,Physical Science,Colombo,2,8,4,0.3466482986100045,49.95816978322818,3.2
6460,Bio Science,Jaffna,10,8,9,0.07980433574203194,72.03576273939436,22.3
6461,Physical Science,Ratnapura,2,6,14,0.10729713661581441,77.22572342302378,2.2
6462,Commerce,Galle,6,7,6,0.4516670319070022,98.29868457998344,9.4
6463,English,Colombo,7,10,13,0.16468753764872818,79.86362829817325,12.9
6464,Physical Science,Jaffna,9,5,11,0.4927529074182754,100.0,21.4
6465,Technology,Colombo,4,7,8,0.023102298825046608,64.29116460898535,6.1
6466,Physical Science,Ratnapura,8,8,8,0.2479379074764535,69.75440001490024,17.8
6467,Commerce,Gampaha,10,6,2,0.16249358222317634,52.478067982321406,18.6
6468,Physical Science,Colombo,2,9,2,0.4979825185254612,53.160956131374014,4.1
6469,English,Jaffna,6,7,12,0.49501737818231,68.20650495873622,10.8
6470,Arts,Colombo,4,6,6,0.11762164592646607,54.26243750384047,6.9
6471,Commerce,Gampaha,8,8,4,0.13362843984106798,23.53870802364667,15.3
6472,Technology,Kandy,9,9,15,0.37483610935852346,57.49798977926771,18.2
6473,Commerce,Colombo,2,8,4,0.4448372156971454,78.15041188100294,3.3
6474,English,Gampaha,7,6,4,0.33184849392745924,63.09213530334947,11.2
6475,Arts,Galle,7,5,8,0.4323544775306816,65.1761422133018,12.7
6476,English,Colombo,8,9,14,0.03164622769786407,55.54832606641445,14.5
6477,Commerce,Ratnapura,5,7,3,0.3202642406982968,66.4942551708857,8.6
6478,Physical Science,Gampaha,3,6,5,0.3500854445853481,87.37987408661786,4.6
6479,Commerce,Gampaha,1,5,5,0.09515953153235623,83.51059562556262,1.0
6480,Physical Science,Kandy,4,9,12,0.38898510466230274,71.48803365155122,9.3
6481,Commerce,Gampaha,3,6,6,0.47213258485067794,50.194139340615166,4.6
6482,Bio Science,Galle,2,5,1,0.4489832461390329,87.00797094557112,3.3
6483,Commerce,Ratnapura,6,5,5,0.12248370895666949,78.38864036892423,9.1
6484,Physical Science,Gampaha,7,6,12,0.16199631898609307,43.78733959523669,17.0
6485,Physical Science,Gampaha,10,5,8,0.24980568447312312,37.6480869638488,22.1
6486,Bio Science,Kandy,7,7,2,0.07918059214028483,39.61852825390375,15.9
6487,English,RemoteArea,8,2,1,0.47697658155813777,53.09497517671241,16.4
6488,Bio Science,Kandy,2,7,12,0.08079831485541378,79.52674230182956,2.3
6489,Bio Science,RemoteArea,10,5,15,0.38071147899516794,80.66927201067905,24.2
6490,Arts,Gampaha,6,5,7,0.1707140755854643,68.61079767771946,9.2
6491,Commerce,Ratnapura,6,7,15,0.2868603988482984,65.39318881216198,11.7
6492,Physical Science,Colombo,10,8,0,0.023586912197180787,95.56962066021876,20.6
6493,Bio Science,Gampaha,1,5,10,0.10250592876866194,65.5098205671082,1.6
6494,Physical Science,Gampaha,2,6,15,0.22219561916060615,66.19521999228229,3.1
6495,English,Ratnapura,9,8,7,0.33859560862025145,55.88632140667204,16.6
6496,Physical Science,Gampaha,8,5,15,0.38878096310543986,100.0,17.6
6497,Bio Science,Gampaha,4,6,4,0.015070258881651144,72.81349865317151,6.4
6498,Physical Science,Colombo,6,10,8,0.07624510803939483,48.48267994723172,13.4
6499,Physical Science,Colombo,2,9,8,0.36489586934462687,46.7055529194765,4.5
6500,Arts,Galle,5,7,3,0.40652771290600814,36.299439449528606,9.3
6501,Physical Science,Gampaha,2,7,0,0.11828576364289306,58.54845561600362,3.1
6502,Physical Science,Jaffna,5,7,4,0.11482652350304029,39.522843000756836,11.5
6503,Bio Science,Kandy,7,9,6,0.04401471973658294,45.485958064463645,15.5
6504,Physical Science,Gampaha,7,4,8,0.07514698779850337,80.02512022591023,16.0
6505,Physical Science,Colombo,9,8,9,0.004007945941123081,77.86494469547054,19.1
6506,Technology,Gampaha,3,8,8,0.2949156198889472,86.3710296822747,3.4
6507,Arts,Kandy,4,10,8,0.4519456720447159,41.945195913214945,7.7
6508,English,Gampaha,9,5,5,0.07478804976908943,47.465197997552266,17.5
6509,Technology,Colombo,8,8,1,0.37572183172052176,51.07153080503208,14.8
6510,Commerce,Colombo,7,6,4,0.2868293431612483,86.60127436540019,12.1
6511,Physical Science,Galle,8,4,2,0.46996094630658614,61.94323177672037,19.7
6512,Arts,Gampaha,9,6,11,0.399061261235129,92.83038187695016,16.9
6513,Technology,Kandy,4,9,5,0.42636451137956427,71.91166318836403,6.9
6514,Arts,Gampaha,5,7,10,0.3195710761862834,63.31367954674686,8.9
6515,Commerce,Galle,9,6,4,0.40566805976793496,70.60756912035593,16.7
6516,Physical Science,Kandy,7,10,12,0.17543475173993045,40.05928490912051,18.2
6517,Technology,Gampaha,4,7,13,0.10450879741860986,35.68643766637601,8.6
6518,Arts,UpCountry,6,3,9,0.4562599856164822,68.38886565983515,12.2
6519,Sinhala,Jaffna,1,4,10,0.36716793903621026,65.21603065562773,2.0
6520,Physical Science,Colombo,1,9,0,0.0453514484690451,89.00426301918824,1.0
6521,Physical Science,Colombo,9,10,9,0.4334547638757269,43.81575408682312,21.8
6522,Physical Science,Galle,8,7,9,0.1744519699892363,70.08678678071279,17.2
6523,Arts,Galle,1,7,11,0.14913889527088842,75.92917849627824,1.0
6524,Physical Science,Kandy,2,6,1,0.31165678364319394,65.6421916594009,2.8
6525,Physical Science,Kandy,4,7,10,0.2842993180532318,81.48419007366655,7.0
6526,Sinhala,Kandy,1,7,4,0.26912836058274414,52.5144163405091,1.7
6527,Physical Science,Gampaha,2,8,13,0.12743859170101346,78.98347458377668,3.1
6528,Technology,Jaffna,5,6,11,0.4798868756281099,73.9228766623076,8.5
6529,Bio Science,Colombo,8,8,5,0.4750604619147666,79.9878138667631,16.8
6530,Technology,RemoteArea,6,4,13,0.0020810949612499186,58.83254644375375,12.8
6531,Commerce,Galle,6,8,0,0.16891381458385424,42.20694978672298,10.4
6532,English,Kandy,4,9,15,0.02277433203102336,58.07165654909639,6.6
6533,English,Gampaha,2,5,6,0.4251243831549538,47.05412555355011,4.1
6534,Physical Science,Colombo,3,7,2,0.4432591191483084,52.52533024564049,6.9
6535,Physical Science,Gampaha,6,7,0,0.25914914184312193,54.98575037529691,12.2
6536,Physical Science,Jaffna,6,5,6,0.4198390172303577,49.32912805705728,13.1
6537,Commerce,Kandy,5,7,6,0.35168015792689594,63.116603681979036,8.7
6538,Technology,Gampaha,6,6,9,0.24978697146421208,46.814743636246625,11.5
6539,Bio Science,Kandy,6,8,2,0.18190569949451368,59.901993650753326,12.4
6540,Commerce,Galle,1,4,15,0.1331125126632799,60.071666344352444,2.1
6541,Physical Science,Ratnapura,6,4,5,0.12971456871152598,60.681534608092136,13.9
6542,Technology,Gampaha,5,5,14,0.2810321921187957,72.90036960149801,9.8
6543,English,Galle,8,6,3,0.08340441324517284,55.22653397844278,14.6
6544,Physical Science,Kandy,9,6,13,0.08739593808647794,54.83056143517646,21.8
6545,Bio Science,Jaffna,6,4,3,0.005196670163515826,51.68207144002159,13.4
6546,Physical Science,Kandy,10,8,8,0.30666402977956186,79.34684914105104,21.4
6547,Commerce,RemoteArea,4,2,12,0.49717209283002606,85.1447254226411,7.1
6548,Commerce,Ratnapura,3,7,6,0.4446096877139618,55.27651510680066,5.2
6549,Physical Science,Gampaha,10,7,15,0.35284490221355064,65.18200310453227,25.0
6550,Bio Science,Ratnapura,1,6,5,0.3927626488832865,36.93401998023055,2.3
6551,Bio Science,Colombo,7,8,11,0.208426358131873,62.77089083848126,16.3
6552,Commerce,Gampaha,5,4,15,0.14903977745803443,45.72666751078306,11.9
6553,Commerce,Colombo,4,7,8,0.18431414094234178,56.67493829979976,7.3
6554,Physical Science,RemoteArea,9,6,12,0.040711040865024195,82.16058620893831,20.5
6555,Arts,UpCountry,7,5,2,0.31689759901481623,38.47150556708789,13.9
6556,Arts,Gampaha,10,7,11,0.08743251110633693,51.96983859217256,20.3
6557,Bio Science,Kandy,8,8,3,0.38143910558001926,48.04353859584939,18.1
6558,Physical Science,Kandy,4,7,13,0.09498823113190635,41.46719847213371,9.8
6559,Arts,Galle,10,6,13,0.11406201263366827,79.44058215882421,18.7
6560,English,Kandy,10,6,8,0.478652819688084,68.15857050701611,17.9
6561,Physical Science,Ratnapura,8,5,3,0.05269795601186378,88.63281322562185,16.2
6562,Bio Science,Galle,4,4,6,0.24942126962301492,48.07022400993547,9.9
6563,Physical Science,Jaffna,1,7,8,0.0313432537007986,37.41772941720593,1.0
6564,Commerce,Kandy,8,8,3,0.04519549604110318,75.61978228203014,13.8
6565,Physical Science,UpCountry,1,4,8,0.3167501810692135,58.58743263052465,2.2
6566,Bio Science,UpCountry,3,6,14,0.31536363152929275,60.000638836756615,5.7
6567,Commerce,Kandy,7,7,15,0.09656014066207957,89.67039614323353,12.6
6568,Commerce,Kandy,3,9,6,0.4362432576291963,65.54643543670505,4.5
6569,Bio Science,RemoteArea,8,6,3,0.3510934978414887,75.06293721114373,17.9
6570,Bio Science,Colombo,5,10,15,0.1503052914355823,58.16028972483389,11.6
6571,Commerce,Gampaha,3,6,2,0.12419327900446409,50.122830260942735,4.5
6572,Physical Science,Colombo,5,7,5,0.37714262656541436,57.01940224319494,11.4
6573,Physical Science,Galle,5,6,2,0.3668119620663019,71.05549912049298,10.6
6574,Technology,Jaffna,8,5,6,0.07441595576571886,63.763501331849234,14.0
6575,Physical Science,Colombo,9,10,0,0.17459392433513415,67.01941462349866,20.0
6576,Arts,RemoteArea,6,2,6,0.10833862332922034,23.951512162564924,13.2
6577,English,Jaffna,10,7,2,0.14707209804293658,32.77047510111201,18.7
6578,Physical Science,Galle,3,8,8,0.14378198124743613,31.69481151447144,7.6
6579,Bio Science,Ratnapura,2,6,5,0.4880118499816485,56.810592185710064,3.9
6580,Commerce,Kandy,3,9,6,0.37510568655528426,42.03510188210671,5.4
6581,Technology,Jaffna,9,8,8,0.39002602446793755,89.34482145275473,14.9
6582,English,Kandy,7,7,5,0.13871158263281058,62.17922550518761,12.3
6583,Arts,Jaffna,9,6,9,0.00026354252318422366,67.75032679353514,15.8
6584,Physical Science,Galle,6,8,10,0.02907850246099475,48.6531182540915,12.3
6585,Commerce,Gampaha,8,5,1,0.27649988332839787,43.68517863859752,14.6
6586,Bio Science,Galle,10,5,14,0.14274056944919322,90.26857955314264,22.9
6587,Bio Science,Colombo,9,7,5,0.09647730032409418,89.23618486892076,18.7
6588,Physical Science,Colombo,3,9,5,0.02482046080815936,68.73733018737254,5.1
6589,Physical Science,Ratnapura,7,6,1,0.4379408697148689,30.023782446036815,16.6
6590,Arts,Gampaha,9,5,6,0.30006367352898794,56.61782804064323,16.9
6591,Bio Science,Gampaha,2,8,13,0.05368660722412866,71.19901229738524,3.1
6592,Bio Science,Galle,7,5,11,0.3832020080482968,62.08050594919312,17.2
6593,Bio Science,Jaffna,5,6,8,0.3779127955383995,32.197508641137794,11.9
6594,Technology,Gampaha,8,7,12,0.14470182050762792,93.74273364063181,14.6
6595,Arts,Jaffna,4,5,15,0.0942134457783722,54.9675907043272,7.1
6596,Physical Science,Ratnapura,1,8,9,0.4069909380696881,44.382763089763316,1.7
6597,Physical Science,Colombo,10,8,3,0.1647823663255678,61.03685706027178,22.0
6598,Physical Science,Kandy,8,7,10,0.42371404054047845,82.76380196840758,17.2
6599,English,Kandy,6,9,4,0.0218258065238921,69.69524686818072,10.0
6600,Commerce,Galle,8,4,5,0.24964447445577498,42.76539020232362,16.9
6601,Commerce,Gampaha,3,8,0,0.08979764069980994,37.79109586672254,5.2
6602,Commerce,Jaffna,8,5,7,0.33602240661406796,30.62631904321384,15.4
6603,Bio Science,Jaffna,8,5,11,0.49860688073452347,61.12593083018986,19.8
6604,Technology,RemoteArea,1,2,12,0.20625551601346725,58.90363598410195,2.0
6605,Commerce,Colombo,4,8,8,0.05015527344597864,71.70805906969713,5.4
6606,Physical Science,Kandy,7,6,0,0.15883655973643418,49.71734635830979,15.9
6607,Physical Science,Kandy,1,8,12,0.44575324978254105,80.60561241534197,1.0
6608,Commerce,RemoteArea,3,3,3,0.3828805120519606,71.32026282938676,6.9
6609,English,Colombo,3,6,5,0.1161058309461287,51.56677531744171,5.6
6610,Bio Science,Kandy,6,7,12,0.47679935968266274,71.86761891859169,14.2
6611,Technology,Gampaha,5,4,9,0.3110939673465525,84.43458136869734,9.5
6612,Arts,Kandy,7,7,0,0.08402470015876184,45.58941075132262,13.1
6613,Physical Science,Colombo,3,7,2,0.2861610712231196,57.80008192470899,5.5
6614,Physical Science,Ratnapura,1,5,13,0.22563843383199694,63.008177115845555,1.1
6615,Physical Science,Kandy,3,9,6,0.40984883738678196,57.63427444292432,6.8
6616,Arts,Gampaha,8,4,15,0.17208001480595597,79.52844464627277,15.8
6617,Physical Science,Colombo,5,9,14,0.4374891599184732,80.21623867941196,10.4
6618,Bio Science,Gampaha,3,5,7,0.4059851932191556,69.60009786723532,6.1
6619,Commerce,Ratnapura,8,8,12,0.33730172557999993,71.3840266120404,15.5
6620,Arts,UpCountry,6,4,7,0.1293036111730867,55.06687366927508,11.7
6621,Physical Science,Kandy,3,6,4,0.485164788139889,66.9579193851847,5.8
6622,Bio Science,Galle,5,4,0,0.27433339015107683,40.72245533742721,12.1
6623,Bio Science,Gampaha,1,6,0,0.4537569891815146,97.1781301805083,1.0
6624,Commerce,UpCountry,6,5,7,0.10786494962509807,83.75399593497123,8.8
6625,Technology,Gampaha,9,6,4,0.4916891510427793,76.348050642221,17.1
6626,Physical Science,Kandy,7,10,14,0.40802961447238256,73.12506068359976,16.7
6627,Technology,Gampaha,8,5,10,0.47461344171355735,71.13773025243171,14.6
6628,Commerce,Jaffna,6,6,8,0.10618286613749367,38.64818188578053,11.3
6629,Commerce,Kandy,5,8,0,0.215329039291274,41.12082700354139,10.5
6630,Commerce,Colombo,6,7,1,0.04881696091680382,43.49045387358824,10.1
6631,Bio Science,Colombo,7,6,3,0.06848480327956052,62.37526069049,13.9
6632,Physical Science,Kandy,9,10,9,0.14197933179350075,60.277187127936585,19.9
6633,Commerce,Gampaha,8,6,10,0.47581283023662824,77.16992528790817,13.5
6634,Commerce,Ratnapura,5,6,15,0.33359584055998864,53.016784702802,9.6
6635,Commerce,Gampaha,7,4,6,0.15731615353344425,78.39920084520428,13.6
6636,Bio Science,Kandy,8,10,3,0.47728665941898746,49.19429573855033,19.3
6637,English,Galle,1,5,7,0.3698657033085492,57.23054544538102,1.0
6638,Commerce,Ratnapura,8,5,15,0.4534895066221557,80.93167134688026,15.1
6639,Physical Science,Gampaha,7,7,6,0.46361039691954914,70.56981880357391,15.6
6640,Bio Science,Galle,2,8,4,0.3753848749560408,43.22816016858703,4.5
6641,Arts,Kandy,2,10,6,0.12156671489579302,78.96090934690565,2.0
6642,Arts,Colombo,6,8,7,0.498294477559487,64.83479448980151,11.6
6643,Bio Science,Galle,3,7,2,0.16254542003081823,28.866901387058242,6.9
6644,Technology,Gampaha,1,5,2,0.3358528747838593,48.35977137729779,1.0
6645,Physical Science,Gampaha,8,8,1,0.4224058474789005,54.35560215869911,18.8
6646,Bio Science,RemoteArea,7,6,3,0.08757549721232816,43.95992359038036,15.5
6647,Technology,UpCountry,4,2,10,0.3045208399724043,85.14068965077871,7.4
6648,Technology,Gampaha,1,5,3,0.18758638846412895,55.87861726591191,1.0
6649,Commerce,Colombo,2,6,14,0.12214453481958182,73.90274471717667,2.0
6650,Technology,Gampaha,9,7,13,0.005885906378156003,69.59881494788709,16.4
6651,Physical Science,Ratnapura,4,8,14,0.4359870318989857,77.58618070254639,9.1
6652,Technology,Ratnapura,3,7,12,0.06794077361342771,91.09575962347503,2.9
6653,Bio Science,Gampaha,8,4,3,0.4390585803424272,71.63550825607993,18.7
6654,Physical Science,UpCountry,4,3,1,0.30034529940422405,86.63921264278345,7.6
6655,Physical Science,Galle,7,8,6,0.3105277772575206,73.53377878846058,14.6
6656,Bio Science,Kandy,5,7,9,0.41432589712877255,66.47297915906712,10.1
6657,Physical Science,Kandy,5,9,2,0.2547205733373903,65.82184156260791,10.4
6658,Bio Science,Ratnapura,6,6,11,0.1786422840671711,26.119471934884444,14.6
6659,Physical Science,Colombo,4,7,14,0.06940334199626014,60.17266809327757,8.3
6660,Physical Science,Ratnapura,2,5,9,0.28520769060405604,62.34626167004535,3.0
6661,Commerce,Galle,6,5,0,0.27658352712553946,66.57081453333564,9.5
6662,Bio Science,Colombo,5,10,1,0.14694824283364288,60.11735570967877,10.4
6663,Bio Science,Galle,3,7,4,0.3000284628267406,67.00813971542031,5.5
6664,Arts,Kandy,4,9,8,0.21968344298418147,44.15215082671927,7.0
6665,Technology,Colombo,3,10,3,0.40276507695673547,37.77985691635183,6.0
6666,Arts,Colombo,3,7,5,0.2797431288132557,44.75301735546624,5.1
6667,Bio Science,Kandy,4,7,2,0.4668392931734144,84.56791661274616,7.5
6668,Arts,UpCountry,2,4,8,0.25899148419248913,44.98151712956454,5.0
6669,Physical Science,Jaffna,4,5,1,0.4437476515786181,48.670924934023155,8.7
6670,Physical Science,Gampaha,10,4,7,0.2602625690070511,65.07730217430239,23.6
6671,Bio Science,Kandy,2,7,14,0.27901740182016654,43.125655847609764,4.6
6672,Technology,Gampaha,10,6,14,0.18340399772779337,53.91482758940242,20.0
6673,Physical Science,RemoteArea,8,2,10,0.2000845617302811,75.15172694551144,19.2
6674,Physical Science,Jaffna,10,6,13,0.4665507436458061,59.92936399764534,25.2
6675,Physical Science,Kandy,5,8,13,0.11164120099026875,91.75229349101905,10.8
6676,Technology,Gampaha,7,7,2,0.06072886083641249,35.52165897114477,12.9
6677,Commerce,Kandy,4,10,7,0.41510545590197045,58.31595215128455,7.4
6678,Physical Science,Gampaha,10,6,2,0.28845539987243984,54.43332843272842,21.9
6679,Commerce,Ratnapura,6,5,10,0.14232365723073637,64.86598768464401,10.8
6680,Commerce,Gampaha,10,7,11,0.21620011014484647,47.09854603831822,21.1
6681,Commerce,UpCountry,4,2,11,0.2624526133886334,56.79283182734795,8.6
6682,Physical Science,Kandy,6,10,3,0.29607012841821734,73.33685145981099,13.0
6683,Technology,Ratnapura,1,7,14,0.41052551146923677,62.958980336806015,1.0
6684,Bio Science,Galle,6,6,7,0.19717616372800773,47.45408142189842,13.0
6685,Commerce,Colombo,6,9,9,0.3382515566132158,95.70075389849097,9.1
6686,Physical Science,Colombo,2,7,3,0.4173834868820703,62.236497160005655,4.0
6687,Bio Science,Colombo,10,7,10,0.42188672797901455,74.20015934927781,23.0
6688,Bio Science,Kandy,10,7,8,0.1271226025182121,75.46216468802723,21.5
6689,Commerce,Kandy,9,10,8,0.17508652212506154,62.938632658233864,15.6
6690,Physical Science,Gampaha,6,7,5,0.29745301713110717,50.65384543178974,12.8
6691,Arts,Jaffna,7,7,0,0.4428861956234731,62.98796513861172,12.8
6692,Physical Science,Gampaha,2,6,8,0.3952230433459478,53.49832554772459,3.8
6693,Commerce,Galle,2,4,8,0.29198145070811077,69.57353194922041,3.6
6694,Technology,Colombo,2,7,13,0.49186681531192195,64.03639490010956,2.6
6695,Commerce,Galle,10,4,12,0.2194936147117208,81.44122514510525,21.9
6696,Arts,Jaffna,9,4,6,0.42122528559312344,45.87749311485149,18.5
6697,Commerce,Jaffna,3,5,8,0.4092101899864731,74.77775384664842,3.9
6698,Bio Science,Gampaha,4,5,7,0.45401915583514096,72.70670402645973,8.7
6699,Technology,Jaffna,1,6,8,0.49383917751260614,60.414650653026605,1.0
6700,Physical Science,Ratnapura,1,8,8,0.24784834878991446,74.9529331610494,1.0
6701,Commerce,Galle,4,5,6,0.09781482435169636,69.28339302634132,5.4
6702,Arts,Ratnapura,2,4,5,0.2304476784140756,72.50727669053572,3.8
6703,Bio Science,Colombo,8,8,1,0.426942438492716,69.55274165196053,18.1
6704,Bio Science,Kandy,4,9,12,0.4180533171277157,66.75180558514748,8.4
6705,Bio Science,Jaffna,3,6,6,0.16798495379340483,54.05693553894402,5.5
6706,Technology,Ratnapura,3,5,0,0.023653403479336865,50.883671851504566,3.9
6707,English,UpCountry,6,3,5,0.2549210489131218,59.280303693285525,11.8
6708,Commerce,RemoteArea,6,6,5,0.23705046453940604,75.14715028468747,10.8
6709,Commerce,Kandy,6,8,15,0.042881988888565814,76.98373322890652,10.6
6710,English,Gampaha,6,5,11,0.3974449778617974,80.58972215909756,12.0
6711,Physical Science,Jaffna,8,4,14,0.14179513696927554,83.5941733065105,20.7
6712,Physical Science,Gampaha,8,4,6,0.32287604608705694,59.745099776269186,19.9
6713,Arts,Gampaha,9,6,1,0.050743931327499825,89.93632515157555,15.8
6714,Technology,UpCountry,1,6,13,0.4303515864548014,64.94029926834946,1.3
6715,Technology,UpCountry,10,4,13,0.3696372515775816,59.09155307382635,23.1
6716,Bio Science,UpCountry,8,6,12,0.19421135448933285,70.99999470290996,19.2
6717,Physical Science,Colombo,5,6,11,0.3147444746616173,72.75567956441272,11.5
6718,Bio Science,Colombo,3,7,3,0.09372694634278739,50.376599408925095,6.0
6719,Physical Science,Colombo,10,9,1,0.49271124547947254,58.1202199644783,22.8
6720,Physical Science,Gampaha,3,5,13,0.39805402104685933,59.795428678697604,6.9
6721,Arts,Gampaha,6,4,3,0.3944700015345135,63.62314361541164,12.8
6722,Physical Science,Gampaha,8,4,2,0.07669010878893806,72.93788520509467,18.1
6723,Technology,Kandy,10,7,1,0.008866762446931076,56.511360850744474,17.7
6724,Bio Science,Galle,2,5,1,0.29268568388481664,69.09072482798406,2.8
6725,Commerce,Jaffna,9,4,2,0.07206030591990548,40.16728624854363,19.0
6726,Physical Science,Galle,5,5,9,0.3902167282444225,77.84678737162248,10.1
6727,Bio Science,Ratnapura,5,7,11,0.20803807008912312,58.69854464612701,10.9
6728,Physical Science,Ratnapura,1,7,3,0.16929712449371587,54.431077810176156,1.0
6729,English,Galle,6,6,6,0.036824631230855276,69.00509840029868,9.3
6730,Technology,Kandy,5,9,3,0.4980325399723108,68.29352147343795,8.4
6731,Bio Science,Kandy,7,6,10,0.47800539019343985,63.31538030081218,14.9
6732,Physical Science,Ratnapura,7,4,6,0.06579845390342554,49.668019410064005,17.1
6733,English,Colombo,4,8,3,0.1664058020907459,54.306466090237606,6.4
6734,Bio Science,Kandy,5,10,2,0.19539376901230332,62.42863625812102,10.6
6735,Physical Science,Galle,10,6,7,0.1484005390577977,70.84761714881779,20.8
6736,Commerce,UpCountry,8,6,2,0.4672342798274223,48.65576373469385,15.8
6737,English,Kandy,2,10,10,0.3606709145110424,55.39786878732228,2.8
6738,Physical Science,Kandy,1,7,14,0.4779582027970325,70.94415453337936,1.2
6739,Physical Science,Galle,6,7,7,0.43725270126204896,62.25158110308274,14.0
6740,English,Kandy,4,10,1,0.37727075973458646,62.697474246499866,6.8
6741,Physical Science,Kandy,10,7,12,0.34848355353993915,26.783383857241354,27.2
6742,Physical Science,UpCountry,3,4,13,0.43308124548974064,62.07631598496133,7.2
6743,Commerce,Galle,7,6,2,0.3420749483957276,73.79904208738657,12.1
6744,Technology,UpCountry,8,6,3,0.0943598994905755,52.26187544370058,13.5
6745,Bio Science,Colombo,4,7,2,0.324063258214049,68.29788366536503,8.1
6746,Sinhala,Kandy,10,6,5,0.25750081997428664,44.36883033332309,19.1
6747,Commerce,Galle,6,7,8,0.4909473385476633,40.55822396193317,11.1
6748,Physical Science,Colombo,2,10,9,0.2549827735329348,70.76726368916955,4.0
6749,Sinhala,Galle,8,4,7,0.019227491575521838,62.68302571810571,15.3
6750,Bio Science,Colombo,6,9,3,0.13209475538282173,56.46169573658503,11.7
6751,Physical Science,Galle,9,4,1,0.4586908802273828,73.19699625239117,21.9
6752,Commerce,Kandy,6,7,9,0.48117816522331813,59.82238873609853,11.3
6753,Bio Science,Colombo,6,10,0,0.36424928832038567,50.510711271711315,13.2
6754,Physical Science,Gampaha,2,4,10,0.0284319493934852,53.88769990397482,5.0
6755,Physical Science,Jaffna,5,4,3,0.011770693873132898,47.21482228841363,11.5
6756,Bio Science,Kandy,9,6,15,0.23979750139955008,74.49971559863006,21.3
6757,Technology,Gampaha,1,8,4,0.4998361532804425,57.31852907329001,1.3
6758,Commerce,Galle,4,5,15,0.4346483687497026,84.63781413815131,7.0
6759,Sinhala,Kandy,10,7,15,0.466553810440999,23.21502496242863,22.0
6760,Physical Science,Kandy,10,6,1,0.31177075249645975,74.34260407291237,21.9
6761,Physical Science,Ratnapura,3,5,13,0.42956236412575066,71.8944442315009,6.1
6762,Physical Science,UpCountry,1,5,12,0.15984918719859625,64.63763823636958,1.0
6763,Physical Science,Colombo,1,7,15,0.013682001725515702,48.12880100582157,1.0
6764,Physical Science,Kandy,1,6,12,0.45912531411131347,41.10184019239558,1.1
6765,Arts,Galle,1,7,14,0.10921531232446624,78.2663593560203,1.0
6766,English,Colombo,2,10,2,0.3642431774706149,64.63219910755765,1.9
6767,Sinhala,Kandy,5,8,12,0.3294836574385769,69.34828098102655,9.4
6768,Physical Science,Colombo,2,7,3,0.07908177420982859,59.96293738582264,2.6
6769,Technology,Galle,4,7,2,0.09788949826557325,73.7471144940421,6.4
6770,Bio Science,Kandy,9,8,7,0.16453624071489792,54.71192234548326,19.2
6771,Physical Science,Galle,3,8,13,0.37846532647429226,61.45392280110211,6.3
6772,Technology,Galle,2,6,12,0.019622122348283366,63.35106611612472,2.2
6773,Commerce,Kandy,4,10,10,0.20353437014428388,61.7951017090488,6.6
6774,Physical Science,Jaffna,9,4,11,0.33255660314428315,85.54858736898686,24.0
6775,Bio Science,Kandy,4,6,1,0.08573547296931655,41.683430920891034,7.4
6776,Physical Science,Gampaha,5,8,8,0.05970863628881928,34.68144222845717,10.6
6777,Arts,Kandy,4,8,10,0.19510612053110665,43.189606448956326,7.9
6778,Bio Science,UpCountry,8,3,5,0.143279608930851,72.75476426787148,18.1
6779,Sinhala,Gampaha,4,6,0,0.32454783211754945,58.48838064721324,6.9
6780,Physical Science,Gampaha,2,6,14,0.48478426826063986,43.01919194304128,4.2
6781,Bio Science,Gampaha,4,5,7,0.0022344679645750487,64.99497545524129,6.7
6782,Bio Science,Gampaha,2,6,9,0.4511899562302795,59.64021935300642,3.3
6783,Commerce,Ratnapura,9,6,5,0.21661151819524627,70.89241894281179,17.1
6784,Bio Science,Gampaha,8,7,3,0.33200386463382736,73.41399605167194,16.8
6785,Arts,Gampaha,9,8,5,0.4255135164224036,100.0,15.4
6786,Technology,Kandy,4,6,1,0.28672933056106215,42.767737697983,7.0
6787,English,Gampaha,1,8,0,0.048655913595668954,32.05859760901954,1.5
6788,Technology,Kandy,3,8,11,0.07029758785410029,74.33676315379181,4.6
6789,Technology,Galle,7,5,5,0.3946400211597606,77.30068955535194,12.3
6790,Commerce,UpCountry,1,3,7,0.11454911572211646,44.36458422568484,1.0
6791,Technology,Kandy,8,6,12,0.28451880806621693,46.879067710529306,16.0
6792,Bio Science,Ratnapura,9,4,4,0.21404025623938971,67.16549430515435,20.7
6793,Bio Science,RemoteArea,8,2,7,0.15181949140456408,89.21724228650439,18.6
6794,Bio Science,Jaffna,5,5,15,0.3934837820611937,54.350868748650484,11.5
6795,Bio Science,Gampaha,9,6,2,0.36560832611240945,62.306001930186085,21.1
6796,Physical Science,Colombo,4,6,12,0.3230544422358298,37.51282909877742,10.0
6797,English,Colombo,9,6,5,0.18633568421161262,59.521216883954025,17.0
6798,Bio Science,Colombo,1,7,0,0.11323516201064232,58.29528376022919,1.8
6799,Physical Science,Ratnapura,3,6,12,0.2579474754990699,88.01310668106261,4.7
6800,Commerce,UpCountry,4,2,2,0.4085520501643851,50.399833093915355,7.8
6801,Physical Science,Kandy,10,8,3,0.28783248519209703,71.79615590738288,22.3
6802,Physical Science,Jaffna,1,7,4,0.4850698215974977,50.423571512283196,2.2
6803,Physical Science,Galle,6,4,2,0.007718744031198654,62.35498391756744,13.5
6804,Bio Science,Galle,4,4,7,0.49917339069431144,94.65981781047586,9.0
6805,Bio Science,Galle,4,5,4,0.3457045231793446,88.89652143982462,7.9
6806,Arts,RemoteArea,1,5,6,0.4163370085954992,92.40851907335596,1.0
6807,Arts,Gampaha,5,7,4,0.16747618388372765,67.96358311942096,7.8
6808,Bio Science,UpCountry,9,5,13,0.25417066404327776,63.346063046166954,22.1
6809,Bio Science,Jaffna,6,8,15,0.3984946239421657,71.77388522441045,13.5
6810,Bio Science,Ratnapura,8,5,7,0.3803247361834933,70.49072408759294,16.9
6811,Arts,Jaffna,4,5,0,0.16701721443963796,65.83972084633973,6.8
6812,Physical Science,Jaffna,9,4,2,0.16220511751190148,50.32920188568903,20.7
6813,Physical Science,UpCountry,7,3,2,0.33140560145606557,49.726603256456656,17.4
6814,Arts,Gampaha,7,4,9,0.4668295907359973,55.55613127294583,14.4
6815,Bio Science,Kandy,8,6,9,0.21939299533706502,80.55473140479853,17.2
6816,Physical Science,Ratnapura,2,8,2,0.176470899654608,78.68555689970698,2.2
6817,Physical Science,Gampaha,6,5,15,0.4473435181180909,100.0,13.6
6818,English,Ratnapura,7,5,5,0.34152803072829035,68.88468657398722,12.3
6819,Technology,Kandy,3,10,8,0.1941379898530412,52.17356309897657,5.4
6820,Arts,Galle,8,8,12,0.02863811542389727,58.81664879262073,15.6
6821,Bio Science,Colombo,1,7,15,0.36074463602389245,65.13746744614475,1.0
6822,Commerce,Kandy,1,7,11,0.17644324534519001,88.09372934439432,1.0
6823,Sinhala,Colombo,10,6,5,0.035283098886179864,73.4940822669789,17.8
6824,English,Colombo,3,8,4,0.3061445436231884,41.79787090003698,5.2
6825,Physical Science,Kandy,6,6,11,0.1615034352469219,64.6473463177681,13.4
6826,Technology,Ratnapura,7,7,0,0.1692282541552647,37.92785202082186,13.5
6827,Physical Science,Kandy,2,9,1,0.23958506537394636,69.38716920432338,2.5
6828,Physical Science,Ratnapura,6,6,15,0.35873738366422747,56.89788308304297,14.0
6829,Commerce,Colombo,5,10,10,0.13816523881814707,55.8314887670192,8.7
6830,Bio Science,Kandy,6,9,0,0.04047295788945049,31.819030180114225,13.3
6831,English,Kandy,1,10,11,0.2122128607197531,76.85227607618435,1.0
6832,Physical Science,Ratnapura,10,8,5,0.027462711558197184,80.63000073074392,20.9
6833,Commerce,Kandy,7,6,2,0.3486342549461082,50.605866062679944,13.2
6834,English,Galle,8,8,11,0.4796217339612871,63.06977566190512,16.1
6835,English,Jaffna,7,6,12,0.32937940382406583,58.81039607195558,13.9
6836,Physical Science,Colombo,9,6,4,0.1376952248754268,58.72610170385246,20.0
6837,Bio Science,Kandy,1,8,5,0.09085119376880174,50.205169251761205,1.1
6838,Commerce,Jaffna,10,8,4,0.11639178565004493,45.49623050034522,18.8
6839,Physical Science,Ratnapura,9,7,2,0.11080500158406076,81.5292956878775,17.4
6840,English,Galle,3,8,1,0.15691525302225784,20.904267500623654,5.6
6841,English,UpCountry,2,4,1,0.04867333906407245,68.06171403522194,3.1
6842,Physical Science,Galle,6,5,11,0.4478595288232176,69.74998336950922,14.2
6843,Physical Science,Galle,5,5,1,0.4425602476647539,85.30878411035897,10.6
6844,Physical Science,Jaffna,4,7,15,0.3076181267840975,63.95421195722438,8.3
6845,English,Kandy,4,8,9,0.03096018343651258,58.930456370096664,6.1
6846,Physical Science,Jaffna,8,7,3,0.40200037036088304,49.37308369400008,18.6
6847,Bio Science,Galle,10,4,3,0.03089429186912268,66.83345533760149,23.2
6848,Bio Science,Jaffna,3,8,11,0.053210611881565895,54.87652661056722,5.4
6849,Commerce,Gampaha,1,4,2,0.16264819632213506,44.06821859590689,1.8
6850,Physical Science,Gampaha,5,5,7,0.2157351588327801,52.443741353374136,10.7
6851,Physical Science,Galle,8,8,14,0.17694447835765958,52.79780251548736,19.2
6852,English,Ratnapura,3,4,3,0.08261489048918197,46.41064961148379,5.2
6853,English,Jaffna,2,5,7,0.05606485884088708,64.77963296962908,1.6
6854,Arts,UpCountry,1,2,10,0.42970761335220825,62.08195106581683,1.6
6855,Physical Science,Jaffna,4,8,2,0.18159061297596402,69.24389040258451,8.0
6856,Bio Science,RemoteArea,2,2,10,0.10929968905575427,67.20844814572041,3.5
6857,Commerce,Jaffna,8,8,14,0.24349567831168772,48.95917426333969,17.0
6858,Physical Science,Ratnapura,10,4,15,0.018411700268975872,35.66173841728646,27.9
6859,English,Galle,9,7,11,0.3001405911661252,49.65762298207315,18.2
6860,Commerce,Colombo,10,6,1,0.12424479342479905,71.95649696010099,17.5
6861,Physical Science,Gampaha,1,4,13,0.2990982070656622,77.61664813859556,2.5
6862,English,Gampaha,2,7,7,0.3070625822229345,78.27016279280325,2.5
6863,English,Colombo,6,7,5,0.40461209567932305,75.06909944420164,10.1
6864,Physical Science,Gampaha,10,8,14,0.11495237780473694,83.30718316566721,23.4
6865,Commerce,Gampaha,7,6,1,0.2317323193096401,66.59474576224386,12.0
6866,Bio Science,Kandy,2,7,6,0.4809436690958938,90.04411476396085,2.3
6867,Bio Science,Galle,8,8,11,0.36356242204231004,69.90475871595325,19.7
6868,Physical Science,Colombo,10,6,9,0.4876719040087792,94.48895726677596,21.9
6869,Commerce,Colombo,9,7,6,0.46368285653855196,53.6041713792641,16.8
6870,English,Jaffna,8,4,3,0.305374298403216,51.720908610528326,16.4
6871,Commerce,Jaffna,9,5,7,0.1319651779410717,60.61426173769942,16.1
6872,Physical Science,UpCountry,6,3,14,0.3784620783312083,66.4378081927936,17.1
6873,Commerce,Ratnapura,7,6,2,0.3490596229061464,56.181339686097395,12.7
6874,Bio Science,Galle,6,7,15,0.29444506017869887,75.59501816944666,14.0
6875,Technology,Kandy,7,7,12,0.3489146142456505,64.4651907497769,14.0
6876,Bio Science,Kandy,3,6,8,0.3067932072726255,54.89237087572901,5.9
6877,Physical Science,Ratnapura,4,6,14,0.2596895115364232,61.05957671400117,9.1
6878,Physical Science,Gampaha,9,5,13,0.2079777408416716,84.76434762625156,21.2
6879,Arts,Colombo,3,9,14,0.02235418728872024,71.75748766725063,5.3
6880,Physical Science,Colombo,2,6,11,0.43284395955159055,40.35584662636512,4.6
6881,Arts,Kandy,7,8,10,0.4327702912998729,87.65936629004243,10.6
6882,Physical Science,Galle,6,8,4,0.29702365998446106,68.50262914566379,13.8
6883,Bio Science,Jaffna,3,7,2,0.13394215257907705,70.58696186261214,4.9
6884,Bio Science,Kandy,6,10,8,0.01406552201944622,77.93607151666089,11.9
6885,English,Kandy,7,10,13,0.000714402083487109,81.2109816798768,12.2
6886,English,Gampaha,6,6,1,0.036453694861269426,46.71329613196223,10.2
6887,Physical Science,RemoteArea,1,4,1,0.1799431631755825,44.446778183643865,2.2
6888,Bio Science,Kandy,1,8,2,0.09419797299853888,96.94601784586253,1.0
6889,Physical Science,Colombo,9,10,8,0.13252904281876177,53.528833762821456,19.7
6890,Commerce,Colombo,6,6,10,0.349830188652466,70.67980205157046,10.6
6891,Bio Science,Kandy,2,8,9,0.4795748871795788,88.97197450189361,2.0
6892,English,Kandy,1,9,2,0.10338792151001625,54.347410636779706,1.0
6893,English,Ratnapura,2,6,4,0.23282196706824476,56.598163395040245,3.7
6894,Bio Science,Galle,8,6,15,0.49573970074970514,81.39696129971689,19.3
6895,Bio Science,Jaffna,5,6,8,0.4658371991170894,67.19310808365228,10.0
6896,Technology,Jaffna,7,8,9,0.1761581515146156,71.92668682148867,12.2
6897,Technology,Ratnapura,7,4,5,0.1598445233990416,61.29360135528085,14.3
6898,Physical Science,Gampaha,2,6,5,0.121085320168624,54.60450785426359,3.9
6899,Bio Science,UpCountry,4,6,10,0.07770142491454446,60.00588333346924,7.8
6900,Bio Science,Galle,2,7,0,0.23002603956438916,77.90963871131991,3.0
6901,Physical Science,Colombo,7,6,10,0.17056025670337377,60.565718163703515,15.5
6902,Physical Science,Colombo,5,10,1,0.37241879693519747,66.93085508580862,10.8
6903,Physical Science,Gampaha,1,5,8,0.11843325191525556,49.467993961183375,1.1
6904,Commerce,Gampaha,2,7,7,0.36816611951002454,94.1041871437273,1.3
6905,Physical Science,Jaffna,6,7,1,0.1440732929909872,65.28312215532058,13.0
6906,Physical Science,RemoteArea,4,3,4,0.2963643923237796,67.09418095435055,9.2
6907,Physical Science,Gampaha,7,8,4,0.31921504819736557,75.89418090374582,16.2
6908,Technology,Ratnapura,2,8,5,0.3358907127501664,55.28656341747171,2.5
6909,Technology,Galle,2,7,3,0.08766949301863086,79.40622189885381,1.9
6910,Bio Science,Ratnapura,6,8,8,0.14135568486084715,41.255424736661894,12.7
6911,Bio Science,UpCountry,8,3,4,0.1230578427026166,52.78369307264799,18.9
6912,Sinhala,Jaffna,1,8,3,0.28808020550774016,49.48158376265591,1.0
6913,Physical Science,UpCountry,5,5,13,0.03787320113568343,38.29103286912988,11.2
6914,Physical Science,Colombo,1,10,8,0.25912822498042504,56.06972421786614,1.0
6915,Physical Science,Ratnapura,6,4,1,0.0437335278215209,59.72072568727555,14.2
6916,Physical Science,Gampaha,7,5,10,0.1685279949665569,48.6512222158763,15.4
6917,Bio Science,Gampaha,6,5,10,0.3433530464755577,46.485151905587784,14.1
6918,English,Gampaha,9,6,15,0.20628202750588437,68.11612771343125,17.2
6919,Commerce,UpCountry,3,6,1,0.1401709196911139,59.30012730658804,4.7
6920,Bio Science,Galle,8,5,12,0.3079285879495172,62.013834075025045,19.2
6921,English,Jaffna,3,8,15,0.3701345562410558,48.508023835650725,6.1
6922,Physical Science,Colombo,7,6,2,0.12729246738629812,55.08194548286971,15.6
6923,Physical Science,Jaffna,5,7,9,0.1496999505479386,54.50588446510771,11.0
6924,Commerce,Jaffna,1,7,3,0.32014695847554303,62.788178066373796,1.0
6925,Commerce,Gampaha,4,6,11,0.4826116300902926,57.11751560995272,8.3
6926,Physical Science,UpCountry,9,4,9,0.10693576833488783,63.91869081182444,20.4
6927,Bio Science,Colombo,8,7,8,0.3271238178556048,44.33773586787998,18.6
6928,Commerce,Colombo,3,7,12,0.45329492053419407,45.04729726403147,5.9
6929,Commerce,Ratnapura,2,5,4,0.23098338252218065,70.36309997009919,2.5
6930,Commerce,Galle,9,4,1,0.1584221132476623,71.98028624431772,17.4
6931,Bio Science,Kandy,1,8,2,0.3334355326032707,55.10913805261349,1.0
6932,Physical Science,Gampaha,9,6,7,0.015715903240393125,63.91454191561606,19.0
6933,Bio Science,Colombo,7,9,5,0.18008027526668702,55.7543020687641,15.3
6934,Physical Science,Ratnapura,2,6,12,0.12898701340855678,82.4583859967955,2.4
6935,English,Colombo,5,8,4,0.11231085138921398,58.95348549077875,8.7
6936,Bio Science,Gampaha,2,4,3,0.08987963176348163,54.01686520695382,5.2
6937,Bio Science,Colombo,5,7,3,0.36853165079297695,75.99448279604677,10.2
6938,Arts,Colombo,7,6,15,0.47754989766298217,55.888795399666854,14.3
6939,Bio Science,Galle,5,8,7,0.19238532266097141,65.84924504759897,10.7
6940,Bio Science,Kandy,2,9,11,0.024551653454020494,49.77295015982717,3.4
6941,Technology,Jaffna,5,7,5,0.3594559068362889,72.46824429912152,8.2
6942,Technology,Ratnapura,10,7,4,0.26910216723179475,74.23128289316737,17.4
6943,Commerce,Gampaha,6,5,4,0.361822306922904,42.66959302512498,11.7
6944,Physical Science,Gampaha,5,5,5,0.3239520820994532,40.83037312040937,11.2
6945,Commerce,Colombo,2,7,14,0.45271799048173833,71.32812555270574,3.3
6946,Arts,Colombo,6,9,12,0.07022009636345872,95.11228483842984,9.2
6947,Physical Science,Galle,6,7,10,0.08458092262987077,78.2595660859072,11.7
6948,Physical Science,UpCountry,2,5,10,0.17078461201156853,61.81497799121582,3.6
6949,Technology,Ratnapura,4,8,2,0.24569440799872638,48.18548088786247,7.0
6950,Physical Science,Gampaha,7,8,6,0.4628568905038604,44.758176607098775,15.6
6951,Arts,UpCountry,1,5,0,0.4534821146749803,70.75611537921621,1.0
6952,Bio Science,Ratnapura,1,5,4,0.43593605963468857,75.84161178036553,1.0
6953,Bio Science,Kandy,6,7,5,0.11126346697179595,53.032609072119,13.3
6954,Physical Science,RemoteArea,7,6,12,0.3648381886068428,62.29907733434572,16.4
6955,Technology,RemoteArea,5,6,13,0.1917458720452297,67.20434507172055,9.5
6956,Bio Science,Gampaha,10,7,14,0.46559146377054017,94.19269688292243,23.9
6957,Commerce,Colombo,8,9,1,0.10726791818927855,61.47729737814642,14.3
6958,Commerce,Colombo,4,7,1,0.0706289766019797,45.78572217616936,6.6
6959,Arts,Galle,3,6,8,0.4211925873167564,46.65036544051543,5.3
6960,English,UpCountry,7,3,1,0.35845379755950413,46.83163590195487,14.7
6961,Commerce,Kandy,4,7,2,0.41071083911191497,79.96033013946348,6.5
6962,Bio Science,Galle,1,7,0,0.07897169383906383,67.69710598618437,1.0
6963,English,Jaffna,8,6,8,0.4423963438747315,58.81759519992458,15.7
6964,Commerce,Jaffna,5,6,0,0.33881017832356825,16.120550457032316,9.8
6965,Physical Science,Galle,8,7,3,0.3257804014492883,48.71051792512691,18.7
6966,Physical Science,Jaffna,8,4,6,0.29129193154902744,68.15954140662393,19.3
6967,Technology,Kandy,5,9,1,0.3824382427955882,65.78251421754965,9.2
6968,Bio Science,Colombo,8,10,7,0.2078041569403118,68.65188610256935,17.4
6969,Commerce,Jaffna,7,6,12,0.06641062296658362,45.790428162584604,14.0
6970,Bio Science,Gampaha,3,7,7,0.2696324332470983,66.15502085837832,5.7
6971,Physical Science,Colombo,4,7,11,0.3740509788867811,50.86134260416025,8.8
6972,Commerce,Galle,7,5,13,0.07682372644383006,66.52836541253293,13.3
6973,Physical Science,Jaffna,4,5,2,0.11201033380560105,49.48338575558524,9.8
6974,Bio Science,UpCountry,6,5,3,0.3482728110330893,77.55647904999182,13.3
6975,Commerce,Colombo,2,6,10,0.13482546704864107,70.06170445986376,1.5
6976,Bio Science,Kandy,2,10,6,0.08497043029330048,60.851509741548085,2.0
6977,Arts,Colombo,3,7,4,0.44469603865264923,82.70566494436142,4.2
6978,Technology,UpCountry,10,5,4,0.0804476780270778,56.41261231072225,18.8
6979,Arts,Ratnapura,7,4,1,0.17207428952367132,39.27390501929321,14.5
6980,Physical Science,Jaffna,3,6,5,0.21421514619927218,78.33810303396504,6.0
6981,Physical Science,Galle,3,6,3,0.2380699927951982,65.28314788022723,5.1
6982,Commerce,Gampaha,4,8,4,0.18065496291024308,57.21984227970155,6.6
6983,English,UpCountry,10,5,14,0.45626924969956534,57.34382074846998,20.8
6984,Technology,Galle,6,7,10,0.32931261058812733,72.66175314761256,10.6
6985,Technology,Colombo,1,7,15,0.1797473246113513,79.7045256650625,1.0
6986,Bio Science,Ratnapura,6,4,4,0.17885985976880997,50.499276218211875,15.2
6987,Bio Science,Colombo,8,10,1,0.2514762495923738,68.9801030553749,17.3
6988,Bio Science,Colombo,8,6,7,0.016831602084816655,67.2590915175256,17.6
6989,Physical Science,Galle,6,8,10,0.4633214194164798,52.55870833960792,13.7
6990,Physical Science,RemoteArea,6,5,0,0.11165468885702112,60.05787645047595,13.3
6991,English,Ratnapura,3,7,13,0.3487962828444433,58.300211289598394,5.9
6992,Physical Science,Gampaha,2,8,1,0.38886137350286504,79.10507306617413,3.0
6993,Physical Science,Kandy,7,6,6,0.4136915075936547,53.26624090800487,15.5
6994,Physical Science,Ratnapura,8,6,14,0.0828211549337548,89.63310694194297,18.1
6995,English,Gampaha,10,6,14,0.2683465348778693,68.97117145993543,20.5
6996,Commerce,Gampaha,6,5,6,0.04183718106993506,36.81730419802337,10.1
6997,Commerce,Kandy,5,7,1,0.4023961726567777,27.903220922781898,9.6
6998,English,Jaffna,4,4,0,0.24322576697919523,56.87089284463645,8.4
6999,Bio Science,Jaffna,1,7,13,0.07924452946173888,86.50439280662508,1.0
7000,Commerce,Colombo,9,6,14,0.35933947280403183,85.45929766657466,16.9
7001,Physical Science,Galle,10,8,12,0.16558492437598893,68.49469617890384,23.9
7002,Physical Science,Jaffna,4,6,9,0.057253301880053786,53.4439714610212,7.9
7003,Technology,Galle,2,5,0,0.2305369124968238,53.74051884300965,2.5
7004,Arts,Gampaha,4,4,13,0.11762329935485738,69.6102491581989,8.0
7005,Bio Science,Galle,5,4,0,0.47511091786872117,76.30959725446189,11.2
7006,Bio Science,Galle,2,8,5,0.18068082890338866,71.03799664995607,3.7
7007,Commerce,Gampaha,7,7,9,0.28622645257325,79.02426849295983,11.6
7008,Physical Science,Gampaha,3,7,11,0.4741804992285309,75.1551198578806,5.2
7009,Physical Science,UpCountry,8,4,6,0.1968605932839803,77.08327360420996,19.1
7010,Physical Science,Jaffna,4,5,15,0.1790634368879777,33.5820065601515,9.3
7011,Physical Science,UpCountry,5,5,1,0.08120282019663799,47.11163298192291,10.0
7012,Technology,Galle,3,7,14,0.4691517822828826,50.427808180462115,6.0
7013,Physical Science,Kandy,5,9,5,0.4003723891731193,44.50214839357998,11.1
7014,Physical Science,Colombo,9,6,3,0.11050549451094605,61.58355290781041,19.9
7015,Commerce,Colombo,2,9,12,0.16633721387416595,44.290808854193855,2.8
7016,Technology,RemoteArea,7,6,8,0.45745588904097567,49.843505766997545,13.0
7017,Physical Science,Gampaha,10,6,10,0.2686397979039125,63.51941727778478,21.9
7018,Physical Science,Ratnapura,8,7,7,0.27816714330293996,39.445868180358204,17.8
7019,Bio Science,Jaffna,3,5,7,0.3240722409756897,56.20747846374723,7.7
7020,Arts,Jaffna,4,4,1,0.38108190895389904,70.0826453413132,7.5
7021,Commerce,Colombo,10,10,10,0.46964277283216493,46.61873731641221,18.7
7022,Technology,Colombo,2,8,4,0.4011125367350125,73.94448141832518,2.9
7023,English,Gampaha,10,4,15,0.4672745992320107,55.407395904275646,22.7
7024,Arts,Ratnapura,9,8,1,0.41030487907611796,64.57473855087936,16.7
7025,Commerce,Galle,3,4,2,0.023217030307333186,44.40695036402959,5.8
7026,Bio Science,Gampaha,9,6,15,0.058767310268470985,74.3003959170709,20.9
7027,Physical Science,Galle,7,6,7,0.442446462823167,58.94625823924908,15.6
7028,Sinhala,Galle,6,7,4,0.013848224522628516,68.9929543205836,10.3
7029,Bio Science,Jaffna,3,5,3,0.3970873244099653,53.32200481958799,6.1
7030,Physical Science,Gampaha,7,7,4,0.42492186595175613,70.34093035422227,15.9
7031,Commerce,Kandy,3,6,7,0.2077322810412262,76.20349581971251,3.8
7032,Physical Science,Gampaha,6,7,9,0.17742737641160988,66.29587542983728,12.4
7033,Commerce,Gampaha,8,6,13,0.09720210955902481,59.30687389774122,15.1
7034,Commerce,Galle,5,6,13,0.024459435831181486,62.9945783296367,9.8
7035,Bio Science,Gampaha,3,6,6,0.3726914781554968,44.036028378253675,6.5
7036,Technology,Galle,6,7,14,0.03686354222369331,70.04377688211619,10.7
7037,Physical Science,Colombo,8,10,5,0.4723348140044604,71.84444912606533,18.7
7038,Bio Science,Colombo,10,9,1,0.14837173138753096,83.99403566743551,21.7
7039,Commerce,RemoteArea,3,5,9,0.3971221587971159,84.12465846690793,4.3
7040,Commerce,Kandy,5,9,4,0.02984132551840535,47.34019482324891,8.5
7041,Arts,Kandy,9,9,9,0.268139342325936,67.68161208789121,15.9
7042,Bio Science,Kandy,10,8,14,0.1745497685452745,65.00520474615436,25.0
7043,Commerce,Colombo,10,7,12,0.015000552589068405,84.26994333836825,18.2
7044,Physical Science,Jaffna,3,7,13,0.3278996772045858,55.86241009161872,6.0
7045,English,Ratnapura,2,7,14,0.4715813604542474,80.1712145668934,2.0
7046,Bio Science,Kandy,8,7,8,0.005376383601532864,49.19451451562823,17.7
7047,Arts,Kandy,7,9,8,0.1352184630901202,62.41028119155274,12.2
7048,Physical Science,UpCountry,9,3,14,0.35180287134878246,53.73233018508337,23.2
7049,Physical Science,Kandy,4,8,14,0.4356268620208149,37.52438839793514,11.2
7050,Bio Science,Colombo,3,10,8,0.09538958675003906,50.43374156376677,6.1
7051,Technology,Kandy,10,9,2,0.03535839226938442,57.1373139905259,17.9
7052,Commerce,Ratnapura,5,8,8,0.0043207001685354185,85.39253959549944,7.4
7053,English,Colombo,1,9,8,0.1076032108280921,47.68972438364861,1.0
7054,Bio Science,Ratnapura,5,4,4,0.035658646027123764,52.91405028584957,11.6
7055,Bio Science,Kandy,3,6,12,0.17969104455129897,44.3947632752584,6.8
7056,Physical Science,Ratnapura,1,6,5,0.22006288747692343,79.82918654984181,1.0
7057,Technology,Gampaha,3,8,6,0.2399619029411031,56.09306894178335,5.2
7058,Physical Science,UpCountry,5,6,9,0.0711646551223038,59.424499964869035,10.2
7059,Technology,Jaffna,5,5,9,0.23199402441329475,59.28398154150175,8.6
7060,English,Ratnapura,10,5,9,0.004525820877931519,35.241433393046954,18.7
7061,English,Colombo,8,9,5,0.11971054406102283,40.50091546507926,14.7
7062,Commerce,Jaffna,1,5,4,0.18454302465465994,47.72326681077976,1.0
7063,Commerce,Galle,7,5,12,0.0591757879717833,75.24025078821693,12.4
7064,Arts,Ratnapura,5,8,0,0.4070022986586587,22.511333104221684,9.8
7065,Physical Science,Galle,3,4,3,0.10060619615407707,69.61960098695045,6.5
7066,Commerce,Kandy,4,10,12,0.3774448558231339,71.14647655601523,7.4
7067,Physical Science,Kandy,3,7,13,0.23694651972791375,39.2766557819388,6.8
7068,Bio Science,UpCountry,8,5,7,0.2398715465725822,58.74541838370616,17.6
7069,Physical Science,Jaffna,4,4,7,0.32259716805281335,80.95790666621667,8.9
7070,Physical Science,Galle,3,5,11,0.02213885581649938,49.44218043138821,6.1
7071,Bio Science,Gampaha,2,5,12,0.03937967000007142,57.720349591668906,4.1
7072,Bio Science,Kandy,3,9,5,0.16342174488625705,100.0,4.0
7073,Commerce,Kandy,7,9,12,0.2084112502508611,70.88846812959164,13.5
7074,Physical Science,Gampaha,6,5,2,0.21497039859740985,57.13009073621921,13.1
7075,Commerce,Kandy,10,7,11,0.338443565412734,58.34412067832339,20.6
7076,Physical Science,Colombo,5,10,14,0.0003525059180761181,72.5958943253758,10.1
7077,Commerce,Colombo,8,8,7,0.4795525460398443,73.77362424833248,14.8
7078,Commerce,Gampaha,1,7,15,0.08724370548847243,35.16357731744131,1.0
7079,Commerce,Jaffna,3,7,6,0.12431583815261837,29.490966625650643,4.8
7080,Arts,UpCountry,2,6,10,0.4528135922625817,50.02929240286756,3.0
7081,Bio Science,Gampaha,2,4,8,0.0027457004347761216,61.69234904730006,4.1
7082,Arts,Kandy,1,6,2,0.49565304077947697,62.133538965380076,1.0
7083,Bio Science,Colombo,5,6,10,0.017978667813551674,39.44812169492907,11.4
7084,Bio Science,UpCountry,5,5,5,0.060272759746779814,59.42824519426641,10.5
7085,Commerce,Kandy,3,8,14,0.12005335627444408,65.92241651646455,4.5
7086,Physical Science,Galle,9,6,0,0.2193608200564537,47.252288849956656,20.3
7087,Commerce,Galle,6,8,11,0.25922576685779614,57.48264468416817,11.4
7088,Commerce,Colombo,10,6,7,0.052359235584332364,52.60248724647487,17.8
7089,Bio Science,Kandy,6,6,1,0.036836949310514455,67.46450459632837,11.2
7090,Physical Science,RemoteArea,10,3,4,0.01592951820288402,62.103042861662175,22.8
7091,Physical Science,Ratnapura,6,8,15,0.12837535033710157,50.365744963121415,14.8
7092,English,Jaffna,2,8,5,0.4607664867976212,76.8257012353724,2.0
7093,Commerce,RemoteArea,10,5,3,0.19492125944395156,40.99061055235495,18.8
7094,Physical Science,Gampaha,10,7,8,0.38200369604727463,38.306369884023695,24.0
7095,Bio Science,Galle,8,8,2,0.09509409726947538,57.32273932707646,16.2
7096,Commerce,UpCountry,6,4,1,0.032339612863302114,56.746705559806095,11.4
7097,Technology,Jaffna,3,8,2,0.2771398942418314,62.091805332378016,3.9
7098,Physical Science,Colombo,10,8,4,0.41104620018525095,44.28018486355072,23.5
7099,Physical Science,Gampaha,9,7,0,0.4492299583317725,73.39620697974603,20.3
7100,Technology,Ratnapura,2,8,15,0.27310230176755046,93.22106770321544,1.8
7101,Physical Science,Galle,7,6,15,0.1470161420155155,67.1752742682182,17.1
7102,Physical Science,Galle,3,5,9,0.05475587261863041,69.24015616029716,5.3
7103,English,Kandy,6,7,11,0.3339114271193149,33.77288490627238,12.8
7104,Commerce,Gampaha,5,8,3,0.1402184085590426,54.9766507747884,9.7
7105,Physical Science,Ratnapura,6,4,0,0.4219812122240988,49.56005257653034,14.0
7106,Physical Science,Galle,8,8,8,0.302560559226644,51.12842961405461,19.2
7107,Physical Science,Jaffna,3,7,13,0.42943928167736295,56.63748775306518,7.6
7108,Physical Science,UpCountry,2,5,2,0.28332650500257567,52.63427341635126,3.5
7109,Technology,Jaffna,8,5,1,0.38587118135222165,38.67600552561388,15.1
7110,Bio Science,Galle,1,6,4,0.14715257545554933,54.6909805383346,1.0
7111,Arts,Jaffna,2,5,0,0.25152939519129075,44.37477850943115,2.9
7112,English,Kandy,10,8,9,0.00970318645145496,76.32500028966255,18.1
7113,Bio Science,Gampaha,1,8,13,0.3039158716617778,71.45494548626371,1.0
7114,Physical Science,UpCountry,5,2,6,0.2668696737802266,67.97550019945857,12.8
7115,Commerce,Jaffna,8,7,8,0.3776411612151016,78.65179579887779,14.1
7116,English,Gampaha,2,8,15,0.36447798274303284,55.1058130692811,3.7
7117,Technology,Ratnapura,4,5,0,0.31380850091745394,64.04683535866802,5.9
7118,Physical Science,Colombo,4,10,11,0.02834270681043366,81.55329677901415,8.0
7119,Commerce,Kandy,7,6,7,0.4515048536305386,50.057584162638214,13.4
7120,Commerce,Colombo,1,8,7,0.009009595453648434,33.06243117878108,1.2
7121,English,Colombo,9,6,6,0.4016338302112806,52.63961146173914,16.7
7122,Physical Science,Kandy,3,7,9,0.23967317563373491,78.84781239852822,4.9
7123,Commerce,Colombo,6,6,3,0.4089967814448149,47.203954356381615,10.6
7124,Technology,Galle,10,7,13,0.23253493685634596,59.523511952871196,20.7
7125,Bio Science,Gampaha,5,4,11,0.323468902535907,53.8045739307955,14.2
7126,Bio Science,Kandy,4,10,14,0.18163275289099812,64.14469561159942,8.7
7127,Physical Science,Colombo,9,8,15,0.3718393680681644,51.77246560828202,21.3
7128,Physical Science,Gampaha,9,7,13,0.12708808755724887,44.25313616575994,23.1
7129,Bio Science,Gampaha,1,7,6,0.3596779559375762,56.38729643699524,1.3
7130,English,Galle,7,7,1,0.09669132553860749,56.44386819383013,11.0
7131,Physical Science,Galle,10,5,5,0.3610838418363627,79.24722031631104,21.2
7132,Bio Science,Colombo,9,7,13,0.14683565262108372,67.49393262344469,21.1
7133,Commerce,Kandy,5,10,11,0.13931588602436806,47.9242736604598,9.5
7134,Physical Science,Colombo,1,8,14,0.4057469687393033,56.024771212112306,1.0
7135,Bio Science,RemoteArea,8,2,10,0.4068463183450332,75.70239203100886,18.5
7136,Arts,UpCountry,5,6,14,0.34570118476267825,60.64275557462614,9.9
7137,Technology,Kandy,6,7,4,0.46195431537871834,45.60339661347474,12.0
7138,Commerce,Jaffna,7,8,4,0.07809684667253364,63.234935271880474,12.5
7139,Commerce,Galle,10,6,10,0.13466066010655203,53.15167740536742,17.7
7140,Physical Science,Jaffna,7,8,7,0.14700704331005088,70.67217238305857,15.2
7141,English,Jaffna,7,7,0,0.15264316870050604,65.44449215143551,11.9
7142,Physical Science,UpCountry,1,2,7,0.16401599194215183,46.28929637719631,3.7
7143,Arts,Kandy,7,7,3,0.3485045885596683,88.2745283333626,11.9
7144,Physical Science,Kandy,3,7,12,0.1353790716626695,64.15576733110765,6.4
7145,English,Galle,5,6,9,0.14296107742524072,24.54337205192052,9.7
7146,Arts,Jaffna,10,6,5,0.2852072917579757,68.20832136172476,18.5
7147,Arts,Jaffna,5,6,5,0.0966794275321411,23.52591022572465,9.2
7148,Physical Science,Colombo,8,7,0,0.18244375327356127,75.5974502971201,17.6
7149,Bio Science,Gampaha,7,7,7,0.02897019430805292,64.35593635882582,15.2
7150,Commerce,Colombo,7,6,12,0.4762735540315035,63.80727114867348,13.8
7151,Arts,Kandy,6,8,14,0.15865383854911813,65.73025357761927,10.9
7152,Physical Science,Gampaha,7,5,3,0.42502106679054297,69.0261651818044,15.0
7153,English,RemoteArea,7,5,12,0.26497279703499915,57.522672831498426,14.2
7154,Technology,Kandy,5,8,11,0.11410607864385108,64.076626703111,9.0
7155,Physical Science,Galle,5,6,8,0.09671378700144939,64.50059753379495,10.2
7156,Technology,Gampaha,4,4,14,0.3474803724415071,22.51066362783795,10.1
7157,Commerce,Galle,4,4,6,0.48243440381682096,70.63954586821299,8.8
7158,Bio Science,Kandy,5,10,14,0.09153486026458635,77.17153938951664,9.8
7159,Bio Science,Jaffna,10,6,13,0.05771060834837266,72.0114590514918,24.3
7160,Commerce,Colombo,9,10,10,0.1935496727049652,69.45075605636363,16.6
7161,Arts,Kandy,6,7,13,0.19690527347263792,89.17178258152747,10.2
7162,Bio Science,Kandy,8,6,3,0.4031264868459763,59.56419150042297,17.3
7163,Commerce,Kandy,9,9,11,0.2344446472414778,64.08053019696635,18.1
7164,Commerce,UpCountry,4,4,15,0.031230594176154314,56.44275159845844,9.0
7165,Arts,Galle,7,6,0,0.46033384585384984,30.018931201899388,14.8
7166,Physical Science,RemoteArea,5,6,8,0.1865939467752894,69.59407222040632,10.4
7167,Technology,Jaffna,4,4,9,0.33426586524710145,55.06216095592238,8.0
7168,Bio Science,RemoteArea,7,6,5,0.33374413577758255,32.355214473364626,16.7
7169,Physical Science,Galle,3,6,5,0.028171039286310873,60.0971779132943,5.5
7170,Physical Science,Colombo,1,6,0,0.0018023295786451232,57.177895746850325,1.0
7171,Bio Science,Gampaha,7,6,4,0.04401851417208852,57.272484908382005,14.5
7172,Technology,Colombo,9,6,3,0.47826556648256363,62.26003324621731,17.2
7173,Bio Science,Ratnapura,2,6,14,0.39699647452180625,42.31050090094301,4.8
7174,Arts,Colombo,7,9,10,0.06600613836270502,78.60723976498517,12.7
7175,Physical Science,Ratnapura,10,8,0,0.3074349324494098,65.2279813049993,22.5
7176,Bio Science,Jaffna,2,4,6,0.30598687525464596,80.36655909141426,5.1
7177,Sinhala,Gampaha,3,8,3,0.00027954695146231723,51.90597223373885,5.0
7178,Arts,Gampaha,10,4,2,0.2145321342455987,66.17780897610753,19.7
7179,Physical Science,Galle,10,4,1,0.355887735300889,31.19524094010995,25.8
7180,Commerce,Galle,3,4,7,0.09339642355868588,49.72377335825189,5.6
7181,Physical Science,RemoteArea,4,4,4,0.4254519159973515,40.14281260837033,10.5
7182,Bio Science,Kandy,6,7,9,0.3301524470496657,67.12318138209073,12.6
7183,Arts,Gampaha,3,6,8,0.0034621485322762213,46.158465554248636,4.4
7184,Arts,Gampaha,9,5,4,0.4274570900556793,54.16463403541977,16.0
7185,Physical Science,Colombo,2,8,9,0.009700014760801234,63.165658440803455,3.6
7186,English,Colombo,7,7,11,0.4439644020799278,58.11327029946279,14.0
7187,Commerce,Gampaha,6,4,0,0.1668594287849336,38.98267360893733,12.9
7188,Bio Science,RemoteArea,2,2,13,0.3493251276109892,89.9166094336266,4.5
7189,Commerce,Ratnapura,3,5,9,0.3937154843558701,64.95592103679091,4.5
7190,Commerce,Colombo,6,7,4,0.1406344099786369,85.55150964127944,8.8
7191,Commerce,Colombo,10,10,4,0.17821841670348815,45.24793810873652,18.4
7192,Bio Science,Jaffna,4,4,7,0.2547708716611663,56.58955426810074,9.6
7193,Commerce,Gampaha,1,6,5,0.2913457658989542,62.53121912358775,1.0
7194,Physical Science,Gampaha,1,8,14,0.14602095303858614,88.71236373189903,1.0
7195,Technology,Colombo,3,7,10,0.4961976844226329,88.44549443297578,3.7
7196,Commerce,Gampaha,8,6,4,0.36850233661113596,54.213986650683104,15.2
7197,Physical Science,Colombo,4,9,12,0.13707600491001443,53.781624800260786,9.3
7198,Arts,Kandy,1,9,7,0.3202160956338403,62.144528032231925,1.0
7199,English,Ratnapura,8,7,14,0.21768560057130742,83.73102982835496,14.5
7200,English,Galle,10,6,0,0.4301644457725323,60.76311001185628,18.9
7201,Bio Science,Kandy,6,7,4,0.16447503538841002,65.49943808917465,12.5
7202,Physical Science,Jaffna,1,6,2,0.09392699407662186,77.59191806212556,1.0
7203,Commerce,Gampaha,10,8,4,0.023068129392518455,76.17228797974605,18.0
7204,Physical Science,Gampaha,10,8,2,0.49215461593389037,75.75213628984315,22.6
7205,English,Ratnapura,6,7,14,0.17961083680689988,76.33063403122463,9.9
7206,Physical Science,Kandy,1,7,3,0.11025923420112654,81.78144990206386,1.0
7207,Physical Science,Kandy,10,10,10,0.24588423671374676,46.774264684158325,22.1
7208,Bio Science,Gampaha,10,4,8,0.1458196610224411,97.73893999487865,22.4
7209,Bio Science,Jaffna,3,4,1,0.11645001716171688,76.40538748599201,5.7
7210,Arts,Galle,2,7,13,0.30819225009961326,64.09537476184332,1.8
7211,Bio Science,Galle,4,7,9,0.03742420370680938,81.14572108892835,5.9
7212,Physical Science,Colombo,2,9,11,0.25449647481657167,60.28830393620605,4.6
7213,Physical Science,Kandy,5,10,0,0.1937156506723433,67.12238291433073,9.5
7214,Commerce,Ratnapura,4,5,11,0.2662646493738244,74.37962307796613,6.4
7215,Physical Science,Jaffna,6,7,3,0.16022031156944772,74.4322745728198,12.3
7216,Commerce,Gampaha,7,6,7,0.28516046046240556,56.604880347318066,12.7
7217,Commerce,Colombo,2,9,12,0.04090927218729218,79.25075150863658,1.9
7218,Arts,Galle,2,8,4,0.1880794780546809,55.37147234003534,2.5
7219,English,Kandy,8,7,8,0.11874930412306778,74.96460712380302,13.5
7220,English,Gampaha,9,7,9,0.21904485662757356,64.23181661533836,16.4
7221,English,Ratnapura,5,4,2,0.1991680534698958,33.64060322561342,10.9
7222,Physical Science,Kandy,7,9,12,0.3155918308583457,54.948609198350795,17.1
7223,Physical Science,UpCountry,9,5,8,0.31437886407977006,76.72183898218049,20.0
7224,Bio Science,Kandy,1,7,15,0.20668237371433368,62.9452434470622,1.0
7225,Technology,RemoteArea,8,4,0,0.09081157849827282,78.20321768711298,15.0
7226,Sinhala,Colombo,10,9,14,0.2909568243035122,48.80060983016722,20.1
7227,Technology,Kandy,10,9,1,0.4832576849944027,70.94206517616213,18.5
7228,Physical Science,Galle,9,8,8,0.09272136219411808,63.28701557441167,19.4
7229,English,Kandy,9,7,13,0.03452958948230761,62.79822164936189,18.1
7230,Bio Science,Ratnapura,10,8,8,0.13228059274601328,46.325414944085026,22.0
7231,Physical Science,Kandy,7,9,9,0.20646016736713008,67.6503051611805,14.7
7232,Bio Science,Kandy,10,9,4,0.15309421091005881,46.86654724713808,22.5
7233,Physical Science,Jaffna,3,4,15,0.4173548547413371,57.95908646176946,8.6
7234,Commerce,Galle,5,8,9,0.24651383624353906,62.3899818238339,7.8
7235,Bio Science,Galle,2,5,15,0.12306394082964911,62.01412088434295,3.3
7236,Bio Science,Jaffna,10,7,11,0.4750995284479999,80.916847272486,24.4
7237,Commerce,Colombo,3,6,12,0.06253140986062494,27.14770126247224,6.2
7238,Technology,Gampaha,10,4,15,0.061455720939021796,64.82436717635827,21.0
7239,Commerce,Galle,7,6,3,0.1226424296047871,56.058320928934585,11.7
7240,Bio Science,UpCountry,1,3,8,0.03838606082662521,63.87233471354355,2.1
7241,Technology,Ratnapura,3,4,11,0.3758263423149065,57.33587843588949,6.2
7242,English,Kandy,5,7,9,0.15640541708831912,79.85821702465745,7.4
7243,Physical Science,Gampaha,4,7,1,0.3649189959531687,56.634307525090705,8.3
7244,Commerce,Colombo,3,8,14,0.38136873384852377,68.99419402683276,5.1
7245,Physical Science,Kandy,6,7,2,0.11875927537431435,74.3838371725914,11.4
7246,Physical Science,Kandy,6,8,14,0.2591818193687421,67.78003806781008,13.7
7247,Commerce,Ratnapura,4,5,14,0.2597960881105725,47.961857116412475,7.6
7248,Technology,Galle,9,5,15,0.4356822061685342,61.10123503822784,18.0
7249,Physical Science,Galle,6,8,13,0.012815425001568015,64.63824333722842,13.3
7250,Technology,RemoteArea,9,4,14,0.15840017182440586,42.30156724749922,20.7
7251,Technology,Colombo,10,7,7,0.44124469017351065,52.82286076910004,18.9
7252,English,Kandy,10,10,0,0.11840161135832372,58.9759991928443,18.1
7253,Physical Science,Gampaha,2,8,1,0.06843999487322716,90.6830590960488,2.4
7254,English,Gampaha,6,6,4,0.28806954747528507,67.56652940494027,10.2
7255,Bio Science,Kandy,4,9,14,0.152938380965504,69.36608609626585,9.0
7256,Commerce,Galle,2,6,14,0.23364724663489916,92.35941953509408,1.0
7257,Physical Science,Ratnapura,5,5,6,0.4100063828223683,71.81772136393984,10.3
7258,Physical Science,RemoteArea,3,5,9,0.2603484875415314,75.43342404577945,5.6
7259,Arts,Galle,6,6,12,0.257944891330186,59.89656326503219,11.2
7260,Bio Science,Galle,8,6,8,0.13909133784769556,45.017882607260674,17.9
7261,Physical Science,Galle,4,6,13,0.3964327822387232,70.42471325746325,9.4
7262,Physical Science,Gampaha,4,6,2,0.3699073120239672,88.33298606932745,7.0
7263,Commerce,Galle,5,7,10,0.11706025732928987,87.6954805665619,7.6
7264,Physical Science,Gampaha,6,5,3,0.16000225985606914,71.36761198570498,12.7
7265,Technology,Galle,7,8,9,0.39431409649577054,54.20093222962515,13.0
7266,Physical Science,Colombo,6,8,0,0.17885890091254497,36.74048978264623,13.6
7267,Physical Science,Colombo,7,10,11,0.20177980794654943,53.16629076623833,16.4
7268,Bio Science,Kandy,9,10,0,0.18220613562782623,63.26567399270145,20.2
7269,Bio Science,Gampaha,4,8,0,0.08081626325892183,52.93483238038069,7.4
7270,Bio Science,Gampaha,10,6,3,0.17044826754145398,76.53083526852568,22.0
7271,Bio Science,Gampaha,1,6,8,0.4014676515519041,41.6621788998238,1.6
7272,English,Galle,9,6,7,0.24553767718854463,61.5686215388745,16.2
7273,Commerce,Kandy,7,8,3,0.22910874163798478,49.99967170154074,12.7
7274,Physical Science,Gampaha,4,4,7,0.07817558813791486,78.3693134066687,8.9
7275,Bio Science,Colombo,10,7,14,0.08878491926526422,75.13916459035835,24.6
7276,Technology,Gampaha,8,4,6,0.021475082175059557,50.53491659465057,15.9
7277,Bio Science,Kandy,7,9,5,0.006977765761611854,75.31314581833665,13.9
7278,Physical Science,Jaffna,2,4,9,0.24400701903644106,40.15854822021789,4.7
7279,Arts,Colombo,1,6,11,0.20461617760648249,38.70257554961607,1.8
7280,Commerce,Colombo,9,6,1,0.13768878590578643,47.22244757301317,16.8
7281,Commerce,Gampaha,7,5,14,0.4950232701757075,37.256484320364635,14.9
7282,Physical Science,Gampaha,10,8,2,0.19899809782725286,59.31154900194265,22.5
7283,Physical Science,Gampaha,1,7,3,0.394423449565808,60.28817923403289,1.6
7284,Commerce,Galle,4,7,6,0.10527279666577838,56.917444628441395,6.1
7285,Physical Science,Gampaha,5,5,7,0.12352060430437484,71.58373540364074,9.5
7286,Commerce,Kandy,5,6,13,0.2841956835923717,55.64912420927896,8.9
7287,Commerce,Kandy,5,10,10,0.0020141348510967494,45.5354600297767,7.9
7288,Physical Science,Colombo,3,8,7,0.008712730954450021,51.5415235414449,5.3
7289,English,Jaffna,5,5,3,0.07110936057476408,43.194359860939244,9.2
7290,Technology,Kandy,4,10,8,0.11156052051548154,54.823654618034794,6.1
7291,Arts,Gampaha,5,5,7,0.2639247578998859,72.44025995666775,8.2
7292,Physical Science,Galle,7,5,15,0.3431147154080632,41.153726543070405,18.2
7293,Physical Science,Colombo,5,8,10,0.15593933199401283,59.90466481299399,10.5
7294,Bio Science,Galle,8,8,12,0.11953546800189208,80.36427346040928,19.4
7295,Physical Science,Kandy,8,6,4,0.41140558924666054,78.07565705769164,17.5
7296,Sinhala,Kandy,3,10,12,0.0813884923403379,55.7696147794526,4.6
7297,Physical Science,Galle,5,8,2,0.33916327752894004,94.19835831128957,9.3
7298,Bio Science,Galle,4,4,1,0.4656652582079354,44.72587072452217,11.5
7299,Bio Science,Kandy,5,8,11,0.11610545512137027,62.072947811466925,11.8
7300,Commerce,Galle,8,8,8,0.04348268275807482,46.44568440888733,13.8
7301,Physical Science,Gampaha,4,4,0,0.48987944700800523,66.49628835248143,10.9
7302,Bio Science,Kandy,5,7,6,0.13538689806062582,100.0,9.2
7303,Physical Science,Ratnapura,7,5,10,0.13783160453000243,92.6561154524993,14.1
7304,Technology,Ratnapura,3,4,12,0.24188614566899852,78.69590651299728,6.1
7305,Physical Science,Galle,6,5,13,0.11552882952307308,57.387643476649735,13.5
7306,English,Ratnapura,9,8,6,0.49643617771678455,60.48100531925455,17.1
7307,Technology,Colombo,4,6,0,0.021482942934771987,76.74069579301711,5.3
7308,Physical Science,Galle,4,8,13,0.22573653946615413,77.74259403861555,8.0
7309,Arts,Ratnapura,6,7,6,0.2741733675315001,64.24376084626795,10.9
7310,Physical Science,Colombo,6,8,13,0.2334754289736245,68.62868613280253,13.7
7311,English,Kandy,3,8,0,0.26026148643143504,75.83551230594482,4.0
7312,Commerce,Kandy,1,8,1,0.4937895721085322,80.05070408215325,1.0
7313,Bio Science,Galle,3,4,8,0.4384507919350621,41.48893177421833,8.7
7314,Bio Science,Kandy,8,9,14,0.1542218396480558,70.40544579675237,19.5
7315,Physical Science,Kandy,8,8,7,0.275738524595386,72.17259843969848,17.4
7316,Sinhala,Jaffna,6,8,15,0.00015550626440041793,59.5176566595308,10.8
7317,Physical Science,Gampaha,7,6,8,0.20478450068685933,83.18531089107334,15.4
7318,Commerce,Kandy,2,9,11,0.0819371114309842,61.17218895965129,1.0
7319,Bio Science,Galle,9,8,8,0.35568029538782986,83.60185123497945,20.0
7320,English,Gampaha,3,8,3,0.11054478881680574,55.97486473674755,4.3
7321,Physical Science,Gampaha,2,4,15,0.3744478227558042,71.39062006339446,5.3
7322,Commerce,Ratnapura,5,4,14,0.15657991699003643,70.55892674145537,10.4
7323,Bio Science,Kandy,1,7,4,0.46291431065568794,86.93940051186479,1.1
7324,Arts,Ratnapura,5,7,9,0.2227083008506731,75.61495550144159,8.1
7325,Physical Science,Kandy,10,10,6,0.41975885983692457,56.13532048744703,22.3
7326,Physical Science,Galle,4,7,5,0.3140830015195066,58.41618079983479,7.5
7327,Physical Science,Kandy,6,8,14,0.4886991074517351,62.857461397898426,14.4
7328,Arts,Colombo,5,8,8,0.3713613753560423,64.27746130508731,8.9
7329,Physical Science,Galle,9,5,1,0.36385166115569284,46.33173366682598,21.4
7330,Commerce,Colombo,5,10,14,0.1324329912246593,65.7800264651734,8.5
7331,Physical Science,Jaffna,8,8,7,0.25242987548627016,84.02112103067566,15.8
7332,Technology,Kandy,2,7,13,0.14505684434281924,86.35475096562303,1.7
7333,English,Colombo,3,8,14,0.009646718509201846,43.527240436185686,5.0
7334,Commerce,UpCountry,3,6,14,0.35529266632561674,41.15207154113371,5.9
7335,Bio Science,Colombo,3,9,1,0.11791824985213434,51.60302666240639,5.2
7336,Physical Science,RemoteArea,6,6,15,0.19866201517139376,40.813429828625516,15.3
7337,Physical Science,Ratnapura,7,6,13,0.14231939358693313,47.549186919875666,16.6
7338,Physical Science,Colombo,7,10,13,0.09981792823182523,71.76813372000711,16.2
7339,Commerce,Colombo,7,10,1,0.03355966219187673,59.931754577994816,12.2
7340,Commerce,Ratnapura,3,4,2,0.16894495438564316,35.185923984714954,6.9
7341,English,Jaffna,1,8,3,0.040872461760601275,79.0504945202058,1.0
7342,Bio Science,Jaffna,6,5,5,0.27015957020161147,56.17058516545536,12.6
7343,Commerce,Galle,3,5,13,0.00981205188073564,58.725832994687956,4.9
7344,Bio Science,Colombo,3,9,5,0.47000993982142986,77.74833724295178,5.8
7345,Commerce,Gampaha,3,8,13,0.4832375097263383,72.66318921756886,5.1
7346,Physical Science,Jaffna,9,7,1,0.1523269241481845,59.86368872261101,20.5
7347,Bio Science,Gampaha,4,6,5,0.13009732040323496,55.08118018700861,8.2
7348,Bio Science,Jaffna,5,6,15,0.05220259985090059,76.04431178674653,10.3
7349,Arts,Kandy,3,6,7,0.4524594632903344,57.007811960083465,5.3
7350,English,Colombo,10,6,15,0.29343196264995214,64.07448390411034,20.5
7351,Bio Science,Galle,1,8,4,0.30506246149905325,44.35256411621059,1.8
7352,Physical Science,Jaffna,4,8,0,0.447928231300999,77.13840501407952,7.5
7353,Bio Science,Jaffna,1,7,14,0.4553933969282993,90.28893621849633,1.0
7354,Commerce,Colombo,7,9,15,0.41417083485525547,70.67839832137737,14.1
7355,Physical Science,Colombo,7,10,15,0.38672078054983056,60.20777537428364,17.0
7356,Arts,Gampaha,4,8,7,0.43862061114999185,77.53174615430746,5.3
7357,Sinhala,Colombo,5,6,5,0.4379853033422613,71.32976388904379,7.8
7358,English,Colombo,10,6,1,0.18432242813594973,53.84345655413227,17.9
7359,Physical Science,Galle,7,4,6,0.4866956099894921,80.26715058091065,17.1
7360,Technology,Kandy,6,10,15,0.3545661065801946,61.13314715991909,11.6
7361,Arts,Kandy,4,9,13,0.18510471700633102,47.20808990570971,7.5
7362,Bio Science,Colombo,4,7,15,0.22102475863775445,66.5131213777899,8.4
7363,Commerce,UpCountry,2,3,7,0.3435655291407356,79.76516045492325,3.0
7364,Technology,Colombo,10,9,1,0.18054945481733958,62.04152555222662,18.7
7365,Bio Science,Galle,2,7,13,0.41327885601000813,48.91047981600872,4.6
7366,Bio Science,RemoteArea,4,5,0,0.07403181059573816,53.953133971123,7.6
7367,Bio Science,Jaffna,5,4,5,0.4537971493554814,80.44472522956504,12.4
7368,Commerce,RemoteArea,4,4,12,0.15059875591830452,70.10736751352722,8.6
7369,Physical Science,Jaffna,3,8,5,0.07635639267156547,62.21680401019849,4.9
7370,English,Colombo,2,6,7,0.42901214072301164,61.543803239641136,2.7
7371,Commerce,Colombo,4,7,13,0.1197316194678939,82.69815785544712,5.8
7372,Commerce,Gampaha,5,8,14,0.4216978690248006,82.22001534618623,9.0
7373,Physical Science,Ratnapura,1,7,15,0.14813220172433805,46.48232419604849,1.0
7374,Commerce,Jaffna,1,5,6,0.46693214382707837,77.09892233459522,1.0
7375,Physical Science,Colombo,6,9,7,0.10953881990065562,71.24634206324943,12.6
7376,Physical Science,Galle,5,7,9,0.03482499553600066,88.39478749014037,8.3
7377,Commerce,Gampaha,4,7,9,0.4682655816711945,63.46302755182582,6.7
7378,Bio Science,Gampaha,1,8,13,0.08281287112182645,83.52849076684289,1.0
7379,Commerce,RemoteArea,7,3,4,0.4720662708611376,69.03399465017027,14.6
7380,Physical Science,Colombo,4,7,1,0.41198867505916825,43.79153527482404,9.1
7381,Bio Science,Jaffna,3,7,14,0.040962694858317494,82.30896490946296,4.3
7382,Physical Science,Galle,7,4,4,0.22256759947146776,74.14131913609478,15.8
7383,Sinhala,Colombo,2,8,1,0.03669982906755781,50.75110377039817,2.4
7384,Commerce,Kandy,10,6,8,0.16489328230590566,68.34267859848272,16.9
7385,Commerce,Gampaha,1,8,4,0.17575153911999336,93.61631136336726,1.0
7386,Bio Science,Galle,4,6,15,0.2998166651637868,60.25441698357788,8.5
7387,Physical Science,Kandy,8,6,0,0.48794778392155624,70.8925287083144,18.5
7388,Sinhala,Gampaha,6,5,8,0.08488172005377953,47.57680044588128,10.3
7389,Physical Science,Galle,9,4,15,0.16457548237440606,58.945367171333054,23.9
7390,Bio Science,Colombo,1,9,9,0.29355124710726527,76.65845087150166,1.0
7391,Commerce,Galle,1,8,14,0.08571042765979858,70.85021800435243,1.0
7392,Physical Science,Galle,5,4,4,0.35535483112935956,58.98143634938466,11.5
7393,Technology,Galle,6,4,10,0.2018298579431853,90.5374484164998,10.5
7394,Commerce,Galle,8,6,0,0.47478614781765854,46.17281124716834,15.4
7395,Physical Science,Gampaha,3,7,14,0.3149354726078631,64.81031174117032,6.3
7396,Physical Science,RemoteArea,6,4,15,0.1815403556050475,74.87658774739128,15.3
7397,Physical Science,Gampaha,3,8,8,0.3597365605343768,50.927386124942714,6.3
7398,Technology,Kandy,8,10,8,0.4193772889949756,71.63845348856586,14.7
7399,Commerce,Colombo,4,9,9,0.4002398820147509,80.6201317129178,6.1
7400,Physical Science,RemoteArea,2,4,9,0.1313821970643419,62.78096941373742,4.6
7401,Physical Science,Jaffna,9,7,8,0.20849167607442953,53.72110797929964,19.7
7402,Commerce,Galle,10,6,15,0.22608883051525247,62.81339789938418,19.3
7403,Commerce,Ratnapura,8,5,14,0.19419169608618775,26.82387834694766,16.4
7404,Bio Science,Galle,6,7,5,0.15543179142790875,77.59185496077777,11.3
7405,Bio Science,Galle,3,8,9,0.37637389964067386,68.46885498047465,5.8
7406,Physical Science,Jaffna,2,6,9,0.006112121715755536,61.85360529678017,3.2
7407,Commerce,Colombo,4,7,1,0.14677211442938543,35.49814630896335,6.6
7408,Sinhala,Gampaha,4,8,11,0.07080862848645181,82.13558988179273,6.4
7409,Physical Science,Colombo,1,8,12,0.06438465794997361,59.43604980260696,1.0
7410,Commerce,Gampaha,9,5,6,0.1384793334487393,71.47864818650801,15.6
7411,Bio Science,Colombo,10,10,1,0.38107654555752424,60.32910126937477,22.6
7412,Bio Science,Gampaha,8,8,3,0.4847109345392168,37.27652372353055,19.5
7413,Physical Science,Colombo,7,7,3,0.2573092332705494,80.52814657205933,13.5
7414,Technology,Colombo,6,10,9,0.16948590878845893,80.67875366991647,10.2
7415,Bio Science,Ratnapura,3,6,6,0.41458523315554346,74.46050358107969,6.0
7416,Commerce,UpCountry,4,4,5,0.03355171263412471,67.22270787627747,7.0
7417,Bio Science,Kandy,2,10,11,0.04658397093951411,47.53781871132736,3.6
7418,Physical Science,Gampaha,7,4,10,0.17268315737463336,78.03446127606418,16.9
7419,Physical Science,Kandy,2,7,11,0.2242042497356755,98.57498266182628,1.5
7420,Arts,Kandy,10,6,12,0.39891893464068706,67.74203670335032,20.2
7421,Physical Science,UpCountry,1,4,11,0.4626319696678948,67.53532457394115,3.1
7422,Commerce,Colombo,6,10,9,0.2656382674958919,47.97241234046727,11.0
7423,Bio Science,Colombo,4,9,6,0.24782233478563742,31.944001632287623,9.1
7424,Bio Science,RemoteArea,8,5,5,0.1065055095395171,57.11326606047017,18.4
7425,Bio Science,Gampaha,1,4,0,0.22559077184999166,82.22502253199181,1.1
7426,Bio Science,Ratnapura,9,4,14,0.4618221156370226,87.15638070540672,22.6
7427,Physical Science,Colombo,6,6,14,0.19644976813668574,66.01887582475928,12.6
7428,Bio Science,Ratnapura,2,6,10,0.10534124390048122,71.45193941572865,2.1
7429,Commerce,RemoteArea,8,4,3,0.16864751460257155,43.22457366188788,16.1
7430,Commerce,Colombo,5,10,13,0.25729730631758674,68.16839387713928,9.2
7431,Physical Science,UpCountry,5,4,2,0.29929251529978546,53.13353285651284,12.8
7432,Bio Science,RemoteArea,5,6,14,0.2162149398200846,67.82006731434831,10.7
7433,Physical Science,Kandy,7,10,6,0.37926808977015125,58.88019840442445,15.5
7434,Physical Science,Ratnapura,7,4,12,0.29222669105335336,61.61240790132424,19.2
7435,Physical Science,Ratnapura,10,7,6,0.33252406700584364,77.945984066005,22.0
7436,Technology,Gampaha,7,4,11,0.4314594623056152,94.95884122607238,14.7
7437,Physical Science,Gampaha,10,6,11,0.4328442851363264,62.95816517760457,25.5
7438,Physical Science,Kandy,2,7,10,0.10175415615104905,86.27945578829119,1.7
7439,Physical Science,Gampaha,8,6,3,0.3116723724163249,42.87653546323818,17.8
7440,Physical Science,UpCountry,1,5,15,0.35832043052083,66.11642095743385,1.7
7441,Commerce,Kandy,2,8,6,0.07292647663042556,43.55709552278502,3.0
7442,Physical Science,Jaffna,7,7,3,0.4213849185294592,56.81454237331199,15.1
7443,Physical Science,Galle,4,5,8,0.09023493100566565,74.73548284745236,6.8
7444,Commerce,Colombo,10,7,2,0.39963971163742856,77.77951187925512,18.1
7445,Bio Science,Colombo,10,10,9,0.08073287831172471,52.82211808207271,23.1
7446,Arts,Colombo,9,8,15,0.37088926840550057,74.37099781009826,18.3
7447,Commerce,Colombo,9,10,14,0.07407398944333188,85.44991521495163,17.3
7448,Physical Science,Kandy,3,6,1,0.18941465542923436,76.81591396622642,4.8
7449,Commerce,Gampaha,3,4,4,0.07175806673603596,65.88435528967199,5.4
7450,Physical Science,Gampaha,9,4,8,0.13535754816331486,55.1622364449579,21.1
7451,Commerce,RemoteArea,10,2,10,0.4922573886767423,54.6674645581854,20.5
7452,Bio Science,Colombo,8,6,2,0.05383782803469184,48.360250202788365,17.1
7453,Physical Science,Kandy,1,8,0,0.20323241320894408,59.525828164955946,1.0
7454,Commerce,Ratnapura,6,8,8,0.33845967044276143,51.65266824730716,10.6
7455,Technology,Gampaha,7,8,4,0.047299285198642904,72.17059052575682,11.6
7456,Sinhala,Kandy,8,9,1,0.05451649370976669,63.925050504917216,14.2
7457,Commerce,UpCountry,2,2,5,0.0716314362619373,65.24525317539023,4.3
7458,Bio Science,Gampaha,1,5,2,0.32249318901651164,33.392866815290574,1.7
7459,Physical Science,Ratnapura,4,7,13,0.45466845898960323,66.91669863053238,9.3
7460,Physical Science,Gampaha,1,7,15,0.41299472698432577,60.61322531010356,1.2
7461,Bio Science,Colombo,2,8,8,0.49152761967874586,96.4962643618175,3.0
7462,Bio Science,Colombo,3,9,2,0.2890689422996969,41.80078690255054,5.8
7463,English,Kandy,4,7,1,0.4807386523090929,57.41863128234245,6.8
7464,Bio Science,Ratnapura,6,8,2,0.152467082607726,66.74647769990034,12.8
7465,Bio Science,Gampaha,8,7,5,0.21075229692303288,47.909308175834475,18.3
7466,Bio Science,Kandy,9,8,2,0.19802068398306483,89.92379030187139,19.3
7467,Technology,Gampaha,4,4,8,0.023678740139452148,93.23182216789556,7.1
7468,Commerce,Ratnapura,1,5,8,0.4148526342702792,51.12373505416376,1.0
7469,Commerce,RemoteArea,5,2,8,0.012359094346184318,55.122877080428495,9.1
7470,Bio Science,Gampaha,5,7,1,0.3649381255425059,92.70219340676408,9.9
7471,Technology,Galle,9,8,14,0.203532391327632,87.92906173325767,17.4
7472,Physical Science,Gampaha,6,6,6,0.0031238580384545522,57.459799098229446,12.8
7473,Technology,Gampaha,5,5,14,0.14497345143139972,73.47153691163793,10.0
7474,Commerce,Gampaha,10,8,11,0.17306384795941365,44.69907458983088,20.2
7475,Bio Science,Gampaha,10,5,1,0.4823512355300077,93.45107400523358,22.0
7476,Bio Science,Ratnapura,5,6,0,0.33053954880372804,61.09292328217107,10.6
7477,Commerce,Gampaha,8,6,4,0.27178579575307016,70.7837960382179,14.5
7478,Physical Science,Galle,1,7,10,0.06352528210132902,50.97431101727956,1.0
7479,Technology,Jaffna,5,5,10,0.19555216975640843,47.958638085518025,8.5
7480,Bio Science,Colombo,1,9,7,0.017882176800184002,70.26636927473622,1.0
7481,Bio Science,Kandy,7,7,13,0.3808427092361838,95.24448612155187,15.8
7482,Physical Science,Galle,7,5,2,0.08138835109687392,52.89282340499272,15.3
7483,Bio Science,Jaffna,10,4,6,0.29721785047320054,48.31345547275487,25.1
7484,Bio Science,Colombo,8,9,5,0.3496957691281593,67.0769632034245,18.9
7485,Bio Science,Galle,7,5,10,0.1832545638534928,89.55789551457505,13.2
7486,Commerce,Gampaha,9,5,12,0.3162965760497209,56.42116658759715,19.0
7487,Bio Science,Gampaha,8,6,13,0.3821164308233413,62.751606975152676,19.9
7488,English,Kandy,8,6,0,0.0920618975529941,72.55686496824053,13.4
7489,Commerce,Galle,3,6,11,0.3004301644187424,79.66623223018404,4.1
7490,Technology,UpCountry,10,5,6,0.36694156772043446,58.73334352185157,19.2
7491,Physical Science,UpCountry,4,5,2,0.17852404470831296,77.44969349799861,7.4
7492,Bio Science,Ratnapura,4,5,13,0.08124557905827262,74.43152530302194,8.0
7493,Bio Science,UpCountry,1,6,3,0.14305801056221173,61.74286692127399,1.0
7494,Commerce,Ratnapura,6,6,13,0.4665373334199145,80.03684628467758,10.8
7495,Technology,Colombo,2,9,15,0.17872397738296852,78.96907178667463,1.4
7496,Physical Science,Kandy,9,7,9,0.053850293879441014,48.79480886540526,19.8
7497,Physical Science,Gampaha,1,5,1,0.04136325382466444,82.75268371104124,1.0
7498,Technology,Kandy,1,8,14,0.09024753287192189,72.18099198996167,1.0
7499,Physical Science,Gampaha,10,5,10,0.06375616784487587,85.63420408385687,20.9
7500,Commerce,UpCountry,6,2,15,0.24752182997856814,68.27690507944475,13.2
7501,Commerce,Colombo,1,10,0,0.17377572208780445,63.71458997617793,1.0
7502,Technology,Colombo,3,8,4,0.42070282734163206,67.98329985211225,5.0
7503,Physical Science,UpCountry,10,4,5,0.44053926621560885,70.70274258074119,23.6
7504,Physical Science,Ratnapura,2,6,10,0.2366396939438899,87.92299124416769,3.4
7505,Commerce,Kandy,9,7,1,0.44426355228229725,67.49662069771925,17.0
7506,English,Jaffna,5,5,15,0.22523081936550493,67.08016236328741,9.4
7507,Bio Science,Kandy,6,8,9,0.3209810619726793,79.64299600091213,12.3
7508,Bio Science,Jaffna,2,6,5,0.08126741632387541,68.95628474604355,3.0
7509,Commerce,Colombo,8,6,5,0.026291280910937742,100.0,12.1
7510,English,Galle,6,7,7,0.08004258820239868,67.8712688126779,9.4
7511,Technology,Colombo,8,6,7,0.1259226179227032,82.06496749199113,13.4
7512,Sinhala,Gampaha,8,6,5,0.3754909465201727,75.73123206300414,15.0
7513,Physical Science,Ratnapura,1,5,6,0.0867526212307353,32.25152578149855,2.0
7514,Physical Science,Kandy,7,7,3,0.06532734776801602,50.44817581621263,14.1
7515,Commerce,Jaffna,2,6,4,0.4638046895647243,55.408633822858,2.6
7516,Technology,UpCountry,8,5,5,0.344401211171971,40.0052292378579,15.3
7517,Physical Science,Jaffna,2,8,14,0.23665279286414026,61.071146107815686,4.1
7518,Physical Science,Kandy,4,10,15,0.04748419660787928,46.93221903027575,9.1
7519,Arts,UpCountry,2,2,5,0.4258954557856781,45.862525944341996,3.6
7520,Physical Science,Gampaha,7,7,2,0.05412921539443222,64.62373314373858,14.2
7521,Bio Science,Kandy,5,10,8,0.30552326587142786,92.79096995673876,9.9
7522,Commerce,Kandy,9,9,3,0.33383824631074344,41.06684573083676,17.4
7523,Commerce,Gampaha,5,5,7,0.20006940257499362,45.267733517079904,9.0
7524,Arts,Galle,8,5,12,0.4556083625022876,58.00890915412249,16.9
7525,Bio Science,Colombo,2,9,3,0.025350305854509703,59.29234756732198,2.7
7526,Commerce,Kandy,3,8,14,0.4090584528993446,43.867995238466335,6.2
7527,Commerce,Jaffna,6,8,15,0.2768971991290999,57.01372587965051,12.5
7528,Commerce,UpCountry,7,6,5,0.3056018622038079,50.62824024018899,13.0
7529,Commerce,Galle,10,5,0,0.49341278124117516,64.77544036367227,18.4
7530,Physical Science,Kandy,8,6,13,0.2913239015589113,72.88443070554818,18.8
7531,Physical Science,Kandy,3,10,15,0.39851399278119654,65.20858396969412,5.9
7532,Physical Science,Gampaha,7,5,1,0.07676538285988538,54.83353114037719,14.0
7533,Physical Science,Gampaha,8,5,14,0.4046447960549089,56.35449738021093,19.5
7534,Commerce,UpCountry,10,5,5,0.3805364536120832,63.27367123027652,19.0
7535,Technology,UpCountry,6,5,2,0.4840550366838424,46.35871383004689,11.4
7536,Arts,Galle,4,7,10,0.46785531748466025,88.20857007042474,6.7
7537,Arts,Colombo,6,6,6,0.10699327275570275,40.531473411177096,10.9
7538,Bio Science,Galle,9,8,0,0.23246656463216409,50.15544333224337,20.8
7539,Bio Science,UpCountry,3,2,13,0.4557415890864267,79.52302180973884,6.7
7540,Bio Science,Gampaha,2,4,2,0.3203825348538223,55.02044029278776,4.9
7541,Physical Science,Kandy,5,9,2,0.23185019713643507,71.0795983255318,10.0
7542,Physical Science,Galle,7,5,13,0.05446938080041536,92.25790763944883,14.8
7543,Commerce,Kandy,3,8,11,0.17587878361811476,77.99654402931216,4.9
7544,Sinhala,RemoteArea,5,3,0,0.33261997457678955,41.96962251232307,9.8
7545,Physical Science,Gampaha,4,5,14,0.38845724097524853,49.68657652174143,9.5
7546,Physical Science,Jaffna,7,5,15,0.22358345700462628,64.68899384946728,17.1
7547,Arts,Galle,2,5,3,0.02792224650554148,68.14571696430738,2.2
7548,Physical Science,Gampaha,7,4,7,0.3165860911347652,81.59203339995953,16.0
7549,Technology,Galle,2,7,10,0.4607931961124416,53.225198711043376,2.7
7550,Arts,Kandy,3,9,6,0.24820537445274166,55.72643877359943,5.2
7551,English,Gampaha,5,5,6,0.46421235064464644,59.240248393100174,8.7
7552,Bio Science,Colombo,7,8,13,0.17705036183127099,62.439264139749866,16.1
7553,Commerce,Gampaha,6,8,14,0.4431828849682096,89.43467807617608,11.3
7554,Bio Science,Jaffna,7,5,4,0.3931698763160919,60.43929488004391,15.7
7555,Commerce,UpCountry,6,3,13,0.48087077497000136,68.79579740134346,13.1
7556,Bio Science,Colombo,1,8,12,0.395510617605214,79.67224953684965,1.0
7557,Physical Science,Gampaha,5,4,3,0.16073987481523433,85.36631825659111,11.2
7558,Commerce,Colombo,1,7,9,0.4502837636496588,63.972061785125135,1.0
7559,Commerce,Jaffna,7,6,5,0.3348655382305695,81.38787041633307,12.0
7560,Technology,RemoteArea,4,2,1,0.08103466287061861,87.91656155894735,5.7
7561,Arts,Kandy,5,6,0,0.022982539869680074,58.34490438933065,8.0
7562,Commerce,Kandy,1,7,12,0.18292280207414263,57.545423032995615,1.0
7563,Physical Science,Kandy,8,6,15,0.3934320748658387,100.0,17.8
7564,Arts,Ratnapura,4,5,6,0.30910729772345963,79.81623224026926,5.6
7565,Commerce,Jaffna,3,5,12,0.263563579864671,66.18736120326099,4.5
7566,Technology,Kandy,1,9,3,0.0018638172951290777,71.24942444562754,1.0
7567,English,Jaffna,4,8,6,0.21775035104937118,47.32535737870962,6.9
7568,Physical Science,Galle,3,8,5,0.07886169436262441,79.14128229890858,4.4
7569,Technology,Galle,8,7,10,0.22728369855659392,37.99954410752696,15.4
7570,Physical Science,Galle,9,5,8,0.4958851609939183,80.05963209759805,20.3
7571,Bio Science,UpCountry,5,4,11,0.43976941155996446,54.67433697864308,14.1
7572,Commerce,RemoteArea,9,2,9,0.15531530205329053,39.691820999519166,19.0
7573,Physical Science,Kandy,1,9,5,0.2967536964814659,32.47937843370538,1.6
7574,Arts,Colombo,7,9,2,0.25104761670695885,53.85771130703068,12.6
7575,Physical Science,Gampaha,7,7,6,0.06502350260734141,73.66670738662438,14.6
7576,Physical Science,Galle,6,7,8,0.4949032579075922,43.15162207811891,13.7
7577,Commerce,Ratnapura,4,8,13,0.21258757830664543,47.966411158365275,6.9
7578,Arts,Ratnapura,9,5,10,0.2528295185359147,57.58669277722004,16.3
7579,English,Ratnapura,3,7,9,0.32379965615546996,76.61329521728362,4.9
7580,Arts,Jaffna,1,7,11,0.09577226656530896,79.48794228769803,1.0
7581,Commerce,Kandy,2,9,11,0.1111133011798015,67.59805398553074,1.7
7582,Bio Science,Gampaha,3,6,12,0.0962792125982187,80.75054450236362,4.9
7583,Physical Science,Colombo,2,8,5,0.1922327717332642,72.81416103116612,3.0
7584,Physical Science,Jaffna,6,4,6,0.09983847822886016,56.74519056349716,14.4
7585,Commerce,Gampaha,7,5,7,0.4631979839711946,77.14268165883304,12.7
7586,Commerce,Colombo,5,9,3,0.35715702317512044,42.23733770462199,10.6
7587,Bio Science,Jaffna,5,4,4,0.44891778461148796,69.29729597315173,12.5
7588,Arts,Kandy,7,6,3,0.4242420651550991,44.009784159363704,13.8
7589,Commerce,Gampaha,6,5,0,0.3515759757817158,62.14200809083502,12.1
7590,Physical Science,Kandy,8,8,5,0.12137309453757966,80.77851550794712,17.0
7591,Physical Science,Colombo,9,7,6,0.30765943214323094,66.19797269872728,19.8
7592,Technology,Galle,2,4,1,0.09314943031763367,60.3113352538649,3.5
7593,Arts,Colombo,2,7,5,0.0662380242551388,65.89046649246256,2.5
7594,Technology,Colombo,1,8,13,0.31628762097630314,76.44964238126593,1.0
7595,Physical Science,Galle,7,4,10,0.31231279676915497,97.01003027987855,14.7
7596,Sinhala,Jaffna,4,5,1,0.07831107100974416,70.28661005640464,5.4
7597,Physical Science,Colombo,9,9,9,0.17621384872396573,56.96229256451598,20.5
7598,Physical Science,Colombo,6,9,12,0.03314058692841454,62.87020570465322,13.9
7599,Sinhala,Galle,7,5,4,0.3578665568430262,48.48310074786191,13.0
7600,Physical Science,Galle,7,5,0,0.4937478256987719,41.41142778733732,16.9
7601,Commerce,Gampaha,8,6,2,0.3699530777125171,24.512857563809504,16.2
7602,Physical Science,Jaffna,4,4,3,0.42207608478772063,54.57596862667799,10.3
7603,Commerce,Colombo,3,7,3,0.23817162114235968,40.43343579200151,5.1
7604,English,Kandy,3,6,1,0.04779204058337516,61.95579992127296,4.5
7605,Bio Science,Ratnapura,10,7,7,0.36330326125265144,55.857878729191945,23.2
7606,Commerce,Gampaha,8,4,5,0.12826010006540733,46.21717370014919,16.1
7607,Physical Science,Ratnapura,3,8,8,0.1941469766287648,32.44741905234795,6.9
7608,Commerce,Gampaha,8,6,5,0.3515496249809217,57.2599181893206,14.5
7609,Bio Science,Gampaha,2,6,2,0.4523922630977912,34.71423942151224,4.7
7610,Physical Science,Gampaha,5,4,11,0.24312452449962485,76.09242772427673,12.7
7611,Bio Science,Ratnapura,5,6,1,0.4808027865478308,64.32346354142489,10.6
7612,Physical Science,Gampaha,7,4,8,0.25995176414700205,60.5980238417117,16.9
7613,English,Galle,5,4,2,0.061255224231570315,82.76120889482992,9.2
7614,Bio Science,Gampaha,9,7,5,0.2592168729126987,62.647397683632825,19.5
7615,Physical Science,Jaffna,3,4,9,0.4303138529689836,70.29123237747376,7.3
7616,Bio Science,Gampaha,9,6,1,0.26902256656215995,70.81196678285066,20.9
7617,Bio Science,Gampaha,1,8,6,0.3738776739312086,55.24676472447799,1.0
7618,Arts,Kandy,3,7,13,0.2739788059289377,58.83063834876508,5.5
7619,Sinhala,UpCountry,4,4,0,0.27302728018645017,60.62170380209379,8.0
7620,Bio Science,Colombo,6,10,8,0.14238045064863264,43.80212425565778,13.8
7621,Technology,Ratnapura,10,6,0,0.10063024227787332,86.77970768750482,16.9
7622,Commerce,Kandy,8,10,8,0.13945939792232692,66.41167217962871,14.1
7623,Physical Science,UpCountry,7,4,10,0.2204189454619066,61.98587733852132,17.8
7624,Commerce,RemoteArea,8,3,0,0.4047950553533492,91.28290458558854,15.2
7625,Commerce,Gampaha,6,7,0,0.4144955536519302,43.47761153252617,11.7
7626,Commerce,Gampaha,6,7,7,0.08168890803635903,86.54226085608413,9.6
7627,Technology,Kandy,6,7,0,0.2764274570771542,72.1994069967149,9.1
7628,Bio Science,Kandy,3,8,14,0.20801386148171397,83.75544232544198,5.5
7629,English,Kandy,10,10,15,0.28546786281908165,64.86675188099369,19.6
7630,Arts,Galle,4,4,7,0.3238116935085133,64.33797982166487,8.3
7631,Bio Science,Jaffna,6,6,2,0.13980599635942798,55.85060022885885,12.9
7632,Commerce,Gampaha,7,5,3,0.45962119097079573,76.44513312195885,11.8
7633,Bio Science,Gampaha,3,7,1,0.46772407750100875,66.37603534465491,5.3
7634,Sinhala,Kandy,4,9,12,0.052678871274639494,57.62272259038188,6.8
7635,Commerce,Gampaha,6,6,5,0.3515092405581095,54.81162489556789,12.1
7636,Physical Science,Gampaha,1,8,6,0.016616030847474206,62.77780539962145,1.2
7637,Bio Science,Ratnapura,7,5,9,0.02328189895364219,59.515748355349274,15.0
7638,Commerce,Colombo,1,7,2,0.47889995704151095,82.62659284388134,1.0
7639,Physical Science,Gampaha,10,8,13,0.34742656743515776,78.623225254021,24.5
7640,Physical Science,Galle,9,8,8,0.16227081492402495,76.0916789455444,19.1
7641,Bio Science,Colombo,10,8,2,0.3349388338729453,64.50875797709578,22.2
7642,Bio Science,Kandy,9,8,6,0.42291752532684074,50.60241282660967,21.2
7643,Bio Science,Gampaha,9,7,14,0.4354517382056519,77.44161330505173,21.5
7644,Physical Science,Colombo,4,9,3,0.010259889512082676,30.02726122058793,9.3
7645,Physical Science,UpCountry,2,6,4,0.4091140037051322,64.61082800366052,2.8
7646,Commerce,Galle,7,4,11,0.4266013575299663,53.318216008713954,15.5
7647,Commerce,Ratnapura,4,4,15,0.2977851024492631,54.16324709345186,9.8
7648,Physical Science,Jaffna,5,4,8,0.23995192177501118,57.04998766346322,11.9
7649,Bio Science,Gampaha,1,5,2,0.05549945859881328,59.74094716497611,1.0
7650,Commerce,RemoteArea,10,4,15,0.11980691983444958,67.14876566800764,21.8
7651,Physical Science,Gampaha,6,8,15,0.24524255983271198,79.35357229171682,14.0
7652,Physical Science,Colombo,7,9,2,0.4325398555867551,58.391728299023654,16.0
7653,Physical Science,Kandy,3,6,8,0.4015671783996615,62.47399696999361,6.1
7654,Technology,Galle,10,7,8,0.2479647904593682,43.065808056451615,19.5
7655,Arts,Colombo,2,8,12,0.3928135114152395,47.019178182055505,3.7
7656,Arts,Jaffna,10,8,3,0.38286668750822594,65.80603565568666,19.1
7657,Arts,Ratnapura,7,4,0,0.28950767568330366,69.46002572098682,15.2
7658,Commerce,UpCountry,1,2,0,0.11016272671598337,56.092921872046475,2.1
7659,Bio Science,Ratnapura,2,8,11,0.17400188437992475,79.49436949224058,2.3
7660,Commerce,UpCountry,3,5,8,0.08203227509620908,42.88162118635809,5.3
7661,Physical Science,Gampaha,4,6,5,0.0035752532113796365,68.47808084195607,7.3
7662,Commerce,Gampaha,5,6,4,0.04026271567071826,49.22333591165827,8.6
7663,Arts,RemoteArea,4,4,12,0.37981281719656235,52.038747472125934,9.5
7664,Commerce,RemoteArea,10,5,14,0.016743075383748862,55.52626113872785,19.7
7665,Bio Science,Jaffna,3,7,11,0.1999263194070625,64.28851646681422,5.8
7666,Physical Science,Colombo,1,6,14,0.4928901658359764,73.58345394285683,1.0
7667,Commerce,Kandy,7,9,9,0.39761960890511006,69.94468813523022,12.4
7668,Commerce,Kandy,10,7,12,0.37530880251958204,61.64276724093716,20.8
7669,Technology,Kandy,6,10,2,0.1373543839865768,70.48401013634603,9.9
7670,Bio Science,Kandy,2,9,2,0.32086510780542915,86.30112090025014,2.3
7671,Arts,Ratnapura,2,6,1,0.24935592384219146,58.70883197823441,2.7
7672,Commerce,Jaffna,3,7,12,0.3119122006591749,67.42193660641566,4.3
7673,Technology,Jaffna,8,4,6,0.21790805949674852,53.82405032529615,15.6
7674,Commerce,Colombo,8,10,8,0.2654815201515699,58.120621888490575,14.9
7675,Commerce,Kandy,10,10,5,0.49419812450884076,81.2252089802342,18.6
7676,Commerce,Kandy,10,8,9,0.16465642750398235,83.37987327634751,17.8
7677,Arts,Jaffna,10,8,0,0.10822638674216484,56.983987813937006,18.2
7678,English,Ratnapura,10,5,5,0.22424722141536146,69.85377499131613,18.7
7679,Physical Science,Kandy,8,10,15,0.26216025530452647,81.30685931038622,18.1
7680,Physical Science,Colombo,7,8,10,0.04281441812186293,58.30224441873415,14.8
7681,English,Kandy,2,10,7,0.40298601108928506,43.91137623208247,3.7
7682,Commerce,Galle,1,7,7,0.21102639384744631,73.83963424637034,1.0
7683,Commerce,Jaffna,6,4,13,0.2065934169155163,79.94581424194817,11.9
7684,Bio Science,Colombo,8,9,9,0.3294199223416316,75.73918200213399,18.4
7685,Physical Science,Kandy,1,7,12,0.3866221666743162,60.3877676383593,1.1
7686,Arts,RemoteArea,3,3,15,0.49297013488906843,90.34666307113505,6.0
7687,Arts,Colombo,1,6,2,0.08675984924762759,65.26397137680189,1.0
7688,Bio Science,Galle,10,4,12,0.172777841726788,48.78615647629486,27.4
7689,Bio Science,Jaffna,9,4,0,0.08412863436825696,36.058688108544146,22.1
7690,Technology,Galle,7,4,4,0.4404275141136294,57.542086760677705,15.0
7691,Physical Science,Colombo,8,10,5,0.27424661933109157,65.87217295153843,17.3
7692,Technology,Colombo,9,9,9,0.42622004785264184,60.18080725401424,17.7
7693,Physical Science,UpCountry,3,3,8,0.4926126455236747,93.90343598259142,6.6
7694,Commerce,Gampaha,10,8,1,0.27510334041723794,66.559752893671,18.5
7695,English,Ratnapura,2,4,13,0.05907590959535847,51.902768955688146,4.1
7696,Commerce,Kandy,6,8,0,0.18063386044833846,25.944873627019135,11.6
7697,Bio Science,Colombo,5,8,14,0.01809464863433191,70.5252107379974,10.3
7698,Commerce,Galle,4,7,6,0.42465047346812385,77.83431134541232,6.2
7699,Bio Science,Kandy,6,7,1,0.008943470803450149,88.45650812944741,11.5
7700,Physical Science,Galle,6,5,10,0.2960924950649706,61.9638238057335,12.4
7701,Sinhala,Galle,3,7,14,0.05306664295367891,92.82998657137239,3.0
7702,Arts,Colombo,2,6,1,0.003778920697081134,40.116085411725265,1.6
7703,Commerce,Gampaha,9,4,2,0.12807522113070235,55.841379310208666,17.3
7704,Bio Science,Galle,8,5,13,0.27592609651878114,51.284038187643304,19.8
7705,Physical Science,Gampaha,4,5,3,0.03754395610227734,73.38151363126147,7.7
7706,Physical Science,RemoteArea,6,3,12,0.30744394149009735,46.48383930222266,16.2
7707,Commerce,Jaffna,3,4,6,0.33599611056870277,69.02624436876943,5.9
7708,Arts,Ratnapura,8,6,0,0.484849050056726,41.37255942853318,16.2
7709,Commerce,Galle,3,7,12,0.4497685401940614,92.3667232957707,4.5
7710,Technology,Colombo,2,9,5,0.28339555128941757,56.88615943709814,3.1
7711,Physical Science,Colombo,7,10,10,0.3966824043549968,70.6694877372869,15.3
7712,Bio Science,Jaffna,3,8,6,0.18182054082349597,36.16841065901467,6.1
7713,Physical Science,Galle,9,6,15,0.2928561080317783,45.077966773692175,22.9
7714,Bio Science,Kandy,3,7,2,0.20167708496825115,49.39905294227128,6.6
7715,Physical Science,Colombo,8,8,2,0.1685208808560288,73.75777191653835,18.0
7716,English,Gampaha,2,8,1,0.36381974293747177,70.38635729290331,3.6
7717,Physical Science,Gampaha,9,8,4,0.14833527214337294,78.28084941649914,20.1
7718,English,Gampaha,1,7,15,0.1902761350025386,44.854037652233686,1.0
7719,Bio Science,Colombo,3,8,6,0.18358578554038973,70.60304059906987,4.6
7720,Sinhala,Kandy,2,6,10,0.4352017135931155,56.60153798348734,3.3
7721,Commerce,UpCountry,7,6,11,0.08520223497550056,53.37843495276512,14.2
7722,English,Gampaha,5,7,13,0.19073789598282326,58.44158503816681,8.0
7723,Physical Science,Colombo,8,7,2,0.4439348958644111,59.25298308899402,17.4
7724,Arts,Galle,2,6,6,0.0076522129392916916,72.91566623951597,1.4
7725,English,Jaffna,8,8,7,0.47393349766405674,80.34207951333318,13.9
7726,Physical Science,UpCountry,7,2,12,0.44945020989774176,73.81608192511582,17.5
7727,Physical Science,Colombo,5,10,2,0.20892407320455758,70.49906104331299,10.3
7728,Bio Science,Colombo,2,6,10,0.32651264023306475,92.3457432196941,3.0
7729,English,Kandy,10,8,0,0.4955333303110022,70.45609637409842,18.5
7730,Commerce,Kandy,7,6,2,0.2774741885308884,57.79247752761355,11.8
7731,Commerce,Gampaha,10,4,12,0.04844934572280418,74.7165710222711,21.1
7732,Physical Science,Kandy,4,9,5,0.4268205067652058,88.11468856342674,7.0
7733,Physical Science,Colombo,4,8,0,0.06707580727860407,46.94459002045146,7.7
7734,Technology,Gampaha,8,8,8,0.1286358278029815,57.535945624849944,14.8
7735,Physical Science,Jaffna,6,5,2,0.4367576765296183,82.75191624023927,13.1
7736,Commerce,Gampaha,9,6,2,0.12801460591871816,56.64290623854248,16.2
7737,English,Jaffna,2,6,11,0.3725429653263745,76.9643451276168,2.7
7738,Physical Science,Gampaha,5,5,6,0.22383683937943144,82.33630885496979,9.2
7739,Commerce,Gampaha,6,8,6,0.37987447281615894,44.162692815409386,11.6
7740,Physical Science,Gampaha,8,7,12,0.1161761225195938,59.87366083814389,19.0
7741,Commerce,Gampaha,4,8,5,0.20978276247945088,80.57033926059029,5.1
7742,Physical Science,Ratnapura,7,5,6,0.15908066929578502,61.10360101488314,14.6
7743,Arts,Jaffna,7,8,4,0.12452202099101739,31.7211126208458,13.4
7744,Bio Science,Galle,4,6,15,0.157214932869838,59.85045340436823,7.9
7745,Bio Science,Gampaha,1,7,7,0.16149609944923593,75.41693682268146,1.0
7746,Commerce,Ratnapura,3,4,9,0.4776890968281637,83.64739649408669,6.2
7747,Physical Science,RemoteArea,2,6,13,0.26661516630705145,67.26267947922207,3.1
7748,Arts,Colombo,3,6,1,0.23102609416376624,67.75672412464996,3.4
7749,Bio Science,Colombo,5,9,4,0.2516592849517595,56.46409810696045,10.5
7750,Commerce,Gampaha,1,4,10,0.49806548803670936,78.5477632030749,2.2
7751,Physical Science,Jaffna,5,8,8,0.3267945524456268,85.3779333581474,9.2
7752,Commerce,Colombo,2,7,3,0.35174332073189396,73.02299850381722,2.9
7753,Physical Science,Kandy,4,8,7,0.1568109147701623,61.72749880230899,8.2
7754,Bio Science,Gampaha,6,6,2,0.23576885498393474,67.51166597862225,12.8
7755,Physical Science,Colombo,9,6,5,0.09203269474956732,76.78731851705675,19.5
7756,Arts,Gampaha,10,6,7,0.34259472784533307,63.915525318187754,18.6
7757,Physical Science,Jaffna,6,6,13,0.17224726287660996,78.50793524241027,13.5
7758,Technology,Kandy,10,7,8,0.3741441828809343,69.55463466345655,18.5
7759,Technology,Colombo,2,6,13,0.10658065506746905,87.79036704519064,1.8
7760,Physical Science,Colombo,8,7,12,0.20175151410075198,76.50206469093975,19.4
7761,Commerce,Kandy,5,7,6,0.23559216998070442,55.52163904740272,8.2
7762,Physical Science,Galle,9,7,5,0.08326267688510047,83.56741014821841,18.6
7763,Bio Science,Gampaha,10,4,10,0.03479554722062461,71.90082788365726,23.0
7764,Arts,Kandy,9,7,5,0.1585338486592361,60.40396091810795,16.0
7765,Commerce,Colombo,4,10,11,0.2724460717630905,45.189944605111364,8.3
7766,Commerce,Gampaha,1,6,14,0.32633947428386995,70.47068393587253,1.0
7767,Physical Science,Ratnapura,9,4,5,0.21263567161431512,90.02333341614346,20.8
7768,Bio Science,Galle,9,7,14,0.25013880655252274,26.059356248799247,24.0
7769,Physical Science,Gampaha,8,5,9,0.2715964872048307,24.154302998186637,18.6
7770,Arts,Galle,5,8,8,0.25595541052428844,75.51009029166877,8.7
7771,Commerce,Jaffna,5,6,2,0.045164277761812754,64.54258464096704,8.5
7772,Arts,Galle,10,6,3,0.20250051635731364,71.58575573747045,17.8
7773,Physical Science,Colombo,6,10,2,0.10216571166357874,53.10421107336389,13.2
7774,Bio Science,Colombo,1,6,12,0.26686798714487714,33.873339970504794,1.5
7775,Bio Science,RemoteArea,9,4,8,0.3790381261406286,51.520224976214806,21.6
7776,Physical Science,Jaffna,5,6,15,0.28974314965277165,90.90007952587983,10.2
7777,Bio Science,Galle,7,6,12,0.11091092573342626,59.22616149708263,17.2
7778,Technology,Ratnapura,8,5,15,0.10387844279875913,60.856069953306026,15.3
7779,Technology,Gampaha,5,5,13,0.018499065207855714,27.05900009802616,10.1
7780,Commerce,Jaffna,3,6,4,0.21319044107654528,34.9328002303195,4.8
7781,Bio Science,Ratnapura,6,7,13,0.21643076808121559,83.15250745870443,13.7
7782,Physical Science,Kandy,7,8,9,0.11821817266801171,60.608579175444504,15.4
7783,Technology,Gampaha,4,4,12,0.3821292338411302,80.86802828483286,7.9
7784,Physical Science,Ratnapura,9,7,7,0.19324334830172252,52.19450942655437,19.1
7785,English,Colombo,4,6,11,0.3347006990376995,43.48326943015502,7.7
7786,Bio Science,Colombo,10,10,7,0.3200351661118893,59.58614628672239,22.9
7787,Bio Science,Colombo,2,10,8,0.3023702281976874,55.40570321300803,3.6
7788,English,Kandy,9,7,9,0.4540330802419867,52.003647358260906,17.2
7789,Physical Science,Colombo,4,7,6,0.007945057894359564,50.894859250736545,8.1
7790,Commerce,Colombo,4,7,2,0.03401865542172183,58.975928460530454,5.8
7791,Commerce,Galle,10,8,4,0.36107032517499366,54.6264705730719,18.3
7792,Physical Science,Gampaha,1,4,2,0.17676295948957188,47.01597509256644,3.1
7793,Bio Science,Gampaha,2,7,1,0.49326119766127113,87.57071559924941,2.4
7794,Commerce,Jaffna,3,5,2,0.10820636126628108,67.86932537247849,3.4
7795,Arts,UpCountry,7,6,11,0.09170951904587687,67.87724131172803,13.3
7796,Physical Science,Ratnapura,9,5,9,0.29411091229705894,63.501818969477526,19.5
7797,English,Gampaha,5,6,8,0.13971263944433554,73.98421999743277,7.4
7798,Physical Science,Kandy,4,9,8,0.17024649253451063,71.97735150045185,8.3
7799,Physical Science,Gampaha,2,4,7,0.4605121619914217,47.985812673548324,6.4
7800,Physical Science,Galle,7,5,6,0.013121334323863254,40.01594812308801,16.1
7801,Physical Science,RemoteArea,6,4,0,0.2656297099586078,25.888731239190044,15.9
7802,Physical Science,UpCountry,7,4,8,0.1674497140097675,90.87896667316919,16.2
7803,Sinhala,Colombo,8,9,9,0.17299598797664456,57.82035092171911,15.4
7804,Bio Science,Colombo,9,10,1,0.12390440494415805,69.38089307252494,20.1
7805,Physical Science,UpCountry,10,6,5,0.06742504338908278,65.53091903233425,22.1
7806,Physical Science,Gampaha,5,5,9,0.017240830862529533,78.18838107492424,9.9
7807,Arts,Colombo,5,7,4,0.493847753119977,61.031932053264484,8.7
7808,Technology,Jaffna,4,8,5,0.33018301255671045,42.580463958561374,7.3
7809,Physical Science,Colombo,3,6,7,0.38860265333018124,47.9432477000056,6.5
7810,Physical Science,Colombo,7,6,7,0.03250114964996981,58.2386266849457,14.9
7811,Physical Science,Galle,5,6,9,0.0074187067523885375,40.720948817810566,10.5
7812,Physical Science,Colombo,7,9,1,0.3001443436597222,47.68508933612385,16.5
7813,Physical Science,Ratnapura,2,4,6,0.3619156946167592,45.017663597047274,5.0
7814,Bio Science,Colombo,9,7,1,0.1974331331126825,55.569698495751645,20.2
7815,Physical Science,Kandy,9,6,0,0.1938775543419638,52.559517034952556,19.6
7816,Commerce,Colombo,9,9,11,0.1922397606637788,67.29222629281904,16.7
7817,Physical Science,Gampaha,5,5,7,0.07637792398051046,76.31701016534349,10.2
7818,English,Kandy,10,9,8,0.37695675560036773,60.36077221310237,19.4
7819,English,Galle,9,8,13,0.1075963661701943,43.963852408813636,18.2
7820,Commerce,Colombo,1,9,6,0.16220524798814556,32.274939332861734,1.3
7821,Bio Science,Galle,2,7,3,0.3356298687827918,63.93476714213248,3.2
7822,Bio Science,Colombo,10,9,6,5.235539907177955e-05,53.01750702107356,22.1
7823,Bio Science,Jaffna,5,5,3,0.3831285929799897,59.13957916704174,10.6
7824,Arts,Gampaha,5,7,6,0.449547374133379,67.94311732728305,8.9
7825,Bio Science,Colombo,6,9,3,0.025808687631633964,83.14765520747312,11.5
7826,Technology,Jaffna,8,6,14,0.29581190323014234,40.78741769661125,16.9
7827,English,Colombo,1,7,13,0.2042294849071702,51.31313561820908,1.6
7828,Bio Science,Colombo,10,9,13,0.039231695696736124,65.22148559073352,24.3
7829,Commerce,Gampaha,9,4,8,0.3411154936601471,46.897096220998705,18.7
7830,Physical Science,Jaffna,4,7,4,0.3061593113336682,39.66416047976668,8.6
7831,Physical Science,Colombo,8,6,6,0.32133016360820904,82.64366053023333,17.1
7832,Bio Science,Colombo,5,10,10,0.4067476825185221,49.280644392334295,10.3
7833,Physical Science,Ratnapura,1,8,7,0.14345948780491413,43.86222168264991,2.0
7834,Technology,Gampaha,9,5,4,0.33853403571719093,44.77775767728704,16.7
7835,Physical Science,Gampaha,8,5,0,0.3716588472916386,76.28990692619459,16.4
7836,Bio Science,Colombo,5,10,3,0.08440748229996947,51.069275249267456,10.4
7837,Commerce,Ratnapura,4,5,2,0.4785334375312208,40.215759186532765,7.8
7838,Commerce,Gampaha,8,4,12,0.16999052234406642,53.39757148725397,18.3
7839,Bio Science,Galle,9,4,6,0.35685411324083893,62.27744007186733,21.9
7840,Technology,Jaffna,7,6,5,0.3770100631429412,75.87656493409413,12.7
7841,Commerce,Galle,4,5,14,0.25201545965318783,79.11652718839224,6.9
7842,Bio Science,Ratnapura,7,5,5,0.06435865306542499,50.833464910668376,15.7
7843,Physical Science,RemoteArea,6,4,1,0.13783146620878833,52.533138104933975,13.9
7844,Bio Science,Gampaha,3,7,15,0.11712347616436308,99.04326106468633,4.8
7845,Technology,RemoteArea,10,2,15,0.2593211649587941,82.4352679572225,20.5
7846,Commerce,Colombo,3,9,5,0.1306344354985035,58.72329713602601,5.3
7847,Technology,Gampaha,1,6,7,0.27338523847889895,29.072713397799106,1.9
7848,Bio Science,Gampaha,5,5,4,0.1441033771935165,55.117570123967724,10.1
7849,Physical Science,Gampaha,8,7,8,0.0004895668384500285,44.100709567911444,17.9
7850,Physical Science,Galle,6,5,10,0.18162836689130574,52.05977921328413,12.5
7851,Bio Science,Jaffna,8,6,1,0.30342542659457633,46.02002267340547,17.5
7852,Commerce,RemoteArea,7,6,6,0.3868483882686564,59.53187755774386,13.2
7853,Arts,Kandy,2,7,5,0.014182230489987457,63.54639424851065,1.4
7854,Physical Science,Gampaha,8,7,13,0.12915650033829634,55.52628737622031,19.3
7855,Bio Science,Ratnapura,4,7,14,0.4927310600238338,47.8344053461892,9.9
7856,Bio Science,RemoteArea,5,4,10,0.130907694265275,62.31603099074137,11.6
7857,Bio Science,Kandy,8,9,10,0.3885988282692174,57.52581834340763,17.5
7858,Physical Science,Jaffna,5,4,14,0.2546868092037722,38.536912092826,14.0
7859,Physical Science,Gampaha,5,5,12,0.06108699202767681,75.11356413789366,10.6
7860,Physical Science,Kandy,6,6,5,0.3217000644975267,51.56729146071684,13.8
7861,Physical Science,UpCountry,7,4,3,0.483170426127185,57.45821627803389,18.6
7862,Physical Science,Colombo,9,6,13,0.4434145163744992,63.20230445233267,21.3
7863,Physical Science,Colombo,7,6,12,0.34514639391935326,65.76838635759441,16.4
7864,Commerce,Colombo,6,7,9,0.2560741334718531,66.69064982053419,10.4
7865,Bio Science,Galle,10,5,8,0.15966650277477407,44.43103348354846,23.3
7866,Sinhala,Ratnapura,4,8,5,0.1784833132832197,67.18537738823312,6.3
7867,Physical Science,Ratnapura,10,4,12,0.1731033704435439,60.83799898306799,26.7
7868,Bio Science,Colombo,2,7,11,0.4610409903843628,81.7666448269413,2.5
7869,Bio Science,Kandy,9,6,7,0.10565622951421855,75.72468535977843,19.1
7870,Physical Science,Gampaha,10,4,7,0.18901492084198235,83.34144245500255,23.8
7871,Technology,Ratnapura,5,6,3,0.21598161781188724,47.42451828453015,8.4
7872,Physical Science,UpCountry,5,4,4,0.20445049768763546,81.2999750178623,9.7
7873,English,UpCountry,3,2,1,0.0020991239202597933,61.91111798196741,5.0
7874,Technology,Colombo,3,8,3,0.13548678845779538,71.85281662959798,4.1
7875,Commerce,Jaffna,1,5,11,0.2492842762778093,75.61571362681475,1.0
7876,Commerce,Kandy,5,6,5,0.38024665757184195,69.38582491701135,7.8
7877,Commerce,Colombo,3,8,13,0.2847369926902936,50.17663842123548,5.0
7878,Bio Science,Colombo,2,7,14,0.19243100229230897,81.32620933124187,2.0
7879,Commerce,Gampaha,9,4,1,0.33257043844935097,65.77517768152205,17.4
7880,Physical Science,Gampaha,10,4,1,0.33294660393745495,38.40371845841364,24.4
7881,Physical Science,Colombo,6,8,9,0.12396234137440293,57.24479129195993,12.8
7882,Bio Science,Galle,3,5,6,0.05188707358632566,44.803775062138655,4.6
7883,Commerce,Gampaha,7,4,9,0.4015917541732204,43.10689074684309,15.5
7884,Technology,Jaffna,9,4,4,0.2648911896668462,74.79986366539524,17.5
7885,Physical Science,Colombo,9,10,15,0.0882623809735949,45.309397191571655,21.7
7886,Technology,Kandy,1,6,12,0.13103553288940262,46.18322557325793,1.0
7887,Physical Science,Gampaha,2,8,2,0.38321224629201855,90.6733444950824,2.2
7888,Bio Science,Kandy,8,10,14,0.3266361923035278,60.281712975259566,19.6
7889,Bio Science,Galle,1,5,2,0.4725832820180543,70.86491191545713,1.1
7890,Bio Science,Galle,3,7,6,0.23247370742404533,79.87247301853806,4.9
7891,Physical Science,Gampaha,7,8,2,0.02609331493619127,72.61320412765858,14.1
7892,Commerce,Jaffna,8,5,11,0.35021143371131613,67.74359263737219,15.8
7893,Technology,UpCountry,5,4,9,0.12745537748437896,63.941038811632055,8.6
7894,Bio Science,Kandy,2,10,4,0.16192727672878987,70.06409523271148,2.2
7895,Bio Science,Colombo,3,9,12,0.09832412688338399,62.63006170833369,5.5
7896,Technology,Jaffna,9,6,1,0.15446769977526092,70.92330385795819,15.3
7897,Arts,Colombo,10,10,2,0.41474023780674224,57.11561620796487,18.8
7898,Bio Science,Galle,7,8,13,0.2883566525054344,64.31695846668907,16.0
7899,Physical Science,Kandy,1,9,14,0.05457687163618624,95.2264018481522,1.0
7900,Technology,Gampaha,3,4,3,0.2933018366957824,54.29414626021045,5.5
7901,Commerce,Ratnapura,9,7,12,0.3167816777768986,66.28862084142114,18.8
7902,Physical Science,Gampaha,7,5,0,0.44241184564643465,66.45844090198233,14.5
7903,Physical Science,UpCountry,2,3,3,0.42982272179881154,68.92190185470847,5.9
7904,Technology,Ratnapura,6,7,3,0.03143755811989385,65.89293625571707,10.2
7905,Physical Science,Gampaha,9,7,2,0.4333490474881983,42.24414757491512,21.5
7906,Sinhala,UpCountry,4,5,9,0.02544236700468555,66.93065052425546,5.1
7907,Physical Science,Gampaha,10,7,14,0.07706099210632128,70.64243400952489,23.8
7908,Arts,Gampaha,2,7,14,0.05577500103796257,84.09940406327492,1.3
7909,Bio Science,Kandy,3,10,8,0.09084862031113355,75.08862290684031,4.8
7910,Bio Science,Gampaha,7,6,2,0.401630997117845,79.08790539376298,15.6
7911,Technology,Colombo,4,7,1,0.3430596723267198,45.451919127950376,7.5
7912,Bio Science,Ratnapura,7,5,6,0.34348121866416154,48.05969417378926,15.8
7913,Commerce,Kandy,5,8,8,0.4610638093394848,68.92149506248879,9.1
7914,Physical Science,UpCountry,8,5,5,0.19592551621998439,79.49277978759437,17.5
7915,Physical Science,Colombo,8,8,13,0.0016437215561067586,63.49349116200933,18.5
7916,Physical Science,Colombo,5,9,4,0.31988422603448763,50.895656947111235,10.6
7917,Commerce,Gampaha,7,5,0,0.4340371932128244,35.97799197890775,14.7
7918,Physical Science,Galle,6,4,2,0.48813009028052246,66.44543898497795,14.5
7919,Physical Science,Colombo,8,7,8,0.18194636515798518,62.30629279167581,17.2
7920,Bio Science,Galle,9,5,7,0.4110760942215474,56.99080518754133,20.4
7921,Commerce,Ratnapura,5,4,8,0.42461385716933026,77.57785054139777,10.3
7922,Arts,UpCountry,7,4,7,0.07221892054362128,62.19808065683835,13.9
7923,Physical Science,Kandy,1,10,0,0.31574927762783267,60.013303293377504,1.0
7924,Physical Science,Jaffna,8,7,7,0.08657004957043463,76.99810583886972,17.1
7925,English,Gampaha,3,7,7,0.22331540907684688,96.36103669042035,3.4
7926,Physical Science,Galle,1,5,4,0.4396334596028406,55.33306293048658,1.4
7927,Technology,Colombo,6,6,13,0.3947335560787387,53.35640338271085,11.9
7928,Technology,Ratnapura,8,5,5,0.28516972851587336,47.66411545631091,15.1
7929,Arts,Gampaha,3,5,15,0.40435458217156617,74.65236257675541,4.5
7930,Physical Science,Galle,1,6,1,0.0764137544220081,44.142215189436286,1.1
7931,Technology,Galle,3,7,0,0.09745968379331449,54.401664739250435,4.4
7932,Arts,Kandy,5,10,7,0.10443239577846886,59.220800295666734,7.5
7933,Commerce,Kandy,8,6,6,0.3880067776982122,86.34598636007573,13.6
7934,Bio Science,Colombo,9,10,3,0.4454827522698808,79.39290327645348,19.7
7935,Physical Science,Galle,9,4,14,0.28141816022018445,43.949272059201675,25.3
7936,Physical Science,Galle,4,7,10,0.47898581236783766,88.77236386727905,7.5
7937,Commerce,Jaffna,8,6,11,0.3640151256027303,47.25773170960122,16.7
7938,Commerce,Gampaha,5,8,6,0.28184191692011445,65.40436511145084,9.5
7939,Bio Science,RemoteArea,3,2,1,0.3057952634263646,47.98184619845633,6.9
7940,Bio Science,Galle,5,5,10,0.42476707662320873,59.17543087085468,10.1
7941,Bio Science,Kandy,2,9,1,0.04509035371044706,45.793865819816716,3.0
7942,Commerce,Gampaha,6,6,15,0.0840087434991924,92.63283780840645,9.8
7943,English,Kandy,1,7,6,0.13314749188754083,60.89856685730187,1.0
7944,Physical Science,Kandy,6,8,2,0.4473879279951511,64.38384728380696,12.9
7945,Bio Science,Gampaha,5,4,5,0.4724724855603276,46.41585673008589,12.3
7946,Physical Science,Gampaha,9,5,13,0.17808527423433096,45.27402690099021,22.9
7947,Commerce,Gampaha,7,6,11,0.46192861300562155,58.837832900585504,13.9
7948,Arts,Kandy,6,9,11,0.27342390048357446,73.32190102765544,11.7
7949,English,Gampaha,7,8,14,0.23663687208937967,65.17821772875777,13.0
7950,Physical Science,Colombo,10,10,12,0.4163823389647999,80.6180924460238,25.3
7951,English,Galle,5,5,6,0.27304171844292485,64.86256336054359,7.6
7952,Physical Science,Kandy,1,9,6,0.22724114943394036,63.09697824169418,1.0
7953,Commerce,Ratnapura,9,7,15,0.00798175213516733,75.5266902838877,16.5
7954,Physical Science,Gampaha,5,6,15,0.006448831201954108,69.00449297215926,10.7
7955,Technology,Galle,4,5,14,0.3137957000622307,81.1604380710257,6.0
7956,Commerce,Galle,6,7,9,0.03670846542345807,72.82816181649892,8.6
7957,Commerce,Gampaha,5,6,3,0.3684726543681316,75.16447382735164,7.8
7958,Technology,UpCountry,1,5,2,0.3111707316460009,71.74685123710454,1.0
7959,Physical Science,Ratnapura,2,5,0,0.22886476635607717,80.40405917130323,2.1
7960,Physical Science,RemoteArea,4,5,6,0.3549018215558433,75.43401233000361,8.0
7961,Technology,Colombo,8,9,8,0.4965356722347243,90.21393309613086,14.0
7962,Bio Science,Ratnapura,5,7,0,0.1231783868162602,51.88221774138438,10.3
7963,Physical Science,Gampaha,7,8,4,0.2785278500736303,74.52176227349659,15.9
7964,Bio Science,Gampaha,2,4,14,0.42142795310359454,46.28924830592142,5.9
7965,Commerce,Kandy,8,7,3,0.008437452269879797,75.70609567191865,13.6
7966,Physical Science,Galle,5,8,9,0.10175416435125612,65.34666870640169,10.1
7967,Physical Science,Galle,4,4,1,0.26047932807994484,74.55200886008384,9.9
7968,Physical Science,Gampaha,9,7,6,0.2761230124662502,88.19266570372045,18.5
7969,Bio Science,Gampaha,6,7,6,0.043166632026178875,75.01645074669653,13.1
7970,Technology,Colombo,4,10,12,0.20371476283320633,59.80881596696929,7.8
7971,Sinhala,Ratnapura,8,6,7,0.25989237899309053,47.18041893416071,15.1
7972,Commerce,Kandy,3,7,2,0.21148784940517235,69.04016282998263,4.4
7973,Physical Science,Ratnapura,10,4,5,0.3502981279018966,58.210944391698945,24.1
7974,English,Jaffna,2,7,14,0.3856819443221837,76.95398641986192,2.4
7975,Commerce,Kandy,7,7,3,0.2301308096283885,53.8988915572705,12.9
7976,Physical Science,Colombo,4,9,11,0.21282986391905662,51.557832142528284,8.6
7977,English,Kandy,4,9,10,0.3526818353930614,61.37390279096412,7.4
7978,Arts,Colombo,10,9,2,0.27765117944356127,68.51428264628277,18.4
7979,Arts,Gampaha,9,5,3,0.43521972330698444,63.33298056890238,16.8
7980,Arts,Galle,2,8,11,0.2405730757073365,53.30371412939214,2.5
7981,Physical Science,Gampaha,1,5,0,0.2871637378360814,87.00771169940398,1.0
7982,Physical Science,Colombo,7,7,6,0.06440260157035416,60.91885649200354,14.9
7983,Commerce,Jaffna,8,6,6,0.4179986209224678,29.072637499300782,15.6
7984,Physical Science,Colombo,3,8,6,0.21114606584190132,76.98446081347197,4.5
7985,Bio Science,Jaffna,2,8,1,0.35953164639466084,60.33344144589838,3.4
7986,Arts,Gampaha,4,6,0,0.21474137454056547,57.44217038886785,5.9
7987,Arts,Gampaha,2,8,15,0.0005061148684628036,64.64408540016285,2.2
7988,Bio Science,Galle,2,7,8,0.20020512513320105,61.22855601458427,3.5
7989,Arts,Jaffna,5,7,1,0.073751097539283,85.53464960685764,7.1
7990,Technology,Ratnapura,10,5,4,0.19930753965083348,68.9679820256236,18.2
7991,Commerce,Colombo,5,9,13,0.16067197011382994,70.40566788559732,9.3
7992,Physical Science,Galle,8,6,4,0.10127368933780068,58.05891464943879,17.4
7993,Physical Science,Ratnapura,9,4,12,0.061886048583137065,91.92710740364168,22.1
7994,Bio Science,Kandy,2,7,12,0.364280611124703,78.64395844363737,3.1
7995,Physical Science,Jaffna,1,8,10,0.37743015114983436,79.83581026303021,1.0
7996,Physical Science,Kandy,3,9,7,0.13249875260857874,67.67251957527648,5.0
7997,Physical Science,Galle,6,5,0,0.24759511235840942,74.99906283585439,12.0
7998,Bio Science,Jaffna,5,5,10,0.23203547373011557,70.89776347903174,10.3
7999,English,Jaffna,8,5,6,0.1776237855285009,57.43066143277368,14.4
8000,Physical Science,Galle,8,7,2,0.13881859089837745,66.54123724374811,17.6
8001,Arts,Kandy,2,10,1,0.09301587134084688,91.95628326810242,1.6
8002,Commerce,Gampaha,9,5,4,0.4364463100343214,65.05727500864604,16.2
8003,Physical Science,Gampaha,4,5,3,0.4166562438286722,80.55254591340268,7.3
8004,English,Jaffna,1,5,12,0.20858970511835828,83.87069577920805,1.0
8005,Commerce,Galle,2,7,8,0.3606006282637753,72.4430451429835,2.2
8006,Bio Science,Colombo,6,8,15,0.24916604119960933,92.35161554284453,13.0
8007,Arts,Gampaha,5,8,10,0.042691632646364164,32.40613148061935,9.0
8008,Physical Science,UpCountry,7,3,0,0.41119525422152553,32.45433319018899,17.6
8009,Commerce,Kandy,9,7,10,0.10963577200704927,90.91739810134574,15.4
8010,Physical Science,Colombo,6,7,2,0.3534087553640716,51.288609138307706,13.5
8011,Technology,Jaffna,6,7,2,0.26369898245758294,62.676581078975126,9.9
8012,Bio Science,RemoteArea,2,4,3,0.34526998490725,87.75867333121154,4.0
8013,Commerce,Galle,7,5,6,0.2356015278619813,65.99475346804698,12.2
8014,Physical Science,Jaffna,2,5,4,0.35128057423849335,87.34413152042869,3.0
8015,Commerce,Colombo,7,9,10,0.016406276472543113,59.17640475865013,12.6
8016,Arts,Galle,8,8,9,0.020426469550456017,73.73841502309584,13.6
8017,Bio Science,Kandy,1,10,13,0.44816998260775487,67.37202812089934,1.0
8018,Commerce,Galle,9,6,5,0.3748470079857786,84.85950411870866,16.3
8019,Bio Science,Gampaha,8,8,2,0.414233759941451,57.07577219596569,19.2
8020,Technology,Ratnapura,9,5,4,0.22829269346065706,47.535449728038415,17.2
8021,Bio Science,Gampaha,5,7,12,0.2298234309414387,58.98571479364679,11.4
8022,Technology,Colombo,4,7,14,0.2670020177755365,60.65121063731357,7.3
8023,Technology,Jaffna,1,5,14,0.12183102337992524,57.29274942119955,1.0
8024,Bio Science,UpCountry,9,4,11,0.3667512492442806,55.16915431656951,24.2
8025,Physical Science,Jaffna,4,8,10,0.41472720170028027,81.82575913841342,8.4
8026,Bio Science,Galle,4,8,1,0.453612046327698,81.61729264234276,7.2
8027,Technology,Gampaha,4,8,3,0.2585169241877493,67.37891244483822,6.1
8028,Physical Science,Galle,2,5,11,0.20728825286367092,55.79005687436298,3.9
8029,Commerce,Galle,4,7,2,0.4154666221724811,52.23954235807449,7.4
8030,Technology,Jaffna,2,7,2,0.37633289003218734,29.90633052575344,3.5
8031,Bio Science,Kandy,8,7,11,0.43363660985459634,71.19528567017963,19.2
8032,Commerce,Kandy,7,6,3,0.32786552872620434,51.259046712058336,12.6
8033,Physical Science,Jaffna,10,5,7,0.4416566517364333,85.56650531015795,21.7
8034,Physical Science,Colombo,2,10,11,0.04452083302266063,44.82829147817951,4.0
8035,Arts,Galle,2,5,7,0.3397807888427479,54.61471351177284,2.8
8036,Physical Science,UpCountry,2,2,0,0.04439754424361092,58.56657496094385,5.1
8037,Physical Science,Gampaha,1,5,11,0.3744538216467573,72.47844329625228,1.0
8038,Technology,Jaffna,6,8,15,0.31422193506646995,94.54418494258073,10.3
8039,Bio Science,Jaffna,6,6,4,0.007996010790788266,41.44353648207787,13.4
8040,Sinhala,Jaffna,1,7,13,0.2996304930367223,61.970930211854956,1.0
8041,Sinhala,Kandy,1,6,1,0.07313990427933692,39.07746378928238,1.0
8042,Physical Science,Galle,6,6,9,0.0712057098895349,76.34927385965764,12.6
8043,Physical Science,Gampaha,6,7,5,0.0752315058283089,52.79658729039419,12.8
8044,Arts,Ratnapura,4,6,2,0.2419118011234212,59.45044420413711,7.5
8045,Bio Science,Galle,3,5,14,0.057760127015937524,64.41604692629467,5.6
8046,Physical Science,Jaffna,9,5,11,0.06282787422636388,67.24430407523944,22.0
8047,Arts,Galle,6,7,15,0.12808399306693824,65.1559448200808,10.9
8048,Physical Science,Colombo,1,9,9,0.00042911191388012027,49.924769459834046,1.0
8049,Technology,Ratnapura,3,5,9,0.13789488347868312,65.77349963071813,4.3
8050,Physical Science,UpCountry,1,3,12,0.3092038834010164,54.084192371309776,2.1
8051,Physical Science,Colombo,3,9,12,0.30078528029768276,78.2184480308072,4.6
8052,Physical Science,Galle,2,7,8,0.4847668240823231,64.86120341080107,3.3
8053,English,Galle,5,7,13,0.0598150394898887,50.90385830371939,8.6
8054,Commerce,Jaffna,3,8,8,0.4327856657327896,100.0,2.4
8055,Technology,Colombo,7,10,7,0.19559487994829422,88.38277807937911,11.8
8056,Bio Science,Jaffna,8,5,1,0.19351814398082284,97.15208952250933,16.0
8057,Bio Science,Galle,7,8,10,0.17440544181217182,59.8565703658581,15.0
8058,Physical Science,Gampaha,2,4,1,0.062368265721479244,47.97220888909604,4.9
8059,Bio Science,Gampaha,10,5,10,0.23925251854947371,77.09748744746305,22.2
8060,Commerce,Gampaha,10,4,14,0.39368898467350694,83.62042166500918,21.5
8061,Commerce,Ratnapura,7,6,1,0.437716203573849,63.45090866843335,12.9
8062,Physical Science,Galle,10,4,4,0.4814296290636814,30.443895513648734,25.7
8063,English,Galle,3,6,11,0.3926462428502262,50.78343140217237,5.3
8064,Physical Science,RemoteArea,7,2,9,0.31154585282738445,70.83756968406092,16.2
8065,English,Kandy,1,8,8,0.24876688985299855,54.09740029222664,1.0
8066,Physical Science,Galle,2,6,6,0.43744862580069793,42.5248463470919,4.6
8067,Bio Science,Colombo,10,7,6,0.3697568034290802,59.135165402737776,22.4
8068,Bio Science,Jaffna,1,7,2,0.08062908798575708,12.300424283348782,3.1
8069,Bio Science,Kandy,9,9,2,0.34127524639810325,51.9504161855742,20.9
8070,Commerce,UpCountry,2,3,9,0.21551929896500593,58.10965060186079,4.5
8071,Bio Science,Galle,2,6,15,0.29789983871090736,72.15595395399352,3.6
8072,Bio Science,UpCountry,6,5,2,0.44917654190871453,69.21431726394451,13.3
8073,Arts,Galle,7,7,0,0.32628527436695204,65.6656472386197,12.7
8074,Commerce,Galle,2,4,12,0.4693621425881401,79.45873249440143,4.4
8075,Technology,Ratnapura,4,8,11,0.4331848376320379,62.9803125830058,7.4
8076,Physical Science,Galle,3,5,7,0.06445062558172387,41.66617918156376,5.6
8077,Commerce,Kandy,5,10,11,0.0058259568894769576,66.16291769460015,8.0
8078,Commerce,Gampaha,9,6,10,0.19220570432444067,51.86749119695491,16.9
8079,Bio Science,Ratnapura,2,4,1,0.4326649941793546,40.146694187183414,6.5
8080,Bio Science,Jaffna,5,7,10,0.11506299635508438,73.68524717952084,9.7
8081,Bio Science,Gampaha,8,4,6,0.345699960949748,41.80675777230559,20.1
8082,Physical Science,Gampaha,6,5,8,0.23799768461150533,74.20314292255878,11.7
8083,Physical Science,Jaffna,4,6,13,0.3730388802145334,47.117619040660564,9.4
8084,Physical Science,UpCountry,10,2,1,0.0824884394889786,56.14181431558784,23.2
8085,Commerce,Galle,8,4,12,0.11954551949169412,57.53965902862956,16.8
8086,Commerce,Gampaha,3,4,0,0.12126223474833336,77.05342495370395,5.2
8087,English,Gampaha,4,7,4,0.27423290675410533,70.91504913105484,6.2
8088,Arts,Colombo,9,8,15,0.14481222890251344,55.13632570817849,18.5
8089,Physical Science,Gampaha,5,7,9,0.40586118641734414,62.136072779569915,11.1
8090,Technology,Colombo,6,6,4,0.17339710955208476,81.94118790434362,9.2
8091,Technology,RemoteArea,2,5,0,0.3304255743951937,82.39529406433326,1.0
8092,Bio Science,Kandy,9,9,8,0.4742509430484026,43.467858453150996,20.6
8093,Commerce,Colombo,8,7,2,0.3034618588404104,80.74295108823013,13.6
8094,Sinhala,Gampaha,7,8,13,0.1210767611069214,85.09471892504689,12.8
8095,Commerce,Kandy,9,10,1,0.41522833656773867,63.17919796148307,17.0
8096,English,Kandy,5,7,11,0.006271260348416963,64.1385989071093,8.6
8097,Physical Science,Ratnapura,5,5,6,0.1282685807155211,54.743465227059914,10.8
8098,Physical Science,UpCountry,9,5,13,0.193745244273892,47.69894216652786,23.7
8099,Bio Science,Colombo,5,9,11,0.09798943068393484,70.58414643908915,10.7
8100,Commerce,Ratnapura,9,6,15,0.3020090462695055,64.9491493690578,17.9
8101,Technology,Ratnapura,1,8,4,0.27900030847012586,68.52380727918238,1.0
8102,Sinhala,Kandy,10,9,3,0.2032482842193848,68.38216080268984,18.3
8103,Bio Science,Colombo,10,8,3,0.14718972332719754,99.2685269078373,21.6
8104,Physical Science,Ratnapura,8,8,14,0.216953621681011,84.95025511509485,18.2
8105,Technology,Gampaha,3,6,8,0.14560112835636768,72.20374973005225,3.7
8106,Commerce,Kandy,8,8,8,0.11062925413917613,31.945574746322336,14.9
8107,Physical Science,Colombo,5,7,0,0.17563506615467323,65.8846412533126,9.6
8108,Bio Science,Gampaha,2,4,11,0.3011677909753949,89.23401323486166,4.3
8109,Arts,Gampaha,9,4,12,0.3241954283595315,59.59559414225232,20.0
8110,Arts,Colombo,4,6,9,0.14867358053181295,97.36021506316908,5.0
8111,Bio Science,Kandy,7,8,6,0.47369901816479043,71.15796593751227,16.3
8112,Bio Science,Ratnapura,8,7,10,0.13097961495880195,69.41832468662291,17.3
8113,Sinhala,Ratnapura,7,4,7,0.35606605508914835,48.63845264068836,14.0
8114,Commerce,Kandy,6,9,4,0.04074002844899999,84.5555047765294,9.6
8115,Bio Science,Colombo,7,10,6,0.33242227304919014,50.54060477097215,15.6
8116,Physical Science,Ratnapura,4,4,7,0.22997437432944262,55.03439535713123,9.6
8117,Arts,Gampaha,10,6,7,0.2845539223216977,35.28384492823885,19.3
8118,Physical Science,UpCountry,1,3,14,0.09203632975693271,80.44230767678877,1.4
8119,Physical Science,Jaffna,5,6,8,0.21678198428981554,72.81497738272162,10.1
8120,Commerce,Galle,8,7,4,0.38313892827857676,62.153031913301916,15.8
8121,Physical Science,Galle,10,8,1,0.38354241640079134,71.60367389805734,22.2
8122,Commerce,RemoteArea,6,4,5,0.11877798061579803,72.18985062599508,11.4
8123,Physical Science,Galle,5,5,0,0.1762996375565145,54.517249105217324,10.7
8124,Commerce,Kandy,2,7,9,0.0019067776960507432,52.727442370602304,2.0
8125,Physical Science,Gampaha,10,8,5,0.044981087169088,36.77091602480931,22.7
8126,Physical Science,Colombo,5,6,2,0.06336517632437744,58.33485487746445,10.7
8127,Physical Science,Jaffna,10,6,12,0.14682566294795002,46.37776048094517,24.7
8128,English,RemoteArea,3,4,2,0.37950774337123344,63.44002148942062,5.7
8129,Technology,Gampaha,2,5,6,0.25512506607799346,60.5937394433712,3.4
8130,Physical Science,Jaffna,3,7,3,0.3963040682761247,55.46953810497635,5.5
8131,Arts,Gampaha,4,6,4,0.3774528537985216,77.69774239022775,6.6
8132,Commerce,Gampaha,2,5,14,0.29356910475383774,52.204536969809524,3.0
8133,Sinhala,Gampaha,4,7,5,0.24993010059803922,34.780262928972036,6.7
8134,Bio Science,Kandy,4,6,11,0.46566043077464,62.11910429414232,9.0
8135,Commerce,Gampaha,6,4,9,0.28463511130720753,53.40085149764741,12.2
8136,Physical Science,Jaffna,5,5,11,0.24141199230785476,67.32353741830062,10.4
8137,Bio Science,Galle,7,5,13,0.43456040476991803,52.79605924251581,17.6
8138,English,Galle,7,4,5,0.035719357376152894,68.80792032805878,13.4
8139,Commerce,Colombo,3,7,1,0.32801315975895207,45.90679015380996,5.0
8140,Physical Science,Galle,9,8,2,0.05651362507986968,46.244465143605645,20.4
8141,Physical Science,Gampaha,7,6,0,0.4099108139430523,69.24652241805393,15.4
8142,Arts,Gampaha,7,8,15,0.3963330925248194,66.80322000238041,14.4
8143,Commerce,Jaffna,2,7,2,0.25180001712662325,43.19399038682579,2.5
8144,Bio Science,Gampaha,10,5,7,0.3305220750429964,49.22276500399387,22.9
8145,English,Ratnapura,3,5,14,0.38631084565208235,61.407782617702026,5.6
8146,Physical Science,Gampaha,3,7,15,0.24165193500818338,50.355573105482975,6.8
8147,Bio Science,Jaffna,6,6,3,0.4529789568946636,57.18097565698238,12.2
8148,English,Gampaha,4,4,1,0.2185150046293146,56.70884614258448,7.2
8149,Bio Science,Kandy,4,10,3,0.44601125758634735,47.74402656107318,8.9
8150,Physical Science,Jaffna,1,6,15,0.2913720244242052,77.25057502274126,1.2
8151,Commerce,Jaffna,6,4,13,0.2131216319697703,51.194263261453784,13.2
8152,Technology,Galle,8,4,14,0.0020487671563012566,85.68502395192364,16.4
8153,Physical Science,Gampaha,8,5,6,0.14777796027823747,59.72273747983822,17.5
8154,English,Colombo,8,9,8,0.4339607461708292,54.10512314125301,15.4
8155,Arts,Gampaha,5,5,4,0.21435639453184763,70.09048164990908,8.6
8156,Physical Science,Gampaha,10,7,12,0.21073426358701858,66.5166938720563,24.9
8157,Arts,Jaffna,6,5,4,0.24470534053355214,73.39839045089846,10.5
8158,Bio Science,Ratnapura,5,8,11,0.14315201576128894,35.484146507335595,11.9
8159,Bio Science,Gampaha,4,5,15,0.24577563487873505,75.25277142509108,8.2
8160,Arts,Galle,4,8,4,0.18788155822003838,54.21084436291635,6.8
8161,English,Jaffna,4,6,9,0.4547212652162566,65.06376421736893,7.0
8162,Physical Science,Jaffna,4,6,8,0.28198338559827707,62.67744976666603,8.4
8163,Bio Science,Galle,6,5,6,0.41707548457121235,83.19924132956507,11.6
8164,Bio Science,Galle,6,6,15,0.3434370477881703,39.59255449846886,15.7
8165,Bio Science,Jaffna,5,4,13,0.10630149202804895,90.7114178271131,10.9
8166,Bio Science,Gampaha,9,8,2,0.4338328048504447,71.59666146915414,19.7
8167,Physical Science,RemoteArea,8,5,13,0.04363539869426192,68.7820468586329,18.8
8168,Commerce,Kandy,10,10,1,0.22431893028644462,38.997125973826776,19.1
8169,Bio Science,Colombo,6,7,8,0.11957771276602236,38.91898289815198,14.1
8170,Physical Science,Colombo,9,8,2,0.2687777113161023,52.58579942524891,19.8
8171,Technology,Jaffna,5,6,12,0.1500247897223983,75.52654536162764,8.3
8172,Technology,UpCountry,10,2,10,0.36141312961231187,64.9099607620272,19.1
8173,Bio Science,Colombo,4,8,7,0.4684593505769021,72.17360200430858,8.2
8174,Physical Science,Ratnapura,6,5,14,0.3545449891076184,45.049654186648624,14.8
8175,Commerce,Galle,4,5,11,0.17765518338790276,66.16599509661566,6.1
8176,Physical Science,UpCountry,8,5,3,0.3000349808289769,77.93072062799706,17.9
8177,Physical Science,Colombo,7,10,4,0.4442630458990605,83.77830155473453,15.4
8178,Arts,Gampaha,5,8,7,0.1350141948934528,44.69049156878676,8.8
8179,Physical Science,Jaffna,10,8,4,0.059102381869135356,56.72116440137694,22.8
8180,Physical Science,Gampaha,6,7,9,0.06538199430549596,59.388044168433424,12.5
8181,Physical Science,Galle,7,7,1,0.24742650517167386,51.104528659068514,15.9
8182,Physical Science,Colombo,2,9,5,0.36606813056492143,76.11654998302414,3.4
8183,Physical Science,Ratnapura,9,4,6,0.32862887104320326,100.0,19.9
8184,Sinhala,Colombo,7,9,11,0.2269447502423409,48.794281160038494,14.3
8185,Physical Science,Colombo,8,8,0,0.36464902009068156,66.37152110792584,17.8
8186,Physical Science,Colombo,5,6,9,0.3169849780705085,68.93298712749574,9.8
8187,Physical Science,Ratnapura,3,6,8,0.3141153778004238,68.75475370551628,4.9
8188,English,Galle,2,8,5,0.10118819864710243,82.49495854243932,1.7
8189,Commerce,Colombo,2,7,3,0.15629171651314094,67.09939461319142,1.9
8190,Bio Science,UpCountry,3,6,1,0.1722121626446051,28.455529609468968,5.9
8191,Technology,Gampaha,1,7,8,0.40409537914194765,42.44763117097313,1.7
8192,Bio Science,Jaffna,1,5,5,0.38755524548268055,46.495887238791326,2.1
8193,Bio Science,Colombo,7,10,8,0.12633637870745218,52.7715089538956,14.7
8194,Physical Science,Colombo,10,6,1,0.02757613715498991,58.406272645546146,22.1
8195,Bio Science,Kandy,8,9,4,0.38389190460322775,58.77938025052163,18.8
8196,Bio Science,Kandy,6,10,5,0.2049330893971592,35.149034102112836,13.2
8197,Commerce,Galle,7,5,15,0.10990158449514209,43.36946605502762,14.9
8198,Physical Science,Galle,1,6,13,0.05850843528554772,34.71527325426997,1.3
8199,Commerce,Jaffna,1,8,10,0.006407325294250477,41.68979724792011,1.0
8200,Physical Science,Gampaha,9,4,4,0.21386481740694308,76.86746380788568,20.3
8201,Physical Science,Galle,5,5,5,0.16988190719341273,58.443201953860346,9.7
8202,Bio Science,Kandy,7,10,2,0.3482350753536414,46.70944089462573,15.6
8203,English,RemoteArea,6,4,8,0.4883327160937041,35.23636362593905,13.7
8204,Bio Science,Galle,4,7,1,0.10339130980807698,45.30763944918335,9.5
8205,Commerce,Ratnapura,1,7,13,0.1215180701869687,75.607739913637,1.0
8206,Physical Science,Gampaha,4,7,11,0.16865128843219823,72.6349602833505,8.2
8207,Physical Science,Kandy,10,7,1,0.23296881744165265,56.71305642570559,22.4
8208,Physical Science,Jaffna,10,6,4,0.3488493476702677,57.994419414436315,22.3
8209,Bio Science,Kandy,8,8,10,0.17601576091930332,38.43121934248175,18.8
8210,Physical Science,Galle,1,8,9,0.05210027148538954,52.859155436589305,1.0
8211,Physical Science,Colombo,2,9,2,0.3651708186238703,69.33369751451954,3.1
8212,Arts,Colombo,8,7,12,0.39732083900892656,55.877779807769436,16.6
8213,Physical Science,Ratnapura,2,7,12,0.12382432779395708,90.35214607284661,2.4
8214,Commerce,Kandy,10,9,1,0.06837812187115327,78.58348286546638,17.2
8215,Bio Science,Jaffna,9,8,15,0.26390052573287515,60.69338369300689,22.0
8216,Commerce,Gampaha,3,8,5,0.10415715043567325,58.519509680757615,4.0
8217,Commerce,Kandy,3,10,11,0.18708171667431428,98.84612864657966,2.9
8218,Bio Science,Ratnapura,6,4,5,0.3886806100644252,75.20792374195317,13.7
8219,Physical Science,Ratnapura,3,4,6,0.1098035215922944,64.05412809558105,6.0
8220,Arts,Jaffna,9,5,3,0.4031296305593555,64.28553862408529,16.8
8221,Technology,Gampaha,8,5,7,0.3370099939081552,65.73338463425682,14.4
8222,Physical Science,Jaffna,4,8,2,0.10986293186895041,60.745396090546045,7.2
8223,Physical Science,Galle,6,6,9,0.26320230052304167,48.43533678879382,12.7
8224,Technology,Galle,8,5,0,0.30703538125313357,53.965255642364646,14.2
8225,Bio Science,Colombo,4,6,4,0.10013801890682172,40.459407216879846,8.1
8226,Commerce,Gampaha,5,4,5,0.07247466790625845,73.37215897424102,9.8
8227,Bio Science,Jaffna,7,7,10,0.2655839672131323,63.01268319378401,14.9
8228,Physical Science,Galle,8,8,12,0.34692058306783047,77.632271497781,19.2
8229,Commerce,Galle,7,6,2,0.23253442003577413,41.88357913846697,13.8
8230,Commerce,Colombo,8,10,1,0.03501962426596017,81.83118895407029,13.4
8231,Physical Science,Colombo,4,6,2,0.462606353348399,80.46565083283035,7.5
8232,Bio Science,Kandy,1,8,2,0.3474827229272553,37.38357394510242,1.8
8233,Arts,Jaffna,6,5,6,0.31059814289344745,55.41179707834959,10.8
8234,Commerce,Gampaha,5,7,0,0.32181350596533864,54.04006539688446,9.7
8235,Physical Science,Colombo,4,6,10,0.1993028004540347,43.43157554829284,7.7
8236,Commerce,Jaffna,2,7,3,0.4922002496530509,57.60197935290364,3.6
8237,Arts,Colombo,1,10,10,0.06633960585925597,73.37137794982287,1.0
8238,Arts,Colombo,9,8,2,0.3695706887416133,53.958567086102896,17.3
8239,Commerce,Colombo,2,10,9,0.21043798013354942,38.80677137836858,2.9
8240,Physical Science,Gampaha,9,7,10,0.44054802380406316,76.58732156085179,20.8
8241,Arts,Kandy,6,6,6,0.3586306371085239,51.12456206090512,11.3
8242,Commerce,Gampaha,6,7,0,0.28112611167984614,49.70593890842095,11.2
8243,Physical Science,Ratnapura,2,4,7,0.46884681719409016,88.7193860756575,3.8
8244,Bio Science,Ratnapura,6,7,9,0.45622168046986844,70.44981381437138,13.9
8245,Bio Science,Colombo,3,10,15,0.02616699797612282,55.36410747052336,7.3
8246,Commerce,Jaffna,7,7,6,0.09629402336969639,45.163531253729715,13.7
8247,Physical Science,Ratnapura,10,5,12,0.3380232924522893,80.48835841338202,23.6
8248,Commerce,Kandy,4,10,15,0.46091971325304226,80.95567441212347,6.7
8249,English,Colombo,9,9,11,0.21516500126757132,57.89903444890667,17.5
8250,Arts,Colombo,5,9,11,0.019152622680204012,46.61485021899162,9.0
8251,English,Colombo,10,8,7,0.32164862999001864,69.28398919709186,18.5
8252,Sinhala,Ratnapura,3,8,7,0.09734349862057179,72.408828302789,4.1
8253,Physical Science,Jaffna,1,6,12,0.27616086665834194,60.408898629872766,1.2
8254,Commerce,Gampaha,1,8,10,0.1923416293122766,48.45254903852825,1.0
8255,Bio Science,Galle,4,4,8,0.27901351955101555,64.37137900205784,9.5
8256,Technology,Ratnapura,10,8,0,0.4662181597316999,66.92623981027161,19.0
8257,Physical Science,Colombo,10,10,8,0.24290029522148598,56.69351745972751,23.1
8258,Sinhala,Gampaha,4,7,0,0.017264411886061592,63.92839814589152,6.1
8259,Commerce,Galle,9,5,14,0.2904589931397219,72.41460543558853,18.0
8260,Arts,Gampaha,8,8,2,0.16287276508765897,78.181959133547,13.6
8261,Physical Science,Gampaha,4,6,12,0.38906744219790257,59.68975129770317,9.3
8262,Physical Science,Gampaha,6,5,15,0.23496423514733772,50.41115938465714,15.8
8263,Arts,Ratnapura,7,8,6,0.3706853689158211,61.990204941960805,13.3
8264,Physical Science,UpCountry,10,3,14,0.45441049767415687,92.31253099977269,25.8
8265,Technology,Kandy,8,6,12,0.18113699563622548,39.553138823350736,16.9
8266,Physical Science,Galle,4,5,7,0.49468895619540176,28.804100438676947,9.7
8267,Commerce,Jaffna,1,4,11,0.07490643296989258,63.879421376509605,1.7
8268,Bio Science,Kandy,5,7,4,0.3219658409465943,56.31087044988523,11.2
8269,Commerce,Ratnapura,1,5,0,0.017383801565622414,56.874524919779205,1.0
8270,Commerce,Kandy,4,8,2,0.10652833292556796,57.316391453144476,6.2
8271,Bio Science,Colombo,7,8,6,0.31688929572828756,78.08365466812097,14.1
8272,Physical Science,Gampaha,7,7,1,0.02309586978054834,59.86307369674148,15.2
8273,Physical Science,Kandy,1,7,1,0.050893542644179335,72.79384100642991,1.0
8274,Commerce,Galle,9,4,8,0.14550529745760699,26.837445559314283,19.2
8275,Commerce,Jaffna,2,5,5,0.28781856799112543,54.564426672120646,2.6
8276,Arts,Jaffna,5,8,3,0.007991277695574561,49.270557207840774,8.4
8277,Commerce,Colombo,6,6,15,0.24117712878890607,33.230227922685856,12.5
8278,Bio Science,Gampaha,1,8,15,0.31287187437255237,69.05094870788962,1.3
8279,Bio Science,Ratnapura,2,7,14,0.20126139441616475,65.49535025443029,3.8
8280,Physical Science,Jaffna,7,8,9,0.033819903739453816,57.49428586596991,14.2
8281,Bio Science,UpCountry,6,5,13,0.3054373175982106,64.61035645952131,13.6
8282,Sinhala,Colombo,6,9,8,0.3029176984572337,65.55085874788892,10.6
8283,Technology,Ratnapura,6,7,14,0.2530211775172515,82.19648013166321,10.0
8284,Bio Science,Gampaha,7,8,6,0.34657273779777,72.63794627978058,15.5
8285,Commerce,Galle,10,7,6,0.10390086657664216,67.9283209102595,17.8
8286,Technology,Kandy,9,9,7,0.33927037117527886,98.10858100843983,15.8
8287,Bio Science,Ratnapura,9,6,2,0.0807273698251263,50.378905903374026,20.1
8288,Physical Science,RemoteArea,2,3,1,0.19634681551739347,40.10147962805888,5.3
8289,Physical Science,Galle,2,7,0,0.03378332313929905,77.61228146506427,1.7
8290,Commerce,Colombo,5,6,1,0.40956366604010336,88.50257169345781,7.6
8291,English,UpCountry,10,2,2,0.26911671050747044,51.47211810013988,20.3
8292,Commerce,Gampaha,7,6,4,0.48552460118184415,82.66702767052615,12.1
8293,Physical Science,Gampaha,3,8,7,0.47116330053854055,55.498162739164286,6.7
8294,Physical Science,Gampaha,3,8,12,0.49928056811592586,74.77129523260247,5.9
8295,Arts,Galle,4,8,10,0.05063308514111986,74.6040938781912,5.6
8296,Technology,Jaffna,3,7,10,0.303290189268331,55.53420661218961,5.5
8297,Commerce,Ratnapura,3,8,12,0.20378760581708028,93.70087520253489,4.0
8298,Commerce,UpCountry,8,6,2,0.266332293701812,90.4237393565325,13.6
8299,Physical Science,Colombo,7,7,6,0.1543836830016591,47.68190237076207,14.8
8300,Technology,Jaffna,7,7,10,0.024034419029214937,68.0158136957227,11.1
8301,Arts,Kandy,10,9,10,0.35387513480349736,78.71753413071454,18.4
8302,Physical Science,Colombo,2,6,4,0.48290853691658514,33.76124993339819,5.0
8303,Arts,Colombo,9,6,4,0.2661909130422025,62.39345919722815,15.5
8304,Physical Science,Galle,6,5,13,0.16478997523094763,41.702332403446825,15.0
8305,Physical Science,Gampaha,3,6,15,0.4691391243659865,77.51226379741425,5.7
8306,Physical Science,Jaffna,9,7,7,0.182333264737428,64.78959790787647,19.6
8307,Physical Science,Kandy,9,6,9,0.4572645963701914,58.893463604902344,21.0
8308,Bio Science,Jaffna,6,8,4,0.42784542741253534,38.496478873862515,14.3
8309,Bio Science,Gampaha,10,7,9,0.26435550287437076,55.52097279112061,22.6
8310,Commerce,Colombo,6,9,14,0.3384363333342286,74.78795470802646,11.5
8311,Bio Science,Gampaha,8,7,6,0.3501587218078053,62.38544818455973,17.6
8312,Physical Science,Galle,8,4,15,0.32054585251362877,85.38796242508228,19.9
8313,Physical Science,Gampaha,6,5,12,0.08037497748597933,82.91637798456493,13.6
8314,Commerce,Colombo,7,6,11,0.34638810585341023,81.77942083443594,13.8
8315,Bio Science,UpCountry,4,6,9,0.0016090420558418916,56.43346976091799,7.4
8316,Physical Science,Galle,1,8,7,0.3550184091896315,67.92462939023791,1.0
8317,Technology,Ratnapura,4,6,7,0.2774180673126004,49.021486398002786,7.4
8318,Arts,RemoteArea,8,2,2,0.12988021107141923,42.10098378773023,16.0
8319,Technology,Jaffna,8,4,3,0.4018821723719242,79.22780096988566,16.1
8320,Bio Science,Colombo,2,8,13,0.20263946943826044,48.70213966362406,3.4
8321,Physical Science,Colombo,7,8,12,0.2428885923080662,46.59069421348654,17.1
8322,Commerce,Jaffna,1,7,7,0.01383727743356733,65.0779198408841,1.0
8323,Physical Science,Galle,2,7,4,0.20065984288326305,57.939861800374736,2.8
8324,Bio Science,Colombo,8,10,13,0.08368139624157989,63.73672570649353,18.7
8325,Physical Science,Colombo,10,7,11,0.1380716559173718,100.0,23.2
8326,Technology,Gampaha,4,8,0,0.12606974934336967,45.08300473488128,5.9
8327,Physical Science,Kandy,3,6,6,0.023010396867046867,70.42549817128915,4.9
8328,English,Colombo,2,7,2,0.23024727262380895,62.30038836943961,3.0
8329,Technology,Colombo,6,9,1,0.2612962065649444,75.64008391886846,10.4
8330,Bio Science,Jaffna,4,6,11,0.28553131434065837,53.71316690474505,9.1
8331,Arts,Galle,3,6,9,0.23110988524617743,61.13302745985139,4.4
8332,Commerce,Kandy,3,10,4,0.4347634470085368,63.712200040698306,5.5
8333,Technology,Gampaha,10,4,0,0.018839872554321346,38.49268220654214,20.9
8334,Bio Science,Gampaha,3,4,13,0.3069043028966302,39.41674505989556,8.7
8335,Arts,Gampaha,8,6,8,0.4330658398201415,63.68802040974487,14.4
8336,Bio Science,UpCountry,9,6,9,0.020520120456180235,84.56456154917535,19.3
8337,English,Galle,9,8,13,0.2481534997121197,61.21694403352315,18.6
8338,Bio Science,Colombo,5,9,14,0.2945135964409491,63.77373107344441,12.1
8339,Bio Science,Gampaha,1,7,4,0.09545287478833897,79.26058589699028,1.0
8340,Arts,Kandy,10,9,5,0.12625005441594966,60.2677611995914,18.1
8341,Technology,Kandy,5,7,6,0.39279666877167607,74.65363459707235,7.5
8342,Commerce,Gampaha,1,8,13,0.28369889085476013,100.0,1.0
8343,Physical Science,Galle,9,8,8,0.1578893486210315,55.34403549827782,20.9
8344,Bio Science,Galle,10,7,10,0.38237761113863517,62.34417918359122,22.3
8345,English,Kandy,8,8,4,0.37335778710212286,67.9432721584222,14.6
8346,Arts,Galle,7,7,11,0.17270089265419453,87.87435634382058,12.4
8347,Technology,Galle,2,5,15,0.24432381522463703,65.77309834565763,2.5
8348,Physical Science,Galle,2,6,3,0.33225946676879853,72.43903874613824,2.8
8349,Bio Science,UpCountry,4,6,11,0.17162460894100795,70.7182767327157,8.7
8350,Commerce,Colombo,9,7,2,0.3145047055005885,59.91640051408629,16.1
8351,Technology,Colombo,9,7,4,0.12553686536588649,55.693676091665736,16.2
8352,Physical Science,Galle,8,6,13,0.14601041374412949,57.36177081426225,19.7
8353,Technology,Galle,5,7,9,0.15533632168722195,100.0,6.0
8354,Commerce,UpCountry,7,5,9,0.46802738520775694,41.38427662549615,13.7
8355,Physical Science,Ratnapura,9,4,12,0.4168360710538248,44.30565479218571,24.3
8356,Bio Science,Kandy,3,8,2,0.282582987794584,64.67110671839619,6.4
8357,Physical Science,Colombo,4,9,4,0.2819361047057696,65.04898998402187,8.2
8358,Commerce,Kandy,2,7,7,0.028073261027571184,69.89529244789193,1.3
8359,Physical Science,Colombo,9,9,1,0.32475403163525574,47.38182473898985,21.4
8360,Physical Science,Colombo,7,9,12,0.16405992866412428,50.602912574424074,17.0
8361,Technology,Ratnapura,6,5,3,0.3061496810650398,57.21754756297315,10.8
8362,Physical Science,Kandy,5,8,7,0.42011687388561814,77.11421358346885,10.7
8363,Physical Science,Gampaha,7,4,14,0.02274915292999241,51.73398357334646,18.0
8364,Bio Science,Colombo,3,9,13,0.3035317517054655,68.76687225345876,6.7
8365,Commerce,Gampaha,5,7,4,0.2821003072833815,54.316106913015226,9.0
8366,Arts,Colombo,2,9,7,0.10338327761471677,40.63278638067163,2.5
8367,Bio Science,UpCountry,5,4,15,0.3232164744823395,48.27888477496356,13.5
8368,Arts,Gampaha,7,5,5,0.2774176169726455,76.15521670114104,11.4
8369,Commerce,Gampaha,10,5,0,0.38366006201115904,50.94250564815197,19.2
8370,Physical Science,Galle,7,5,4,0.055309284074674725,80.65713020326515,14.1
8371,Physical Science,Kandy,9,7,9,0.2218036768520103,63.941285701664924,20.1
8372,Bio Science,Jaffna,3,5,15,0.4989664668840864,46.98260659178253,6.3
8373,Bio Science,Kandy,8,7,14,0.3446404241022352,74.15798354446672,18.8
8374,Arts,UpCountry,5,5,1,0.34214911131824427,48.47988284814286,8.6
8375,Commerce,Colombo,7,9,15,0.1589355501761715,61.847321655951234,13.7
8376,Bio Science,RemoteArea,1,3,6,0.046944052110591494,79.99086199266195,1.0
8377,Physical Science,Galle,1,5,13,0.4747471876180103,47.15482168513648,2.1
8378,Physical Science,Kandy,4,8,9,0.052735701484296904,57.7557714938198,7.5
8379,Commerce,Jaffna,5,6,3,0.4963531553021657,45.247019960328615,10.3
8380,Bio Science,Kandy,10,10,1,0.06289048621096782,42.64500612343474,22.7
8381,Commerce,Ratnapura,3,7,0,0.08545367426296391,52.90213217573781,4.9
8382,Physical Science,Colombo,6,7,4,0.15418347752501604,49.136453852659876,13.0
8383,Commerce,RemoteArea,3,5,10,0.2561875967447691,60.89139465362509,4.9
8384,Technology,Kandy,5,10,9,0.3952008260553829,74.08260091547703,7.9
8385,Physical Science,Gampaha,1,6,12,0.4855041509674194,54.737092476324776,1.6
8386,Bio Science,Galle,3,8,7,0.17941244047871624,41.477259025063525,5.9
8387,Sinhala,Kandy,7,6,7,0.010206546612579637,73.12213994016128,12.5
8388,Bio Science,Ratnapura,3,6,11,0.30833976149790165,54.136319457131016,6.0
8389,Commerce,Jaffna,5,7,12,0.3553949306243848,93.41653502045534,9.3
8390,Physical Science,Jaffna,7,6,9,0.19872210776783328,58.36505791918011,14.6
8391,Commerce,Colombo,2,10,1,0.09173802448821167,58.46037222432935,2.6
8392,Physical Science,UpCountry,3,3,5,0.15300779736901865,27.93861552082376,7.8
8393,English,Colombo,4,10,6,0.32789985465995647,45.57399456296575,7.3
8394,Arts,Gampaha,5,8,9,0.24709143488398416,30.312891747593966,9.4
8395,Arts,Colombo,9,7,0,0.371712014326127,64.41130981564069,16.2
8396,Arts,Kandy,9,9,4,0.10908512226165712,60.773048726208195,16.2
8397,Commerce,Gampaha,4,7,5,0.42099280915185805,71.95184815646283,6.2
8398,Bio Science,Gampaha,9,6,15,0.07794245909836217,79.61114963926858,21.3
8399,Technology,Galle,4,8,6,0.16495771445622204,77.42207903226584,5.2
8400,English,Ratnapura,2,6,10,0.2956038149276106,61.62439719193048,2.8
8401,Bio Science,Galle,10,5,8,0.36843159582623475,65.2811917086758,23.0
8402,English,Kandy,1,6,2,0.1330907356020113,69.68413032068246,1.0
8403,Commerce,RemoteArea,7,5,7,0.4740598677409205,51.57907970139233,12.6
8404,Commerce,Kandy,4,7,9,0.35305564159846253,50.429813299301394,7.9
8405,Bio Science,Ratnapura,8,7,2,0.10883751587945611,84.10100859614238,16.8
8406,Physical Science,Ratnapura,8,6,10,0.36288276781428513,37.907536874315326,18.3
8407,Physical Science,Galle,8,4,8,0.34816684735894565,71.50006127984294,19.3
8408,Physical Science,Galle,6,8,7,0.3763420359057795,68.61817574813529,12.0
8409,Commerce,Gampaha,9,7,8,0.45794036236321795,47.15019138143141,17.9
8410,Bio Science,Kandy,4,10,4,0.35585859268959963,51.98235412308631,9.6
8411,Bio Science,Gampaha,5,6,10,0.17595514644205357,59.64738455014695,10.8
8412,Sinhala,RemoteArea,4,5,8,0.39525873887335233,67.25008428645697,6.0
8413,Bio Science,UpCountry,5,4,12,0.3479308789011463,71.27506903830113,11.9
8414,Bio Science,RemoteArea,2,6,2,0.2871295929292889,60.53605683730542,4.0
8415,Physical Science,Galle,5,6,6,0.17691644666511291,65.8258894820247,10.1
8416,Physical Science,UpCountry,10,4,2,0.4605245882041397,70.89175402565557,23.9
8417,Arts,Colombo,8,8,5,0.2563773713762224,71.69894844768501,14.7
8418,Commerce,Galle,9,5,7,0.3140516885186175,86.51459609722383,15.4
8419,Arts,Jaffna,7,5,1,0.20768154401363725,76.14703603763307,12.3
8420,Physical Science,RemoteArea,7,5,14,0.39040765440739306,67.26686985890373,16.8
8421,Commerce,Kandy,6,8,7,0.17051975319355284,73.11023101384193,10.0
8422,Physical Science,Ratnapura,2,6,0,0.4053171957544755,66.35734717645595,4.2
8423,Physical Science,Kandy,10,8,3,0.05397071433579037,63.966098705337785,21.7
8424,Physical Science,Jaffna,10,5,6,0.3544809470622943,49.97102352079907,22.8
8425,Physical Science,Colombo,9,10,13,0.23844107461553676,68.93383811857605,21.6
8426,Bio Science,Gampaha,5,6,15,0.349376781460954,36.52126968860999,12.0
8427,Physical Science,Kandy,6,6,0,0.265697821523334,76.08487776489653,12.9
8428,Sinhala,Gampaha,1,7,5,0.06715316385180098,67.75521575055116,1.0
8429,Bio Science,Gampaha,5,5,9,0.23849577127521265,62.11222449664896,10.4
8430,Physical Science,Colombo,6,10,5,0.48227948533234427,56.18922584537869,13.0
8431,Physical Science,UpCountry,10,2,13,0.3774203006183942,76.3175382581563,24.6
8432,Commerce,Galle,2,6,12,0.15009464101072356,93.56271120303217,1.0
8433,Physical Science,Ratnapura,7,5,6,0.4720570739534227,68.62619844948658,15.3
8434,Technology,Galle,4,6,8,0.3894731385945538,92.533717835791,4.7
8435,English,Jaffna,5,7,6,0.18222356053907934,74.76531323309948,9.1
8436,Physical Science,Ratnapura,3,5,2,0.3017869828880925,48.918962565380525,6.4
8437,Bio Science,Gampaha,5,4,3,0.21334280201819478,68.81593879796301,11.9
8438,Physical Science,Kandy,4,10,12,0.04834519694598183,71.85102134252513,7.9
8439,Commerce,Gampaha,10,8,14,0.403014703180912,54.91011821822749,21.2
8440,Bio Science,Galle,6,7,0,0.09553906256376082,53.884104661379666,12.6
8441,Physical Science,Gampaha,2,8,4,0.2290191480795225,55.58674561467834,3.3
8442,Physical Science,Colombo,3,10,6,0.35131906044428907,64.50338218740134,6.5
8443,Commerce,RemoteArea,10,5,2,0.4661068444134332,56.79941837274518,19.6
8444,Bio Science,Colombo,1,6,5,0.03136304522353134,66.53000268429295,1.0
8445,Physical Science,Jaffna,7,5,11,0.1966167783920188,71.96029379083409,17.2
8446,Commerce,Colombo,9,7,14,0.30732386244317766,86.01502650570018,17.2
8447,Commerce,Gampaha,2,7,14,0.38965465272597266,75.23709688237233,2.2
8448,Technology,Gampaha,7,6,2,0.4604655880502506,50.47088772104114,13.3
8449,Physical Science,Colombo,3,9,3,0.0002486575265615576,93.1665437160971,4.2
8450,Arts,Gampaha,5,7,4,0.31388169134938876,51.56799148899866,8.3
8451,Commerce,Colombo,6,9,5,0.003468462597331634,56.68611432510965,10.4
8452,Physical Science,Kandy,8,9,5,0.3936276437703984,71.4624373051491,18.7
8453,Commerce,Jaffna,4,8,0,0.07483329850718567,100.0,5.3
8454,Bio Science,Ratnapura,2,8,11,0.4473103196722629,71.52378177237576,3.9
8455,English,Galle,3,4,7,0.07756211787301936,53.87627191901116,6.1
8456,Physical Science,Colombo,8,9,2,0.38216449095629,36.410103714153344,18.3
8457,Commerce,Colombo,7,7,3,0.14465196390697582,35.912635749163854,12.6
8458,Bio Science,Jaffna,6,6,7,0.278626940915127,63.66437281437645,12.9
8459,English,Gampaha,5,8,14,0.3042171175523161,75.17118654426613,8.6
8460,Bio Science,Gampaha,5,5,4,0.10338032432356836,40.70279994949168,10.1
8461,English,Colombo,1,10,5,0.14934844176302736,65.82958302066389,1.0
8462,English,Galle,6,4,12,0.05375389121859575,46.29641952629834,13.5
8463,Physical Science,Kandy,9,8,12,0.0026445026885410505,52.13392745667733,22.1
8464,Technology,Colombo,8,10,14,0.11973401925803157,76.47622480923874,14.6
8465,Sinhala,Gampaha,10,6,0,0.25800117791951854,48.78560355346764,18.9
8466,Physical Science,Galle,1,6,7,0.3567986297124907,83.15122600110381,1.0
8467,Bio Science,Kandy,6,7,4,0.3967798125459659,53.23432906078841,12.8
8468,Commerce,Colombo,3,10,0,0.03488298036832105,76.6416278252374,3.1
8469,Physical Science,Gampaha,6,6,6,0.1362064432744457,96.97822775666162,11.4
8470,Physical Science,Colombo,9,9,14,0.38511198937083224,55.81477933044446,22.0
8471,Physical Science,Kandy,6,8,1,0.2404344374589545,97.49043010371096,11.5
8472,Physical Science,Galle,8,6,11,0.09109349366327585,65.70229165791908,20.1
8473,Bio Science,Gampaha,6,8,15,0.1961070039482456,58.011490481212505,13.4
8474,Physical Science,Gampaha,6,7,5,0.13501709544997798,58.05938338261033,13.4
8475,Technology,UpCountry,7,4,13,0.025326752627110427,60.44831952150869,15.1
8476,Arts,Kandy,10,10,2,0.3818135727990342,82.02685449828034,17.4
8477,Physical Science,Kandy,4,10,5,0.14584683046007935,82.26756088705591,7.5
8478,Commerce,Colombo,8,8,8,0.47256566396652977,83.5895222743952,14.2
8479,Commerce,Kandy,4,6,5,0.4440625202230093,43.00880637742978,8.1
8480,English,Kandy,7,6,0,0.358138740116854,62.839540362089835,13.0
8481,Physical Science,Gampaha,1,5,5,0.16331719361315444,39.254585347678045,1.5
8482,Physical Science,RemoteArea,9,2,2,0.1399617763405251,76.16647799755452,20.7
8483,English,Galle,10,4,3,0.23763574007920069,54.24520039124297,20.8
8484,English,Jaffna,9,8,12,0.17730125016382042,73.54617225859414,17.3
8485,Arts,Kandy,7,10,3,0.4505791620127299,53.97212240119835,12.4
8486,Arts,Gampaha,8,6,8,0.061747569640617284,37.6622057788356,13.9
8487,Physical Science,Colombo,2,8,7,0.36223378780752125,76.77729867680834,2.3
8488,Commerce,Gampaha,10,8,6,0.3054483971629289,77.4358671996353,18.4
8489,Physical Science,Galle,10,6,4,0.4031505956681839,64.09053683563796,22.5
8490,Physical Science,Gampaha,7,8,9,0.2712436633751033,32.828993318008415,15.9
8491,Technology,Galle,1,4,10,0.3147703388077384,76.255314668611,1.4
8492,Physical Science,Colombo,3,8,3,0.48137031598323776,50.436178390906065,6.9
8493,Bio Science,Kandy,6,6,12,0.04598077634958081,73.74864470448495,13.5
8494,English,Kandy,5,7,2,0.05243282940853167,53.64095801268772,8.4
8495,Physical Science,Kandy,5,8,11,0.19680384236394877,59.68058252535596,11.1
8496,Sinhala,Galle,9,8,0,0.23636639670049642,67.46426256992441,16.0
8497,Sinhala,RemoteArea,6,6,8,0.09993602103133131,51.68642614106589,10.4
8498,Commerce,Colombo,3,7,14,0.04133389849143443,64.49973811158857,3.9
8499,Physical Science,Colombo,2,10,7,0.011088128282079834,71.14398287474198,2.4
8500,Bio Science,Colombo,9,6,15,0.3822961252229193,99.99673692474543,20.4
8501,Bio Science,Jaffna,10,8,0,0.24252869683191258,58.88296023008959,22.7
8502,Bio Science,Gampaha,4,5,15,0.42170171491658454,80.09233972203364,8.7
8503,Physical Science,Jaffna,5,7,1,0.18041861751928545,42.92287778442524,11.5
8504,Sinhala,Gampaha,9,7,13,0.3517230650139875,91.91949266509042,17.3
8505,Physical Science,Kandy,5,6,0,0.24426026118158023,47.879428617825454,11.0
8506,Arts,Galle,7,7,15,0.30603499930659517,65.51712682525962,13.2
8507,Physical Science,Kandy,2,10,0,0.1850984205605577,67.66823061167352,2.9
8508,Commerce,Kandy,2,7,13,0.040584885223670375,54.80128687045578,2.0
8509,English,Ratnapura,4,4,8,0.47368679110573775,80.21362598721896,6.9
8510,Physical Science,Gampaha,8,7,4,0.41804492645930713,52.07288979113501,18.2
8511,Physical Science,Kandy,2,10,14,0.15594588657748698,79.45935884741806,2.4
8512,Commerce,Gampaha,10,8,2,0.47935146777197196,77.01552960553832,18.7
8513,Arts,UpCountry,7,4,1,0.150244365707558,69.17643334006623,13.0
8514,Commerce,UpCountry,1,4,11,0.22149501010843514,76.1264645176643,2.9
8515,Bio Science,Galle,9,5,13,0.3775678303444386,100.0,20.6
8516,Physical Science,Gampaha,10,4,7,0.1545021241661902,69.74816407492006,23.4
8517,English,Jaffna,6,7,7,0.16225398931786544,65.14758955618404,9.9
8518,English,Gampaha,1,7,14,0.20504107938633348,72.04349400588274,1.0
8519,Bio Science,Colombo,10,10,14,0.23419467980133202,86.06990077604388,23.6
8520,Technology,Gampaha,6,7,13,0.06180812090671384,100.0,9.2
8521,Bio Science,Ratnapura,5,5,5,0.008745829009696449,60.00301382135378,9.1
8522,Bio Science,Gampaha,5,6,1,0.4595785964275271,46.814310119890315,11.6
8523,Physical Science,Gampaha,5,8,10,0.17659431601149655,82.43824154855866,9.9
8524,Bio Science,UpCountry,4,2,14,0.05084430077576868,46.553677963371285,10.8
8525,Commerce,Gampaha,7,8,0,0.37958570107002193,63.86638167903678,12.5
8526,Physical Science,UpCountry,9,5,5,0.1475303354989454,67.06937648700828,19.5
8527,Bio Science,Colombo,4,7,0,0.09083203710072352,58.38994288204152,8.2
8528,Arts,Colombo,2,6,11,0.48130551643033315,64.77189734539454,2.9
8529,Commerce,Kandy,2,10,5,0.4602714457270548,37.712595910822074,4.2
8530,Commerce,Jaffna,2,7,14,0.0528729289684951,53.97577939103004,2.5
8531,English,Ratnapura,7,8,9,0.44964260491077734,78.55636242160996,12.2
8532,Physical Science,Colombo,4,6,1,0.44543376300163756,29.880968091013607,9.7
8533,Commerce,Gampaha,4,7,14,0.3171872764592381,65.71008681395097,7.7
8534,Arts,Gampaha,1,6,6,0.2648690004450907,58.31151173912765,1.2
8535,Commerce,Jaffna,4,4,11,0.1087192589006542,35.613420181103294,9.3
8536,Bio Science,Kandy,6,8,9,0.06069213770293447,89.88564673405533,11.3
8537,Physical Science,Colombo,2,8,1,0.3031845254800156,45.04597861699899,3.3
8538,Technology,Galle,4,7,1,0.41097862836144633,68.73390069879896,6.9
8539,Bio Science,Colombo,7,10,5,0.3443219272712772,55.466535876504146,14.7
8540,Technology,Jaffna,9,8,3,0.09040021183367797,48.82710331553019,17.4
8541,Commerce,Galle,2,5,5,0.145009320125855,58.960291518713696,2.7
8542,Commerce,RemoteArea,8,2,11,0.2732087935947597,60.15468881177276,17.2
8543,Technology,Gampaha,6,4,7,0.31249625877173115,60.69899731024833,12.7
8544,Commerce,Kandy,8,9,10,0.0361263062536778,53.19572323714591,14.6
8545,Bio Science,Gampaha,2,7,9,0.3070258191223395,49.29023135009691,4.0
8546,Commerce,Jaffna,1,5,2,0.3681596974318114,76.06684635969381,1.0
8547,Technology,Gampaha,7,5,15,0.09067892430391294,67.60403433288951,13.4
8548,Bio Science,Gampaha,9,6,4,0.12310935752653124,61.09529799582728,19.1
8549,Bio Science,Galle,9,5,4,0.12944829508935712,48.62782909074729,20.3
8550,Physical Science,Ratnapura,2,8,9,0.46990512628792735,88.1159828569304,2.5
8551,English,Galle,4,6,8,0.20350806039399472,62.688571359021736,6.2
8552,Physical Science,Galle,1,5,6,0.2652857281922831,34.564362141829704,1.4
8553,Commerce,Kandy,7,10,12,0.36215717485851207,70.13735471159994,13.2
8554,Bio Science,Gampaha,2,8,8,0.18573013169348468,52.53709246449372,4.1
8555,Bio Science,Gampaha,4,6,7,0.05277777347217749,77.16250943982314,6.4
8556,Commerce,RemoteArea,2,4,2,0.3271609353593603,76.576474366406,3.8
8557,Physical Science,Colombo,1,10,1,0.3336365832868628,74.3440065824584,1.0
8558,Commerce,Kandy,7,9,14,0.13027390750060702,60.07889641714131,14.1
8559,Arts,Jaffna,6,6,2,0.0176144549253609,59.306524745814414,10.3
8560,Technology,UpCountry,2,2,5,0.3326765771226882,66.22908433070458,3.3
8561,Physical Science,Galle,4,7,10,0.35171277622411107,78.389919760059,7.9
8562,Technology,Kandy,3,6,11,0.013032446286382338,49.93370217951245,4.4
8563,Commerce,Colombo,3,7,9,0.3465916342281089,65.90138938710047,4.6
8564,Technology,Gampaha,3,6,3,0.46946428453303624,89.5188440850232,3.3
8565,Bio Science,Colombo,4,8,10,0.0893926415070524,56.969095952804025,8.5
8566,Commerce,Galle,1,8,0,0.2606618773009729,59.60893845633617,1.0
8567,English,Jaffna,1,6,9,0.34838822735418395,100.0,1.0
8568,Technology,Galle,7,4,9,0.1150397010581839,60.88145080543242,13.2
8569,Bio Science,Jaffna,5,7,12,0.37577444583127356,42.9180891522597,12.6
8570,Physical Science,Kandy,3,7,8,0.43404421481904265,63.13929057110104,5.7
8571,Bio Science,Colombo,9,9,5,0.4072754803849163,87.59394333187014,19.4
8572,Bio Science,Gampaha,5,4,0,0.1294494577971757,75.85071899312199,10.9
8573,Physical Science,Colombo,10,7,15,0.40210822041754374,52.80463471198602,24.6
8574,Physical Science,Jaffna,3,8,2,0.20667162220119184,67.23092070570118,5.3
8575,Technology,Colombo,9,8,15,0.13323171241112292,64.86232723778366,17.0
8576,Physical Science,Jaffna,1,6,10,0.08398573358746342,77.18050592262463,1.0
8577,Commerce,Jaffna,9,8,10,0.4544907212533435,55.769038494193374,17.4
8578,Physical Science,Gampaha,5,4,12,0.21344877075831387,73.41776554700098,12.0
8579,Bio Science,Colombo,6,10,0,0.43286559344140335,88.65379235093909,13.0
8580,Physical Science,Gampaha,2,4,11,0.07977249446489648,26.314504352286733,6.8
8581,Physical Science,Gampaha,8,5,8,0.3834967330765594,72.89338891357966,18.0
8582,Arts,Jaffna,3,7,3,0.055006673894944846,81.28600611120575,2.8
8583,Technology,Colombo,1,9,1,0.008782473039971372,37.15494526430669,1.8
8584,Physical Science,Galle,7,8,3,0.49752465386320643,50.691047148405026,14.9
8585,Bio Science,Galle,3,6,14,0.03676866662849548,61.09444541227436,5.3
8586,Bio Science,Colombo,4,10,1,0.23077022603141728,49.5363477939679,8.8
8587,Technology,Jaffna,5,6,15,0.43919269146506545,55.41279504866013,10.2
8588,Arts,Jaffna,1,8,15,0.40968977403287843,61.87885621645829,1.0
8589,Commerce,Jaffna,9,8,5,0.23558785647780406,75.27542264493177,15.6
8590,Commerce,Colombo,7,9,5,0.30542425333672446,84.81478485280937,11.7
8591,Technology,Colombo,2,8,14,0.31485307583140965,86.53981130681389,1.8
8592,Physical Science,Colombo,1,9,10,0.05491249150532784,79.90701260180609,1.0
8593,Bio Science,Gampaha,2,6,6,0.14245204716982318,90.4817263968046,2.9
8594,English,Galle,3,5,8,0.1504915805905483,94.4699146701662,2.8
8595,Arts,Jaffna,3,5,10,0.18906407526733426,67.49088675550874,4.9
8596,Commerce,UpCountry,8,3,8,0.13695876757298642,85.46447883514568,15.1
8597,Commerce,Ratnapura,5,4,3,0.1257492307306613,67.85878797782736,10.0
8598,Bio Science,Ratnapura,9,7,15,0.17739275635923285,64.25641434901857,21.0
8599,Commerce,Jaffna,3,7,15,0.18961325395159095,66.75346931444855,5.0
8600,Commerce,Colombo,6,7,8,0.24361202837933066,79.18776198748895,10.3
8601,Bio Science,Gampaha,4,8,7,0.08676770107414478,85.4838674765094,6.6
8602,Arts,Kandy,8,9,11,0.39416833175948485,74.20681547727644,16.1
8603,Technology,Colombo,1,8,0,0.43033385018532,54.05943172585063,1.0
8604,Physical Science,Kandy,4,9,14,0.12408244174529087,59.657816098947315,8.4
8605,Bio Science,Gampaha,7,7,6,0.06165036355895753,35.200732773211755,16.3
8606,Bio Science,Kandy,9,8,6,0.3611559906317226,68.41401047915859,20.0
8607,Commerce,Galle,1,5,14,0.4621225613614672,71.39338890686393,1.0
8608,Physical Science,Colombo,8,7,9,0.017574169586480337,48.83043974237944,18.3
8609,Commerce,UpCountry,2,4,3,0.00721798951716035,68.5965738082443,2.3
8610,Technology,Kandy,4,9,6,0.09171273069216829,69.84500043699494,5.8
8611,Bio Science,UpCountry,4,5,10,0.34239624265396834,42.74431371296725,8.8
8612,English,Colombo,8,7,10,0.48239050391544586,60.17384033376655,14.6
8613,Sinhala,Kandy,2,6,10,0.3751904775796631,86.13568577965769,2.6
8614,Physical Science,Gampaha,7,5,10,0.28651630018263075,55.502292139218,15.1
8615,Physical Science,Galle,3,6,9,0.35027469643777387,64.76462523770478,5.3
8616,English,Kandy,9,6,9,0.1153491556460946,66.90685206545868,14.8
8617,English,Gampaha,5,4,4,0.3442759740325603,61.6049570697197,10.7
8618,Physical Science,UpCountry,8,4,4,0.16072247673932127,72.33056073995594,18.4
8619,Physical Science,Gampaha,5,8,14,0.11121106641633915,81.02832555287499,10.3
8620,Physical Science,Colombo,1,7,4,0.11827799925615085,80.96874036030727,1.0
8621,Sinhala,Kandy,9,9,5,0.3338938759280732,57.79753107692444,17.3
8622,Physical Science,Kandy,10,7,6,0.3836128611001459,70.85799908393008,23.2
8623,Commerce,Gampaha,7,6,4,0.2909010552792735,74.5974393092051,11.2
8624,Technology,Gampaha,4,7,8,0.03192763069627941,62.22499852269807,5.8
8625,Physical Science,UpCountry,7,6,13,0.019004666852731,55.71257457325152,15.9
8626,Commerce,Jaffna,5,6,11,0.10858342503908536,67.6536728058272,8.6
8627,Physical Science,Colombo,10,7,10,0.14323435121199257,55.914027026996834,22.4
8628,Technology,Colombo,9,6,8,0.2024099464205923,53.43657859224145,15.8
8629,Physical Science,RemoteArea,2,4,13,0.038014038684701656,69.80200862230066,4.6
8630,Commerce,Jaffna,4,6,6,0.36257938297116266,60.17525522665856,6.5
8631,Commerce,UpCountry,6,3,9,0.3557490793567458,67.13282842094733,12.4
8632,Physical Science,Gampaha,5,8,2,0.17333879682881992,37.73160147444665,11.1
8633,Physical Science,Jaffna,1,5,3,0.28150126218420524,58.86679306145467,1.0
8634,Bio Science,Jaffna,9,5,3,0.05045797218444653,27.59602647290292,21.1
8635,Physical Science,Colombo,9,10,6,0.2076093214000529,47.317947380453546,19.8
8636,Technology,Kandy,3,10,14,0.42878237874002784,65.66599672802923,4.4
8637,Technology,Kandy,4,8,1,0.3303112315607988,78.69683847135248,5.9
8638,Bio Science,Gampaha,4,4,10,0.0519718878369404,73.05276291750391,8.6
8639,Commerce,Galle,10,5,4,0.4237890156086774,63.35415302326738,17.9
8640,Commerce,Galle,8,4,10,0.3403481147095247,59.34882542212184,16.1
8641,Technology,Galle,6,8,10,0.2265281470429618,61.24111308120128,10.4
8642,Bio Science,Galle,2,8,3,0.3460455195065736,81.08668796819309,2.7
8643,Physical Science,Gampaha,4,5,15,0.08641012771515966,50.90477105744328,8.0
8644,Physical Science,Gampaha,1,6,9,0.2752432351362743,53.6169260915769,1.2
8645,Commerce,Galle,3,5,10,0.3089635017827638,81.00133114800717,4.2
8646,Bio Science,Gampaha,4,6,8,0.463872411471557,58.84109279947381,7.9
8647,Bio Science,Colombo,8,9,0,0.03344585540082062,89.08628979160238,15.8
8648,Physical Science,Kandy,3,8,14,0.18739135713042443,77.36049825958531,5.9
8649,Arts,Colombo,5,7,9,0.46840735496546676,81.82435595010858,9.0
8650,Physical Science,Jaffna,1,5,12,0.10861052756429662,41.61558718796109,1.2
8651,Physical Science,Gampaha,4,6,13,0.40660016416133177,82.39139934174436,8.1
8652,Bio Science,Colombo,2,6,2,0.0008027674797478901,48.259154751266216,3.3
8653,Physical Science,UpCountry,4,4,5,0.012942034923742796,73.23646855362178,9.4
8654,Commerce,Galle,5,7,10,0.1638114426265586,59.5444804900543,7.9
8655,Bio Science,Galle,3,7,3,0.3842518554151363,64.842051278408,5.6
8656,Bio Science,Kandy,6,6,2,0.052071734617554544,44.40654577519592,12.8
8657,Commerce,Galle,2,7,5,0.19142682181405896,36.691294011493355,2.5
8658,Physical Science,Galle,5,5,12,0.0657340843647477,68.25834645688951,11.3
8659,Physical Science,Kandy,4,6,10,0.11179678472070409,60.59300161351536,7.9
8660,Technology,RemoteArea,5,2,2,0.2514970960642989,47.5930656497662,9.4
8661,Bio Science,Colombo,9,6,6,0.15956937097960588,37.769250179884814,20.7
8662,Bio Science,UpCountry,6,4,11,0.10595632299004132,25.37418957647023,17.6
8663,Physical Science,Gampaha,7,6,15,0.19674849054346372,75.35338846177655,16.2
8664,Bio Science,Kandy,8,6,15,0.3505274821368155,63.67402769590309,20.3
8665,Commerce,Colombo,9,9,0,0.0597090533004942,50.9420254253374,16.1
8666,Commerce,Kandy,5,7,8,0.2397972226803789,67.19217257269744,8.7
8667,Arts,Kandy,8,7,14,0.1373598543069698,82.2160639044432,15.5
8668,Physical Science,RemoteArea,2,4,12,0.18931043676997827,70.04349790380958,4.7
8669,Physical Science,RemoteArea,10,6,9,0.4107775894540965,57.8530646516568,22.7
8670,Technology,RemoteArea,9,2,1,0.46486498985221425,92.48732742675031,17.9
8671,English,Gampaha,2,8,3,0.12148895256047987,51.963709762650396,2.8
8672,Physical Science,RemoteArea,5,3,5,0.31498547841474506,41.3555363911229,13.2
8673,Bio Science,Gampaha,6,6,5,0.33833863993358626,63.99723456579409,13.1
8674,Physical Science,Galle,4,6,10,0.42124299949121635,61.16658821434723,8.4
8675,Physical Science,Colombo,8,8,7,0.44952123425059837,77.70641364914118,17.5
8676,Bio Science,Kandy,10,8,7,0.233995898767013,55.60566963387669,22.4
8677,Physical Science,RemoteArea,3,4,3,0.4912878226242501,59.02269140177726,7.9
8678,Arts,UpCountry,5,2,5,0.4854144867985315,49.51348373138602,10.7
8679,Commerce,Jaffna,2,8,8,0.2532339854192344,76.11487782890885,2.1
8680,Physical Science,Galle,3,5,6,0.2710160603234421,65.15354997276029,5.2
8681,Physical Science,Colombo,8,7,12,0.3338749197754494,61.872228558868734,19.1
8682,Technology,Jaffna,5,6,7,0.1869080721098968,61.2501445085137,8.6
8683,Physical Science,Kandy,3,8,7,0.3310219569551555,63.180342512646924,6.0
8684,Commerce,Ratnapura,5,6,1,0.2571426968273543,38.93958563619981,9.0
8685,Bio Science,Colombo,9,9,6,0.0177183828886196,80.44062572362718,19.6
8686,Commerce,Colombo,3,7,2,0.4263644683383755,77.5604246761034,3.9
8687,Bio Science,Jaffna,10,6,6,0.47022290057850424,63.610205841040106,23.0
8688,Physical Science,Colombo,7,10,1,0.013114539273497927,59.507143293113664,15.1
8689,Physical Science,Gampaha,8,7,0,0.39463090940364254,45.050129803426266,18.5
8690,Physical Science,Gampaha,5,4,10,0.19290663047051365,90.91002443524556,11.5
8691,Bio Science,Kandy,3,9,8,0.2928159000144621,86.28181847501267,5.7
8692,Commerce,Jaffna,6,7,9,0.2499974734803579,70.41592100112578,9.6
8693,Physical Science,Jaffna,3,7,9,0.27565532541652354,76.8007213000741,4.1
8694,Physical Science,Kandy,9,10,0,0.24759315237904223,78.45721451836779,19.2
8695,Commerce,Gampaha,2,5,10,0.42668768574393784,80.41205082381165,1.7
8696,Commerce,Gampaha,3,6,0,0.34175334234765564,47.157075428270986,4.9
8697,English,Galle,7,8,10,0.20631862777291377,60.333102643662755,13.3
8698,Commerce,Gampaha,10,8,11,0.3442842905752745,72.52273278909199,21.4
8699,Bio Science,Colombo,8,8,11,0.4825239095419407,68.54987398462677,19.1
8700,Commerce,Jaffna,5,7,2,0.04015413102671633,72.29588603529515,7.8
8701,English,Gampaha,5,4,0,0.19404498577902857,69.65588104488334,9.7
8702,Technology,Galle,5,7,6,0.4352270161618979,66.70456992397229,8.8
8703,Bio Science,Gampaha,4,7,6,0.3695275554057367,23.943949402825396,8.9
8704,Physical Science,Jaffna,9,5,10,0.4674644447241758,82.59254417436247,20.4
8705,Physical Science,Ratnapura,6,7,7,0.019904943811619613,76.08553723623443,12.4
8706,Commerce,Gampaha,8,4,1,0.43138780460639353,91.5382119337907,15.1
8707,Arts,Gampaha,8,8,15,0.39589938497743593,60.337536216426294,16.8
8708,Commerce,Galle,5,7,6,0.40751950804118636,35.35640805134759,8.9
8709,Physical Science,RemoteArea,9,6,8,0.2986313640560754,61.29327489460195,19.3
8710,Arts,Gampaha,2,5,13,0.025958517560302874,73.35020508315976,1.9
8711,Technology,Galle,8,4,10,0.2695649644754182,58.36941707210765,16.3
8712,Physical Science,Jaffna,3,6,9,0.2038755684949335,85.0769050213819,4.7
8713,Commerce,RemoteArea,7,4,4,0.2635208763259225,52.097907723780274,14.8
8714,Bio Science,Galle,9,5,9,0.370147986810671,62.98672014804776,19.9
8715,Technology,Ratnapura,5,4,13,0.2979803172558804,62.81015109259783,11.5
8716,Technology,Jaffna,8,8,2,0.14628144492964512,100.0,13.4
8717,Commerce,Kandy,4,7,8,0.29975367153521076,50.40883509823661,7.9
8718,Commerce,Ratnapura,1,7,0,0.04156922154051218,68.75597206780257,1.0
8719,Technology,Colombo,1,10,11,0.0026829956086599216,47.48188742260051,1.0
8720,Bio Science,UpCountry,6,5,13,0.20076401364627405,71.64447122671677,13.2
8721,Bio Science,UpCountry,8,5,2,0.3785931805453678,46.682992299133005,18.8
8722,Arts,Galle,10,8,1,0.41131711549441924,76.99916847861459,19.0
8723,Physical Science,RemoteArea,2,5,1,0.2749196566537477,74.12192923726472,2.7
8724,Bio Science,Galle,4,6,13,0.43400344313755257,70.5728038464582,9.1
8725,Technology,Ratnapura,3,8,2,0.06295742528138881,40.12855792112824,5.5
8726,Arts,Colombo,9,7,9,0.4820529276508703,63.701935465967104,17.0
8727,Bio Science,Ratnapura,3,6,6,0.46088016825390943,58.43793444782117,6.5
8728,Physical Science,Ratnapura,8,5,12,0.29961862524888805,78.45589296370935,17.9
8729,Bio Science,Colombo,7,6,5,0.029361062017151496,48.96267380740435,16.0
8730,Physical Science,Kandy,1,7,11,0.2271014314044033,82.82592221728669,1.0
8731,Physical Science,Galle,8,8,8,0.08963648056124318,78.51080602230157,18.1
8732,Arts,Galle,9,5,15,0.3142126342053376,46.88398608743971,18.3
8733,Physical Science,Kandy,8,6,9,0.09498259734513931,61.20595379321234,17.6
8734,Bio Science,UpCountry,10,5,12,0.24089883021206593,65.22996795181686,24.9
8735,Bio Science,Kandy,10,10,10,0.10281346343009501,80.08921789039601,20.3
8736,Sinhala,Galle,1,6,9,0.09092256516450936,54.19768990304374,1.3
8737,Bio Science,Gampaha,7,6,13,0.12396178797102109,69.61406253901544,16.5
8738,Physical Science,Colombo,9,7,2,0.014598227757996518,77.48587778026541,18.3
8739,Physical Science,UpCountry,5,4,15,0.3580574636899328,71.2690396939299,13.1
8740,Commerce,Gampaha,2,4,12,0.15336318817503486,38.14018582326325,5.1
8741,Commerce,Kandy,8,8,4,0.34905402696919013,54.582189173993704,14.8
8742,Bio Science,Gampaha,9,5,14,0.3267391092171735,80.5634860586033,21.2
8743,Bio Science,Jaffna,7,6,8,0.0330563293115933,75.690632029985,14.3
8744,Physical Science,RemoteArea,5,5,2,0.15601737906166702,27.259139952328674,11.8
8745,Commerce,Ratnapura,8,7,11,0.28343026665406384,68.51106685915235,16.1
8746,Commerce,Galle,6,6,7,0.45920059699480414,77.69006841023023,10.3
8747,Physical Science,Ratnapura,4,8,8,0.20065985522425117,72.08386732239578,7.7
8748,Physical Science,Gampaha,1,6,10,0.2523957726077071,74.8036249511813,1.0
8749,Physical Science,Colombo,6,9,14,0.3750794017501753,97.9347463074226,12.5
8750,Physical Science,Galle,8,7,10,0.40164773690768146,64.34820290626705,17.8
8751,Commerce,Ratnapura,3,4,6,0.4616702518433806,67.57164817659968,5.8
8752,Physical Science,Kandy,7,7,12,0.24859471867228639,51.907567326681026,16.6
8753,Physical Science,Colombo,7,6,5,0.0969189647509327,52.97993315559495,14.0
8754,Physical Science,Colombo,9,10,12,0.3822106149005302,61.02038643210649,22.1
8755,English,Galle,1,5,10,0.06278763230268497,77.74588485267174,1.0
8756,Technology,Colombo,5,8,5,0.2091711560863052,51.28586830670386,9.3
8757,Physical Science,Colombo,8,8,5,0.3141065249260085,81.01934634402551,17.4
8758,Bio Science,Colombo,3,10,4,0.34592809321853696,45.60250652381235,5.7
8759,Physical Science,Kandy,5,9,6,0.3665138586079635,72.59407354382587,10.2
8760,Bio Science,Jaffna,1,6,6,0.0967661957702094,71.28099838364875,1.0
8761,Physical Science,Ratnapura,9,4,6,0.49082460068602535,66.86217130982457,22.8
8762,Commerce,Colombo,4,9,2,0.08920928830948,75.76957988570493,5.5
8763,Commerce,Gampaha,5,6,10,0.048036702628108274,53.86187947243687,8.1
8764,Technology,Gampaha,3,7,5,0.33202520096443255,55.508099457090985,5.3
8765,Physical Science,Galle,2,5,8,0.454999999928293,49.54970187739295,4.0
8766,Technology,Galle,7,6,8,0.27969185824968135,64.1351800644936,13.0
8767,Arts,Kandy,5,8,3,0.2977412172573697,59.70086869654984,8.0
8768,Physical Science,Gampaha,10,7,8,0.2692423739671595,76.84682587753021,22.0
8769,Bio Science,Jaffna,3,5,1,0.021374097046444607,66.30217535869,5.3
8770,Physical Science,Galle,2,4,7,0.34065578624668114,73.84125986578965,3.2
8771,Physical Science,Kandy,10,7,1,0.17909956027173662,57.543063527211956,22.1
8772,Physical Science,Galle,6,4,4,0.4678368976567263,68.085117123675,14.3
8773,Commerce,Jaffna,10,8,5,0.09339502377430692,89.69103126231865,17.2
8774,Bio Science,Kandy,6,7,1,0.1510578908581403,40.31686874195226,13.2
8775,English,Gampaha,3,4,8,0.25242737444102353,36.41358591086095,6.9
8776,Physical Science,Jaffna,9,7,5,0.23867752180950458,72.0536953364831,19.6
8777,Sinhala,Colombo,1,6,7,0.20015237083972715,50.77185899653288,1.3
8778,Physical Science,Galle,3,8,3,0.1572014688436441,40.77403077930031,7.2
8779,Arts,Galle,1,4,2,0.07359236829959176,69.0086168476965,1.0
8780,Bio Science,Galle,7,5,3,0.4104609364368028,46.43435774782308,16.1
8781,Physical Science,Gampaha,2,4,15,0.22438489363609226,90.5858412765031,4.6
8782,Technology,Colombo,4,7,0,0.2864782795495292,62.34704420964142,6.1
8783,Bio Science,Ratnapura,4,8,15,0.27327643181788397,64.46091250958452,8.9
8784,Commerce,Jaffna,8,4,0,0.28774447332410197,47.67629373826234,16.3
8785,Commerce,Galle,4,4,7,0.35242018592234176,66.72782560746636,7.5
8786,Bio Science,Jaffna,3,8,0,0.3146904975201187,36.136179919948795,6.1
8787,Bio Science,Colombo,10,6,4,0.13695145869928227,24.975649592183856,22.2
8788,Arts,UpCountry,3,3,9,0.27685496301630524,41.187689221805854,6.8
8789,Physical Science,RemoteArea,5,4,15,0.12225645277047309,84.55785234792988,12.1
8790,Commerce,Gampaha,6,6,8,0.2944182299540675,50.137912831374095,10.4
8791,Technology,Kandy,7,7,15,0.21596731010121567,45.98246600793533,14.0
8792,Physical Science,Galle,5,4,2,0.019709189148295392,59.66797895993372,10.8
8793,Physical Science,Jaffna,7,5,9,0.3669928436841503,97.87031443485552,14.5
8794,Arts,RemoteArea,4,6,1,0.13733320886849748,76.87841912991139,5.5
8795,Bio Science,Colombo,5,7,4,0.46009717756690843,49.99332879628011,11.6
8796,Bio Science,Kandy,6,8,11,0.1402786208309183,53.22303842279991,14.0
8797,Physical Science,Jaffna,9,7,13,0.49831137156758565,54.56067331828684,22.3
8798,Commerce,Galle,6,8,1,0.23147558390356143,46.846030545678126,10.6
8799,Physical Science,Galle,10,4,9,0.013203659794526534,72.65689947157806,23.9
8800,Bio Science,RemoteArea,1,3,0,0.038134490918256214,54.9607727191073,3.2
8801,Arts,Kandy,7,10,10,0.04104400786528445,48.30290183978802,11.7
8802,Physical Science,Galle,3,6,8,0.028107210503397317,43.95599316224275,6.2
8803,Bio Science,Gampaha,6,4,10,0.1338946998352899,99.5155041382003,12.3
8804,Sinhala,Gampaha,2,5,9,0.16229441457499194,75.58119332065442,1.4
8805,Commerce,Colombo,7,7,10,0.055642932050255334,52.158647908839754,12.5
8806,Technology,Galle,1,4,8,0.21906574240069326,82.18539201193931,1.4
8807,Bio Science,RemoteArea,2,5,0,0.18267541084212724,42.7141623879885,3.4
8808,Arts,Colombo,9,9,3,0.31816199791014926,59.4433425982506,17.0
8809,Physical Science,Ratnapura,9,8,15,0.09793227975090685,63.80153718522708,22.2
8810,Physical Science,Galle,7,5,4,0.45699274510867005,64.73489250225133,15.9
8811,Physical Science,Kandy,2,10,11,0.2579953894038816,51.368466917677125,3.4
8812,Bio Science,UpCountry,5,2,1,0.3118665197414087,62.42736873229557,11.8
8813,Technology,Colombo,4,10,10,0.019760169200211675,38.77430533685236,7.2
8814,Bio Science,Ratnapura,2,5,8,0.2795443494336759,58.349021289718586,4.2
8815,Commerce,Gampaha,2,7,8,0.18405010225582502,84.02846154474537,1.0
8816,Arts,Ratnapura,10,7,15,0.46208602440766416,82.88028726924188,20.0
8817,Commerce,Colombo,8,6,8,0.44282165777392823,53.559788600654926,15.5
8818,Bio Science,Colombo,5,8,7,0.31882435001085846,40.61096175778304,10.6
8819,Commerce,Colombo,8,10,5,0.3839256754028709,29.752826642307696,16.3
8820,Bio Science,Colombo,2,6,0,0.32229657855797134,69.26206284334538,4.2
8821,Physical Science,UpCountry,2,5,13,0.008484055803718471,70.67584299022452,3.0
8822,Sinhala,Colombo,3,7,9,0.3515632723365838,70.28509781957389,4.6
8823,Physical Science,Gampaha,10,5,4,0.08854538192184735,87.35904205339607,20.9
8824,Physical Science,Galle,8,6,7,0.34128547748510984,65.79341367102765,17.4
8825,Technology,Jaffna,8,6,11,0.005253392115085409,68.9212318909742,14.8
8826,Bio Science,Kandy,3,9,13,0.15545340419620418,45.53930612429397,6.1
8827,Commerce,Jaffna,1,6,3,0.25846398953709127,85.85905603749528,1.0
8828,Bio Science,Galle,7,6,7,0.16658530018038914,61.04063271855704,15.3
8829,Bio Science,Galle,4,5,5,0.3469936260150324,50.246858684317395,8.2
8830,Physical Science,Kandy,3,10,0,0.2613547693752229,63.11784965051202,5.4
8831,Bio Science,Galle,5,5,0,0.4798336904808426,90.00467418510549,10.1
8832,Bio Science,Kandy,6,7,2,0.1789062117554518,93.02798784654848,10.6
8833,Arts,Colombo,1,9,0,0.36092966577539193,45.44400636588497,1.7
8834,Commerce,Galle,9,7,3,0.4179208322109963,79.13057412030909,16.3
8835,English,Kandy,6,10,2,0.12680889355473768,66.03597182405782,10.2
8836,Physical Science,UpCountry,3,2,6,0.37706573789746023,77.81388276370186,7.4
8837,Commerce,Ratnapura,1,6,10,0.19665699999149755,69.15074463379852,1.0
8838,Commerce,Gampaha,9,6,8,0.06436357581662322,73.22327332121931,16.0
8839,English,UpCountry,2,3,14,0.0018235387162566785,86.8195787286815,3.0
8840,Physical Science,Colombo,10,7,6,0.3718787763185625,36.762453886057486,23.5
8841,Commerce,UpCountry,6,6,10,0.09312203943921887,70.40560962975928,9.5
8842,Technology,UpCountry,6,4,4,0.02559681710516276,44.45731704077932,11.6
8843,Physical Science,Galle,3,5,0,0.2486045437698206,53.04601050954233,6.1
8844,Technology,Kandy,6,7,4,0.1733490173147081,62.014569266809694,10.5
8845,Physical Science,Kandy,2,9,0,0.34590335223835816,44.882519214770824,4.1
8846,Arts,Galle,8,4,5,0.05368214769543761,53.77918305195027,15.1
8847,English,Galle,1,8,12,0.06632658481509873,44.989253081488975,1.0
8848,Commerce,Kandy,6,6,7,0.20205385415030053,54.600800588911866,10.6
8849,Bio Science,RemoteArea,1,2,6,0.26020408578445947,70.67777266887234,1.1
8850,Physical Science,Jaffna,9,8,0,0.4120969593608113,72.98178988078527,20.2
8851,English,RemoteArea,9,4,15,0.29281259546746974,55.95931871626735,21.0
8852,Bio Science,Ratnapura,6,5,7,0.45129872257299103,83.41687006139372,12.7
8853,Physical Science,Colombo,6,10,11,0.10888391806917935,74.16076336550083,13.1
8854,Commerce,Gampaha,9,5,13,0.29810975799919215,88.00083607472659,16.6
8855,Bio Science,Gampaha,5,7,13,0.3276192048962991,39.93833185867888,12.1
8856,Physical Science,Galle,9,4,13,0.3629025258576603,71.16876313372168,23.5
8857,Physical Science,Colombo,5,9,15,0.4943253491143311,76.6681972214507,11.9
8858,Physical Science,RemoteArea,4,2,8,0.23401691120604684,38.22213893514113,10.4
8859,Commerce,Gampaha,2,6,11,0.18465978993144727,100.0,1.0
8860,Commerce,Gampaha,2,8,9,0.426103337576914,54.951561863774565,3.4
8861,Commerce,Colombo,1,8,13,0.08839545254265774,74.65788035654316,1.0
8862,Technology,Kandy,10,6,1,0.01851404863988637,74.4011627525382,17.7
8863,Technology,Ratnapura,3,7,0,0.22179452676566658,61.51774327331005,4.5
8864,Commerce,Colombo,1,6,15,0.12360292726830108,88.28742108690308,1.0
8865,Physical Science,Jaffna,6,6,5,0.19826270062754536,92.4281980147803,11.0
8866,Commerce,Colombo,7,8,11,0.4930416557231604,48.855825191162396,13.8
8867,Bio Science,Colombo,9,9,3,0.17424411510962623,63.24219106836618,19.7
8868,Commerce,Galle,7,7,13,0.3539828541966901,80.23515284165731,12.7
8869,Commerce,Ratnapura,4,6,6,0.1252010048752325,38.504419298872264,6.7
8870,Bio Science,Gampaha,4,4,2,0.15171147188308776,76.9640992602616,8.4
8871,English,Ratnapura,8,4,2,0.12157759673012886,86.59803556186323,14.5
8872,Physical Science,Gampaha,4,8,13,0.2860804351128755,85.7583029351506,7.1
8873,Commerce,Jaffna,1,6,7,0.11305429309821685,70.0766733052902,1.0
8874,Physical Science,Ratnapura,9,8,6,0.3591820513308827,86.09189453199862,19.8
8875,English,Galle,3,6,4,0.3401370992678819,67.36176913001162,4.5
8876,Physical Science,UpCountry,1,6,2,0.21063483799470145,41.20574877736935,1.6
8877,Physical Science,Colombo,9,7,0,0.01278851051890273,52.17158190934313,20.1
8878,Bio Science,RemoteArea,10,2,10,0.011325566113184082,61.165638379758676,23.7
8879,Bio Science,Colombo,10,6,2,0.2664034085544666,60.04074439252853,23.0
8880,Physical Science,Ratnapura,5,5,14,0.4195994142783452,65.58655365524439,12.2
8881,Commerce,Ratnapura,9,7,8,0.29943683568799484,58.92624517865167,17.4
8882,Bio Science,Gampaha,3,5,0,0.21782523079253713,63.2826528594285,4.6
8883,Physical Science,Kandy,6,6,14,0.4410594167412462,89.56354456200255,13.7
8884,Bio Science,Gampaha,7,6,4,0.098497724513389,65.21168771704916,14.2
8885,Technology,Galle,5,8,3,0.17971221465815185,70.93074722737236,8.7
8886,Commerce,Jaffna,8,4,10,0.28265472593530666,32.091177607172675,17.0
8887,Arts,Gampaha,10,5,15,0.14583473457419305,69.38965777136667,19.9
8888,Commerce,Jaffna,6,6,13,0.49885624092999065,82.80252206990762,11.2
8889,Bio Science,UpCountry,6,2,5,0.2261604584676225,81.20275101946325,13.8
8890,Physical Science,Ratnapura,7,5,1,0.02586111167057603,77.67653697494845,15.1
8891,Physical Science,Gampaha,8,4,3,0.08804170937621081,66.05117357732534,19.3
8892,Technology,Gampaha,2,5,8,0.2662404341373419,70.20902847719472,3.0
8893,Sinhala,Gampaha,7,5,13,0.27502809984280463,56.409181522329945,13.8
8894,Bio Science,Kandy,9,6,14,0.49207213359734725,79.67527514342326,20.8
8895,Physical Science,Gampaha,1,6,10,0.2999832092131343,54.989092716014206,1.5
8896,Physical Science,Jaffna,1,4,4,0.3333136601796088,72.21341325692588,1.6
8897,Bio Science,Kandy,7,6,14,0.1068613849671009,67.62269414715877,16.0
8898,Commerce,Kandy,5,8,7,0.05343244081752252,63.72412378309283,8.0
8899,Physical Science,Colombo,1,6,1,0.30100500407404385,75.51862807994452,1.0
8900,English,Gampaha,1,8,11,0.4324399883015517,73.91810415280227,1.0
8901,Bio Science,Gampaha,2,8,10,0.29368647589510904,69.2389612618917,2.6
8902,English,Gampaha,10,8,15,0.2213916090923102,60.03409802903449,20.6
8903,Arts,UpCountry,9,3,8,0.28910332066081457,88.03469852334749,17.0
8904,Arts,Gampaha,3,7,11,0.23438578924286047,70.49445209660787,5.8
8905,Commerce,Ratnapura,9,4,6,0.07094078800765857,74.21080990561288,16.4
8906,Commerce,Gampaha,6,7,6,0.3705922126264508,64.2142066640556,10.7
8907,Commerce,Galle,10,8,1,0.26651908173233624,50.09401545729926,19.2
8908,Commerce,Galle,6,6,7,0.19966143802907788,68.82418129151434,9.9
8909,Commerce,Kandy,7,10,8,0.27981925102100313,55.06351203930407,12.4
8910,Sinhala,Colombo,10,6,9,0.12061347722666743,71.06666711219168,18.5
8911,Arts,Gampaha,8,7,10,0.21397885773521613,16.020480799758964,16.3
8912,Arts,Kandy,3,9,11,0.31122260050186407,59.4877907200868,4.6
8913,Technology,RemoteArea,8,3,4,0.11309678683361601,61.784769640982276,14.9
8914,Physical Science,Kandy,6,8,14,0.3744975423322825,52.683574362056305,15.0
8915,Physical Science,Jaffna,6,8,2,0.2605054559282933,66.45673275877617,12.9
8916,Bio Science,Gampaha,3,6,13,0.4308533552092579,60.16664367476208,6.9
8917,Commerce,Gampaha,6,4,2,0.4236182888482099,60.91135621792149,12.3
8918,Technology,Galle,8,5,12,0.24725852185968522,57.72711477243089,16.4
8919,Bio Science,Gampaha,7,8,12,0.09773280531609291,80.57866488828206,16.5
8920,Commerce,RemoteArea,10,2,5,0.3683208933050463,70.68957755945176,20.6
8921,Commerce,Gampaha,10,6,13,0.20933906784164785,70.96858935436515,19.4
8922,Physical Science,Ratnapura,7,5,0,0.2973137417262486,60.929862522145875,16.6
8923,Commerce,Jaffna,3,8,9,0.05363264508696941,100.0,3.1
8924,Technology,Ratnapura,10,6,10,0.31579199475799613,62.638853334739345,17.8
8925,Physical Science,Colombo,3,10,8,0.18677524447256216,53.54670441018132,6.0
8926,Commerce,Gampaha,5,5,5,0.16709487485924723,44.9040871334265,9.0
8927,Commerce,Jaffna,5,5,8,0.4899577893889006,77.58032669296531,8.3
8928,Physical Science,Gampaha,9,6,2,0.21621532138012362,85.46828228604869,19.1
8929,Physical Science,Ratnapura,9,8,9,0.3390191890578671,51.77915960586586,20.9
8930,Sinhala,Kandy,10,9,12,0.31386376778692054,61.72654981725287,20.7
8931,Bio Science,Gampaha,5,4,2,0.05215177544257882,55.60854699608244,11.5
8932,Physical Science,UpCountry,5,3,9,0.37396376853215807,62.63854759665349,11.9
8933,Physical Science,Gampaha,6,8,12,0.16157960171678826,39.48341802742927,14.4
8934,Commerce,Jaffna,8,6,6,0.3994697745983675,75.10089290935517,14.2
8935,Commerce,Colombo,6,8,14,0.30382039130769123,84.8536622225594,11.1
8936,Commerce,Galle,6,5,6,0.15854574497674478,34.43168244092906,11.8
8937,Physical Science,Jaffna,9,5,3,0.17814648016553547,87.86902610468259,18.9
8938,Technology,UpCountry,1,5,10,0.3657536848331803,89.26307137872193,1.0
8939,Bio Science,Ratnapura,4,6,14,0.27502965756144093,20.952239729496306,10.6
8940,Bio Science,Gampaha,10,8,13,0.3341755203356576,33.90022664863116,25.9
8941,Bio Science,Jaffna,10,4,7,0.07915916053759414,61.506052323685346,24.5
8942,Bio Science,Ratnapura,2,4,10,0.3934883361142093,84.74060623049152,4.4
8943,Technology,Gampaha,9,7,13,0.16019565945751735,70.84656130918647,17.5
8944,English,UpCountry,3,6,1,0.30993063357883666,60.820765502473435,5.0
8945,Bio Science,Gampaha,10,4,0,0.05733991262100435,68.60493093099956,22.7
8946,Technology,RemoteArea,2,2,0,0.1607101205784835,47.87858686102575,4.1
8947,Arts,Ratnapura,8,8,15,0.3244336465333209,86.66039570042207,15.2
8948,English,Jaffna,4,8,1,0.1371030661451253,58.94575031003874,6.7
8949,Physical Science,Kandy,2,7,10,0.44015609837490854,40.50457971960296,4.5
8950,Commerce,Kandy,4,6,10,0.3306141997217102,53.06783475415637,6.2
8951,Physical Science,RemoteArea,7,2,5,0.43513919664839784,68.0351295373658,16.5
8952,Technology,Colombo,7,9,7,0.19769535112556036,59.15480972835235,12.2
8953,Physical Science,Galle,1,5,2,0.0169925713123375,55.10103828201679,1.0
8954,Commerce,Jaffna,1,5,11,0.2880699816775514,68.54399106921,1.0
8955,Bio Science,Colombo,3,6,5,0.16959675136268615,67.87936664016871,6.0
8956,Bio Science,UpCountry,2,4,7,0.22409418796117664,45.04428263977913,5.4
8957,Commerce,Gampaha,3,6,8,0.3405551069613744,82.35237525333358,4.1
8958,Technology,Galle,4,8,15,0.35033233353543586,65.53317366171152,7.0
8959,Commerce,Gampaha,7,5,7,0.013778207432907696,69.79529496813674,11.0
8960,Technology,Galle,2,4,6,0.38465133641980676,64.46072884488726,4.2
8961,Physical Science,Kandy,7,6,3,0.24675945747803946,55.348248840666486,15.8
8962,Commerce,Colombo,5,6,2,0.278349386662275,74.67465573598417,8.0
8963,Bio Science,Kandy,8,9,6,0.14899709259492627,64.21753810347805,17.9
8964,Physical Science,Colombo,8,8,0,0.21041689300029048,61.099763980544054,17.6
8965,Commerce,Gampaha,5,7,6,0.35518756698966586,25.66959438649088,10.2
8966,Commerce,Colombo,10,6,5,0.38835690147212926,74.79927981094629,18.2
8967,Commerce,Ratnapura,8,4,2,0.193553090583989,58.441995122838186,16.1
8968,Arts,Colombo,9,7,13,0.34555876632566507,77.82398599714222,18.1
8969,Commerce,Kandy,7,7,2,0.12902175084421902,85.67441996271853,10.9
8970,Physical Science,Gampaha,6,6,1,0.4160113325887576,72.85049857395944,13.1
8971,Physical Science,Kandy,7,10,0,0.30490711945368265,60.812269896474696,15.9
8972,Commerce,Colombo,7,6,15,0.3875932580334475,63.203593273638155,15.0
8973,Physical Science,Jaffna,3,5,10,0.2385774261589237,100.0,4.4
8974,Physical Science,Jaffna,6,6,4,0.11455464249097763,69.25077970712977,11.3
8975,Bio Science,Gampaha,6,7,12,0.21461555665682197,69.14445132229609,12.8
8976,Commerce,Galle,9,4,6,0.19074269723916037,60.25590181211797,17.4
8977,Bio Science,Kandy,1,10,6,0.16635827172007955,49.55164853543933,1.7
8978,Arts,Jaffna,7,6,5,0.10608687387073917,33.23969750461633,14.2
8979,Commerce,Colombo,1,10,10,0.3795835709399031,87.8176443613277,1.0
8980,Bio Science,Ratnapura,10,4,14,0.043175830660280246,55.30925399710067,26.1
8981,Arts,Galle,4,6,9,0.44378046494291695,61.64526670725121,5.5
8982,Commerce,Galle,7,5,5,0.08751236144887675,60.90912285570129,12.5
8983,Commerce,Colombo,6,10,10,0.48993682592577065,86.49661895818284,10.2
8984,Commerce,Gampaha,6,7,6,0.49423402404353717,51.50562141768425,11.1
8985,Physical Science,Jaffna,5,7,14,0.19919352062057588,70.86023127074938,10.5
8986,Commerce,Jaffna,7,8,15,0.49391053631613147,75.18245009361279,13.5
8987,Bio Science,Galle,9,4,7,0.43453425864036316,42.733212768019236,21.9
8988,English,Colombo,6,6,4,0.0412151384733328,39.823037281175196,10.3
8989,Technology,Gampaha,10,4,0,0.4736642818143091,49.27470685542925,20.2
8990,Commerce,Ratnapura,7,7,6,0.02125719295229711,66.6550493711193,11.3
8991,Physical Science,Gampaha,9,7,1,0.09095714686955358,62.24735271384249,19.1
8992,Physical Science,Ratnapura,7,5,10,0.29229777042333716,63.213761550663826,15.6
8993,Bio Science,Galle,6,4,14,0.0403685892000068,76.7857899933662,14.2
8994,Bio Science,Kandy,3,9,4,0.08086387849468446,49.14806582525806,5.7
8995,Physical Science,Galle,1,7,6,0.47674589355611935,60.441827903459306,1.0
8996,Commerce,Ratnapura,10,4,6,0.49734394244380403,61.29686271547861,19.9
8997,Physical Science,Colombo,9,6,8,0.3990682708901486,51.55318573379847,20.1
8998,Sinhala,Colombo,7,9,4,0.2576046957323514,96.52542426920493,11.8
8999,Physical Science,Gampaha,3,8,5,0.4501504678458376,30.093430168774063,7.0
9000,English,Galle,10,7,9,0.05594938544178435,83.11021248318397,17.0
9001,English,Gampaha,9,5,13,0.47144593462250445,78.50108319063888,17.4
9002,Commerce,Colombo,3,8,11,0.1757764637277161,77.62431407282966,3.4
9003,Arts,Ratnapura,3,4,15,0.43074469561659723,68.93772802172298,6.2
9004,Bio Science,Ratnapura,7,5,10,0.3341867029926955,85.00367860083382,13.9
9005,Commerce,Galle,2,8,5,0.480137152027861,55.774606043554925,2.9
9006,Bio Science,Gampaha,10,6,0,0.4323389738979091,65.88658787242598,22.3
9007,Bio Science,Jaffna,7,7,9,0.44394890677545307,65.59800638243078,15.1
9008,Commerce,Jaffna,7,4,6,0.31587717806001525,59.51533642606645,14.8
9009,Bio Science,Colombo,1,9,15,0.4165792654881379,69.32778009028169,1.0
9010,Commerce,Colombo,10,7,15,0.37856557538066926,53.268613675685785,20.7
9011,Physical Science,Galle,2,4,14,0.08081156545194362,57.039510997983676,5.6
9012,Bio Science,Jaffna,5,7,9,0.3242984456766215,88.20470630094003,9.0
9013,Physical Science,Gampaha,4,4,14,0.07408777326007931,100.0,8.4
9014,Physical Science,Ratnapura,3,5,6,0.43472806094276495,70.79932994396525,4.9
9015,Physical Science,Ratnapura,10,7,3,0.03297489966998424,74.00337067971861,21.6
9016,Physical Science,Colombo,8,8,3,0.49352333509663765,65.28047227786575,18.3
9017,Physical Science,Ratnapura,7,8,15,0.20031333306885574,74.32581838448884,14.9
9018,Technology,Colombo,9,9,10,0.08531467685071781,73.15687786556842,16.2
9019,Physical Science,Gampaha,3,4,5,0.46783749183061146,78.0314264964181,7.2
9020,Commerce,Colombo,10,9,2,0.022712993114923974,84.0542472630803,17.3
9021,Physical Science,Colombo,1,6,13,0.23505281725449173,53.233787921385336,1.0
9022,Technology,Galle,9,5,13,0.3851135639622513,100.0,17.3
9023,Bio Science,Kandy,9,10,14,0.1583752377158505,69.074034413857,22.4
9024,Bio Science,UpCountry,1,2,9,0.2644173349514006,66.57894099304816,2.0
9025,Commerce,Gampaha,8,7,5,0.35020650815690096,56.306359864819754,14.7
9026,Bio Science,Jaffna,10,5,10,0.4759882105006604,58.86376968573806,23.0
9027,Commerce,Colombo,1,8,15,0.05135131963551498,76.74556355594063,1.0
9028,Physical Science,Kandy,6,9,10,0.07861335185745988,74.55735009045951,12.0
9029,Sinhala,Colombo,9,10,3,0.25443544759703346,69.97835506854096,16.7
9030,Bio Science,Ratnapura,3,5,9,0.20923748057502345,57.67746505281737,5.7
9031,Bio Science,UpCountry,6,5,15,0.2053980803418332,26.982251053457396,15.4
9032,Arts,Kandy,3,6,7,0.1484807514680766,36.56699601363023,6.1
9033,Bio Science,UpCountry,5,2,4,0.28034239925447807,62.199317774415334,12.7
9034,Technology,Gampaha,7,4,12,0.4416441680828581,71.03822006280387,14.8
9035,Bio Science,Gampaha,10,7,7,0.08046217026893193,57.20456332704873,23.1
9036,Arts,Gampaha,4,8,8,0.10764316474787883,53.60646655109157,7.1
9037,Physical Science,Jaffna,4,4,3,0.33541174889979286,65.95039813668006,10.3
9038,Technology,Kandy,7,9,0,0.028098827143652083,58.38553068073683,11.8
9039,Arts,UpCountry,5,5,9,0.33688209978150324,57.3526098262548,8.9
9040,Physical Science,Ratnapura,1,8,6,0.15722807543166867,38.76741221319778,1.2
9041,Physical Science,Jaffna,10,5,12,0.1789269657000075,53.34098103614233,24.9
9042,Bio Science,Gampaha,2,5,6,0.20277468691145012,76.98888675199794,3.5
9043,Sinhala,Colombo,6,9,4,0.17479378074585744,47.56050787700528,10.8
9044,Physical Science,Kandy,9,7,15,0.4206048106397661,77.45481711991935,20.9
9045,Bio Science,Kandy,7,8,4,0.47303422870015455,82.79606147564517,14.8
9046,Physical Science,Colombo,4,10,0,0.2740057376580942,48.13406672799397,8.2
9047,Bio Science,Colombo,2,9,14,0.2909392494174697,60.33019241421969,4.5
9048,Commerce,Gampaha,4,5,2,0.03524155400671758,75.81024957900763,5.1
9049,English,Gampaha,5,5,0,0.3565959641805003,78.49247625459978,7.9
9050,Commerce,Gampaha,2,8,6,0.292049436482042,53.32808050756649,2.6
9051,Technology,Colombo,1,6,4,0.025197261903800172,37.68008234210993,1.6
9052,Commerce,Ratnapura,4,5,11,0.09921283353585164,84.32314617381004,6.4
9053,Physical Science,RemoteArea,6,6,3,0.10097171019628137,70.2578636517346,12.5
9054,Bio Science,UpCountry,1,2,13,0.08548397597167962,72.50944588809307,1.9
9055,Commerce,Gampaha,1,7,6,0.32932297731138854,76.73388220932577,1.0
9056,English,RemoteArea,9,2,8,0.46421980767788446,46.22337097099036,18.9
9057,Technology,Jaffna,5,5,15,0.38148766267917966,73.3679855336885,10.1
9058,Physical Science,Ratnapura,2,7,5,0.2386867426069566,58.22100211677021,2.7
9059,Physical Science,Colombo,2,9,13,0.20202564899224096,75.54133729515236,1.5
9060,Physical Science,UpCountry,4,2,8,0.19322905265461127,75.98557552408845,9.2
9061,English,Kandy,2,9,5,0.3006234788479125,77.14829964543179,2.7
9062,Technology,Galle,4,4,9,0.17961032947226818,73.47841463603332,7.5
9063,Arts,Galle,6,4,8,0.11306098559435857,67.7602489723839,10.5
9064,Bio Science,Gampaha,7,4,5,0.30142145328779146,66.76243856046051,17.1
9065,Commerce,Ratnapura,6,8,13,0.19535270671378657,72.00146427532653,10.4
9066,Bio Science,Colombo,4,7,8,0.00706241457191692,54.63541223040462,7.2
9067,Physical Science,Ratnapura,10,7,12,0.01111555678338727,60.44255378094543,23.7
9068,Commerce,Colombo,3,8,15,0.13706830557720917,73.53504964122644,3.4
9069,Physical Science,Gampaha,4,5,13,0.25621109975343187,76.25719978663145,8.4
9070,Physical Science,Colombo,5,8,15,0.17711975383399436,57.73510705775966,11.1
9071,Technology,Colombo,4,6,15,0.01202757619377598,51.35052026962876,6.3
9072,Arts,Gampaha,3,7,2,0.11157588187662021,35.87051369033096,6.2
9073,Bio Science,Gampaha,1,5,4,0.04820965433730806,43.079970601106126,1.0
9074,Commerce,Gampaha,3,6,10,0.4743160006807083,56.90663955157648,5.1
9075,Bio Science,Gampaha,5,6,4,0.15641703781426325,55.30077151976781,11.2
9076,Arts,Kandy,6,8,14,0.007383185797747938,62.75744833288846,11.3
9077,Arts,UpCountry,4,3,12,0.3302816259928318,47.924723820965696,10.3
9078,Arts,Colombo,1,10,9,0.11622397025390857,37.31186463643604,1.0
9079,Arts,Ratnapura,10,4,13,0.28336812751550206,68.39845072727303,22.2
9080,Physical Science,Galle,7,7,7,0.07537272730474393,65.40452619223825,15.0
9081,Bio Science,Kandy,9,8,14,0.4920066175612323,76.3200361257912,22.4
9082,Bio Science,Galle,6,5,15,0.4851295932826665,79.72557026622704,14.3
9083,Bio Science,Colombo,6,8,10,0.32799167584515293,70.88537107592191,12.3
9084,Arts,Galle,9,5,12,0.35360131091103036,67.72001453292748,19.4
9085,Bio Science,UpCountry,4,6,12,0.21293944564582568,79.14009092302993,7.0
9086,Physical Science,Kandy,5,8,10,0.4810896727090844,86.36088487589168,9.7
9087,Bio Science,Colombo,5,8,6,0.21186981018560047,52.8498565771752,11.0
9088,Sinhala,Galle,5,7,1,0.11973399870403012,72.05391007184373,8.0
9089,Physical Science,Galle,8,5,10,0.057689304801952,55.6373496930405,17.5
9090,Commerce,Galle,1,5,1,0.1040626501571928,63.785516169200065,1.0
9091,Bio Science,Ratnapura,10,8,6,0.28610675196436103,79.04309550729249,21.5
9092,Physical Science,Galle,10,6,9,0.12254585896964953,60.394984010974156,22.7
9093,Bio Science,Colombo,3,9,11,0.3271247142237724,51.21884705058723,6.6
9094,Arts,Colombo,8,6,9,0.19109225994252332,57.61182016480443,15.2
9095,Commerce,Kandy,9,9,3,0.44343645270862214,47.20427678936247,17.2
9096,Technology,Colombo,2,9,5,0.2792390337327887,46.3868081103077,3.2
9097,Physical Science,Jaffna,4,7,8,0.31130202655063804,82.09860097045606,7.8
9098,Physical Science,Kandy,8,9,9,0.2782799014963385,72.48556252338112,17.8
9099,English,Colombo,5,8,10,0.4427843870955121,54.20669427705616,9.1
9100,Bio Science,Jaffna,1,7,3,0.03170978396459567,46.73412659322016,1.0
9101,Commerce,UpCountry,6,3,14,0.03367435354537257,53.26889888272228,12.6
9102,Arts,Colombo,9,7,6,0.3508701224623742,52.204098584408506,17.2
9103,Bio Science,Kandy,9,9,8,0.38398195102408916,81.28987318142664,18.7
9104,Arts,Gampaha,1,5,13,0.21679470914098392,64.84865039483806,1.0
9105,Physical Science,Gampaha,4,6,0,0.17615260402713168,91.97421569099416,7.1
9106,Physical Science,Colombo,1,6,9,0.13897253310270657,63.90391187954239,1.5
9107,Physical Science,Gampaha,7,7,10,0.11719744291677386,56.365327725888356,14.8
9108,Technology,Ratnapura,3,5,1,0.4559792948393026,74.41653834719074,4.5
9109,Physical Science,RemoteArea,2,3,12,0.14756977318058623,40.94786421685366,5.8
9110,Arts,Kandy,8,8,15,0.3240393979055983,70.32672531939525,15.1
9111,English,Kandy,9,8,8,0.39354739019181106,45.81738748940955,17.3
9112,Commerce,Gampaha,7,4,12,0.010983289223790438,33.268049850034416,15.2
9113,Commerce,Kandy,6,10,4,0.0169370749415933,60.23528428807603,10.5
9114,Bio Science,Gampaha,10,8,3,0.16656870231868465,74.02164377015033,22.2
9115,Bio Science,Gampaha,6,8,6,0.3480078721568516,66.2088895053,13.1
9116,Bio Science,Gampaha,9,4,4,0.13039931763117485,63.40603059430229,20.9
9117,Commerce,Colombo,5,9,0,0.0007416452161251308,21.018282437474355,10.0
9118,Sinhala,Colombo,5,10,8,0.1440739499719585,61.67554577431011,7.7
9119,English,Kandy,2,10,7,0.04506540832175637,61.32217010808629,2.1
9120,Technology,Galle,6,5,15,0.1097066528961616,76.81892676376772,10.0
9121,Technology,Colombo,6,7,15,0.1665950003496488,51.62802755419996,11.5
9122,Bio Science,Ratnapura,6,7,2,0.06402867753437591,73.44483591099598,12.7
9123,Commerce,Colombo,4,8,9,0.35318236372383,56.859334820876185,7.0
9124,Technology,RemoteArea,7,2,2,0.12796011600309415,56.51050317318381,13.4
9125,Bio Science,Galle,9,8,2,0.3305473996524812,68.91909219558143,19.7
9126,English,Kandy,1,6,6,0.2995164264105847,45.15861532941062,1.0
9127,Bio Science,UpCountry,3,3,1,0.44902274384686797,72.86309575997868,6.8
9128,Commerce,Gampaha,10,4,8,0.04396658617233462,43.68037753965487,20.3
9129,Arts,RemoteArea,9,3,3,0.10730405568183238,71.32763238997964,18.4
9130,English,Colombo,5,6,6,0.432589214521988,59.46793382084311,8.6
9131,Physical Science,Colombo,6,7,15,0.4110657281928466,65.193453141187,15.2
9132,Arts,Kandy,8,6,7,0.09605277859102535,17.522918413742794,15.6
9133,Commerce,Gampaha,9,8,15,0.05386800597306207,58.63862429636274,17.9
9134,Physical Science,Kandy,8,10,4,0.4281207323100969,58.84666801050613,18.2
9135,Arts,Gampaha,3,7,7,0.08906902841235237,86.72936398483566,2.4
9136,Commerce,Kandy,10,6,3,0.4355548530353976,60.961204265055535,19.1
9137,Commerce,Colombo,1,8,12,0.4805573496888703,56.20547666998808,1.0
9138,Bio Science,Ratnapura,5,7,15,0.1104033192878352,80.00487308307285,10.6
9139,Bio Science,UpCountry,7,2,9,0.4201937999604775,56.92254258702163,17.3
9140,Commerce,Galle,2,6,1,0.21191554499113152,75.98318717606548,1.1
9141,Bio Science,RemoteArea,1,6,2,0.3943892123767479,64.92024084334793,1.1
9142,Physical Science,Jaffna,4,8,13,0.20369777048942161,53.006649930647,8.9
9143,English,Jaffna,3,8,5,0.03519779936685846,76.56798308514948,3.4
9144,Commerce,Kandy,4,8,9,0.35634763630683214,73.51554324903421,6.2
9145,Arts,Colombo,1,7,12,0.07534431995178953,79.4356113504034,1.0
9146,Bio Science,Colombo,2,6,5,0.4635125446583495,59.7682565373343,3.8
9147,Bio Science,Colombo,1,9,11,0.20887314151035064,74.51696703992977,1.0
9148,Bio Science,Galle,3,7,14,0.04100007395478977,95.80732585694273,4.4
9149,Bio Science,Colombo,4,10,11,0.11424000738699719,68.07101660937812,8.3
9150,Commerce,UpCountry,1,3,11,0.4312588087338473,59.52036114826962,2.9
9151,Commerce,Kandy,6,6,13,0.1605427348120766,89.65939422252028,11.4
9152,Bio Science,Jaffna,2,4,6,0.42816399748984474,73.00663487893804,4.6
9153,Physical Science,Colombo,10,9,11,0.08614336919607446,58.742697240316765,23.6
9154,Bio Science,Colombo,5,9,10,0.23410906178864727,91.02689900382055,9.0
9155,Physical Science,UpCountry,8,5,13,0.4391297458933081,48.44874516054635,20.5
9156,Physical Science,Colombo,4,6,3,0.02420241616162827,69.43747030957556,8.1
9157,English,Colombo,5,9,12,0.15213859138981023,83.1973299125886,7.8
9158,Commerce,Colombo,9,6,7,0.4549257947193929,79.5761745911072,16.2
9159,Commerce,Colombo,2,10,7,0.2982631638540216,50.00046333539398,2.9
9160,Bio Science,Colombo,2,7,10,0.35811606551106734,46.391594571621596,3.6
9161,English,Kandy,6,9,6,0.4210642192962037,66.44259500077573,11.4
9162,Commerce,Gampaha,6,4,2,0.26179821313455837,71.57122419609841,12.2
9163,Arts,Kandy,3,10,13,0.4226829505108,50.33061152207594,5.8
9164,Bio Science,Colombo,9,8,2,0.3193822853342041,65.52674229983644,19.8
9165,English,Galle,1,8,1,0.3428252252817511,38.63770318727995,1.9
9166,Technology,Galle,3,5,10,0.07642722758406972,80.91266467547206,3.7
9167,Technology,Ratnapura,8,8,12,0.46950941461735196,57.43076146621472,16.2
9168,Physical Science,Gampaha,8,7,6,0.3980421752174578,60.539597590351875,18.5
9169,Physical Science,Ratnapura,4,7,13,0.12709799807357475,79.46475640541384,8.1
9170,Physical Science,Galle,8,6,5,0.28999733319152654,74.06805085421385,16.5
9171,Physical Science,Jaffna,10,4,11,0.18823295243058052,72.609192653385,25.3
9172,Technology,UpCountry,8,6,6,0.3302009994049558,78.44223362558368,13.4
9173,Physical Science,Colombo,1,8,1,0.49687342160123504,66.63569898840687,1.7
9174,Physical Science,Gampaha,3,7,3,0.022873198571822573,83.21299172681718,4.1
9175,Physical Science,Colombo,1,6,0,0.4762618189818123,34.33823850605033,2.5
9176,Physical Science,Gampaha,2,4,1,0.03619566607182512,59.60649891554099,5.5
9177,Physical Science,Kandy,4,7,6,0.230382317920389,61.46901248146141,8.4
9178,Arts,Ratnapura,3,7,4,0.24105460029671805,58.715439103482055,4.3
9179,Commerce,Jaffna,6,4,9,0.13436222729990427,71.96143195596831,11.0
9180,Physical Science,Kandy,5,7,2,0.2833496430298432,64.2099400279175,10.3
9181,Bio Science,Galle,5,5,1,0.41698207316931346,72.87230246724289,9.9
9182,Bio Science,Colombo,10,9,2,0.14698109060563658,43.24190364991183,22.3
9183,Physical Science,UpCountry,7,2,3,0.03520246882606881,95.88317460550068,14.8
9184,Commerce,RemoteArea,7,2,9,0.3161418503206312,58.63541834206437,14.4
9185,Arts,UpCountry,9,6,9,0.3758725645741259,68.80134544464357,16.2
9186,Arts,Galle,8,4,4,0.47726150489803504,58.90637639646754,16.4
9187,Arts,Galle,3,5,7,0.07976232342169148,64.71599976576212,4.2
9188,Physical Science,Kandy,2,8,8,0.45067993290240266,55.976342479375106,4.2
9189,English,Colombo,1,9,1,0.2410617385945562,63.58704520678653,1.0
9190,Technology,Jaffna,10,6,11,0.11787911851202076,74.20145106271701,18.7
9191,English,Jaffna,6,4,2,0.4813742350981347,24.973990457787465,13.4
9192,Physical Science,RemoteArea,4,3,15,0.1192146352681615,62.5717831141308,9.6
9193,English,Kandy,3,8,3,0.3667220928679659,56.001307294396085,5.3
9194,Technology,Colombo,2,9,6,0.3924433892020647,97.81602766032297,1.3
9195,Technology,Jaffna,2,8,13,0.21525952621195593,79.40106770151085,2.8
9196,Physical Science,RemoteArea,4,4,5,0.34499242236347255,85.00089428577942,8.7
9197,Arts,Colombo,1,10,12,0.2862385375146255,74.37173801011787,1.0
9198,English,Gampaha,6,4,5,0.09601637621655884,63.73536553244594,11.2
9199,Commerce,Kandy,10,6,9,0.3799439410567692,69.96236015363114,18.7
9200,Commerce,Colombo,5,9,6,0.4640080724182172,79.84461590042041,8.5
9201,English,Ratnapura,10,8,0,0.24431902735957006,86.25177437167693,18.1
9202,Bio Science,Gampaha,9,8,7,0.49715512703337905,68.03076762608025,20.3
9203,Commerce,Galle,2,7,8,0.21398265676743033,54.656028995081996,3.2
9204,Bio Science,Ratnapura,9,6,1,0.2398682878357135,74.36861494952005,19.8
9205,English,Gampaha,9,7,0,0.33694875698681737,47.20239158160643,16.8
9206,Physical Science,Galle,10,4,3,0.0928850721121719,67.35597006516842,23.1
9207,Commerce,UpCountry,9,6,10,0.4509730049736032,75.21970576900237,16.8
9208,Commerce,RemoteArea,10,3,1,0.4006363985697336,58.8788599368839,21.0
9209,Arts,Gampaha,10,5,5,0.4362086431958897,48.92769422610487,18.7
9210,Commerce,UpCountry,4,2,15,0.3047792897520437,60.68173235746568,9.2
9211,English,Ratnapura,5,8,2,0.4418739805897465,56.25368918000831,8.3
9212,English,Jaffna,8,8,8,0.3399862436390276,48.19611227919425,14.8
9213,Physical Science,Kandy,8,9,7,0.2557804498928798,57.70855766443192,18.0
9214,Bio Science,Colombo,1,8,12,0.46589540199235785,44.22053869949427,1.5
9215,Physical Science,Kandy,10,9,6,0.21985988441075066,71.86691912932908,22.8
9216,Bio Science,Colombo,1,7,10,0.25028492774593697,70.00011080040059,1.0
9217,Commerce,Galle,10,8,6,0.08477186541337484,66.98547505645811,17.3
9218,English,Gampaha,6,6,6,0.4738295049294802,57.211535716974424,11.4
9219,Technology,Kandy,7,9,4,0.11052640423115284,58.21926469273641,11.6
9220,Physical Science,Colombo,2,8,7,0.10070796209583333,51.06581893694646,3.3
9221,Physical Science,Colombo,2,7,3,0.050597302115585385,69.07756085206019,3.0
9222,Commerce,RemoteArea,5,4,4,0.22667972557598443,41.63239941272927,10.9
9223,Commerce,Galle,9,8,2,0.13680727493904143,62.25646349492696,16.2
9224,Physical Science,RemoteArea,5,4,2,0.37039050026572146,51.49453799833762,12.4
9225,Technology,Colombo,8,8,1,0.1537608101020267,86.85965573548388,12.8
9226,English,Colombo,8,9,13,0.3603851308621972,74.40173869971015,15.7
9227,Bio Science,Kandy,5,8,4,0.09798054138814483,61.993318651812864,10.5
9228,Technology,Gampaha,8,6,11,0.1149829217000416,48.90965198979043,17.1
9229,Bio Science,Colombo,8,7,1,0.4030870802207526,40.047213084864616,18.4
9230,Arts,Jaffna,5,6,9,0.18554677596238195,71.93700390535828,8.4
9231,Bio Science,Gampaha,5,7,3,0.05588698780234641,88.4819298041258,9.5
9232,Physical Science,Colombo,4,9,9,0.48070190254420403,70.63430088966066,8.0
9233,English,Gampaha,1,8,11,0.0886960782218057,68.12935783213824,1.0
9234,Bio Science,Kandy,9,7,0,0.0750985593309787,62.846201412236624,19.2
9235,Arts,Jaffna,2,4,1,0.1791910316758099,62.04527950034646,3.9
9236,Bio Science,Gampaha,1,8,10,0.04781688461566175,68.05007101725309,1.0
9237,Physical Science,Kandy,6,8,0,0.07780818797558442,49.722613893989354,13.1
9238,Physical Science,Colombo,5,7,1,0.42322229876747475,45.89649203591425,11.6
9239,Bio Science,UpCountry,1,6,3,0.08575342785483431,63.13849852154086,1.0
9240,Commerce,UpCountry,7,5,0,0.055713406831269185,82.40126571459513,11.4
9241,Bio Science,Jaffna,7,5,5,0.4399787684406311,74.15545950062135,15.1
9242,Commerce,Ratnapura,3,5,0,0.2218982540562175,41.49865508591644,4.5
9243,Commerce,Kandy,8,8,2,0.07858147070621374,57.17216107132576,14.1
9244,Arts,Kandy,6,7,1,0.29075871525225977,71.43494768328554,9.9
9245,Bio Science,RemoteArea,4,3,1,0.020752919937959413,83.25303933732687,7.8
9246,English,RemoteArea,10,2,3,0.21369127731477727,88.36931180526284,18.6
9247,Bio Science,Galle,10,6,8,0.29515691318767173,60.83925610515729,22.4
9248,Bio Science,Ratnapura,10,5,2,0.4785600151306543,73.36346434288372,22.5
9249,Physical Science,UpCountry,3,3,11,0.16323238189237005,69.23907539262794,6.7
9250,Bio Science,Kandy,1,6,5,0.38252554826822216,60.70408349987669,1.7
9251,Physical Science,Galle,2,4,15,0.06634990695256465,68.43520024131213,4.9
9252,Commerce,Gampaha,2,7,11,0.21679117501699996,66.61937916349345,2.3
9253,Physical Science,Gampaha,5,6,10,0.11156736494023439,82.62745629506703,8.9
9254,Bio Science,Gampaha,4,4,9,0.2462339179381871,43.432956374654,10.0
9255,Arts,Colombo,2,7,2,0.20861592943293922,68.02219246040788,2.0
9256,Bio Science,Gampaha,9,4,9,0.48989252497995667,87.5912694004908,20.6
9257,Physical Science,Galle,7,8,4,0.45874899896032234,83.47681287463861,14.4
9258,Physical Science,Ratnapura,8,7,8,0.2911029498330187,72.53460166314682,17.7
9259,Arts,Colombo,8,9,2,0.08825488895755995,49.64424385962183,14.4
9260,Physical Science,Colombo,2,8,7,0.278478495710943,75.15167444726089,3.3
9261,Bio Science,Gampaha,5,7,5,0.39604113916188616,82.37410167940953,10.0
9262,Commerce,RemoteArea,3,4,13,0.019013555988653452,58.772894300570165,6.5
9263,Commerce,Colombo,10,10,14,0.21701467432741167,72.36416163321252,20.1
9264,Commerce,Colombo,9,7,11,0.021323457414727298,62.420951142575426,17.8
9265,Technology,UpCountry,9,6,7,0.12197896877396192,54.29019209602932,17.0
9266,Physical Science,Galle,6,6,1,0.04605732980046434,55.77245067735224,12.7
9267,Physical Science,Ratnapura,4,6,8,0.4802891411125412,65.9279586853383,7.6
9268,Physical Science,Galle,8,6,13,0.0844143263901776,52.72645949426892,18.7
9269,Physical Science,Jaffna,5,5,0,0.07505194116812597,43.76834902043012,10.4
9270,Physical Science,Galle,3,6,2,0.48602748323547956,47.655909259395614,7.0
9271,Bio Science,Gampaha,8,8,3,0.2579836451515367,66.4185112384346,17.3
9272,Commerce,RemoteArea,6,3,5,0.3789925157022737,40.512806309864466,13.0
9273,Commerce,Ratnapura,5,8,10,0.16365732558476753,31.745306994184666,9.5
9274,Bio Science,Colombo,1,7,3,0.26643035296742773,82.0875573548128,1.0
9275,Arts,Gampaha,3,6,12,0.0034268560388615588,50.80167841841531,3.6
9276,Bio Science,Gampaha,7,5,10,0.204409235688708,62.089863166451934,14.5
9277,Physical Science,UpCountry,3,2,14,0.27754489322197695,80.83433434886646,8.0
9278,Commerce,Kandy,1,10,1,0.25720508174956186,38.926108544752935,1.4
9279,Physical Science,Ratnapura,8,4,2,0.20290984360837794,39.408373666757115,18.4
9280,Physical Science,Gampaha,7,4,2,0.3939538318722233,51.51125300698946,17.4
9281,Bio Science,Gampaha,5,6,5,0.25082041332685395,76.91957011037935,10.8
9282,English,RemoteArea,10,4,14,0.31806026182296976,66.67530239513192,22.0
9283,Arts,Kandy,5,6,4,0.09231056581701341,61.87885817649154,8.1
9284,Physical Science,Kandy,6,7,13,0.43075004820556195,62.0686542211333,13.5
9285,Technology,Jaffna,7,6,4,0.1814180909448157,70.4320214071293,11.9
9286,Arts,Galle,3,8,13,0.24105181666323128,87.97769747263936,3.0
9287,Commerce,Kandy,4,6,15,0.1760973899123232,100.0,4.9
9288,Technology,Colombo,1,10,10,0.44595358800357715,62.77871551757817,1.0
9289,Bio Science,Galle,7,8,3,0.4503700734811164,84.38921797721537,15.8
9290,Physical Science,Jaffna,10,8,12,0.11214217230512152,80.98897209574228,24.0
9291,Commerce,Jaffna,2,4,15,0.3763572778811668,71.50491532631153,4.9
9292,Commerce,RemoteArea,7,5,12,0.05144177285409962,32.850096789139926,13.6
9293,Commerce,Galle,6,6,3,0.014925176653899141,55.83169254709988,10.3
9294,Commerce,Galle,4,8,8,0.41829205675010595,58.9260511116557,6.4
9295,English,UpCountry,2,2,6,0.0655890727599725,68.38201239033363,2.9
9296,English,Colombo,7,9,15,0.07739135893049587,64.53799836610612,13.4
9297,Technology,Gampaha,7,4,12,0.3032941296470016,57.552016123737054,15.6
9298,Technology,Kandy,5,8,12,0.4083842582719867,96.45014917265252,8.4
9299,English,Gampaha,9,4,11,0.09480046002052112,85.12265781371075,17.9
9300,Physical Science,Galle,3,5,7,0.05709611735614978,33.15764678012898,6.3
9301,Physical Science,Galle,9,5,3,0.03866117275042652,57.28368927722218,19.9
9302,Bio Science,Jaffna,5,8,10,0.0124232057927266,74.46384279059227,9.2
9303,Technology,RemoteArea,2,2,14,0.058239574929035975,86.96360072517858,2.8
9304,Commerce,Colombo,9,6,2,0.4713459547843334,54.70034862853708,16.3
9305,Arts,Jaffna,1,8,15,0.04764125629223093,64.2694435461676,1.0
9306,Physical Science,Kandy,1,10,0,0.29877948703756035,61.42176705699929,2.0
9307,Physical Science,Gampaha,7,7,8,0.4604831944580149,73.9277120525889,15.4
9308,Arts,Colombo,3,6,8,0.313910070388086,40.96694670202233,5.1
9309,Physical Science,Galle,8,6,1,0.0163728772616738,30.26933231043602,18.6
9310,Bio Science,Kandy,7,8,3,0.2982069036079812,80.31825480933767,14.3
9311,Physical Science,Galle,7,6,12,0.45153265342028803,51.148878618049594,17.6
9312,Bio Science,Kandy,1,10,3,0.1612795175400633,93.33989327954365,1.0
9313,Arts,Colombo,1,10,11,0.1568139647854222,52.5464109567001,1.0
9314,Bio Science,Gampaha,2,8,0,0.12443179435040352,57.225633744766235,2.9
9315,Commerce,Gampaha,2,6,11,0.25277229347314,71.02899661616388,1.6
9316,Physical Science,RemoteArea,5,5,1,0.11897142305467279,28.520647218311442,11.7
9317,Technology,Ratnapura,9,5,13,0.3618943856995148,100.0,17.0
9318,Bio Science,RemoteArea,7,2,12,0.32243087370980605,60.07504734551999,19.2
9319,Commerce,RemoteArea,2,3,7,0.2003868076847954,50.9223222563126,4.6
9320,Arts,RemoteArea,5,2,5,0.36127752889713566,45.0044875075714,10.6
9321,Physical Science,Gampaha,5,8,0,0.049248153219857704,65.42630220660297,10.1
9322,Technology,RemoteArea,8,4,6,0.37476420169204977,67.36281547586202,16.2
9323,Commerce,Gampaha,9,5,10,0.3014540907918512,48.010553204503495,17.4
9324,Bio Science,Ratnapura,8,8,14,0.315041437843319,46.42087560945036,20.8
9325,Physical Science,Colombo,2,6,6,0.03233185011124223,78.82884409500306,1.7
9326,English,UpCountry,4,3,5,0.3090675058641389,52.664388649008195,7.4
9327,Arts,Ratnapura,2,5,12,0.24706101191274626,40.18475594082925,2.9
9328,Physical Science,Kandy,6,7,13,0.24293125115847192,64.28117358367129,14.2
9329,Bio Science,Ratnapura,4,5,10,0.16092669989558223,58.97410621317255,8.2
9330,Technology,Colombo,7,7,7,0.0038069416701341785,92.75044884050416,10.6
9331,Commerce,Ratnapura,2,8,10,0.2113187000230793,57.16722826273537,2.4
9332,Arts,Galle,9,4,11,0.2004581121128693,60.87660960584529,19.2
9333,Bio Science,Kandy,5,6,4,0.2114027036593183,65.29184277765798,10.2
9334,Arts,UpCountry,1,5,1,0.30599700329002166,51.93697236454618,1.0
9335,Bio Science,Jaffna,3,6,3,0.14995310713007626,68.11435256335697,6.0
9336,Physical Science,RemoteArea,4,3,10,0.13469172461711737,49.74692035324494,10.4
9337,Commerce,Kandy,3,6,13,0.2488906397366401,62.910308419194656,5.2
9338,Sinhala,Kandy,6,8,7,0.29615883799261994,69.60220871858589,10.3
9339,Bio Science,Kandy,6,8,12,0.2836642133283505,83.06456108246272,13.9
9340,Bio Science,Gampaha,10,8,7,0.4408208670657934,54.70719257589907,23.1
9341,Commerce,Galle,7,5,11,0.3845720291724103,56.528098822152,14.2
9342,Commerce,Kandy,9,9,4,0.026094948187504796,85.1184737481352,14.4
9343,Technology,Galle,10,6,5,0.2817377075740495,54.22269563058719,18.9
9344,Arts,Galle,9,8,8,0.2089071047449384,63.14887768484704,15.7
9345,Physical Science,Colombo,7,7,9,0.18052564670867877,90.19129150357632,14.0
9346,Sinhala,Jaffna,1,4,9,0.47894795306220683,65.5118605602753,2.4
9347,Arts,Colombo,3,9,9,0.2283978912640262,60.78366887259137,4.0
9348,Technology,Kandy,5,7,15,0.3597174474844187,64.90259950187097,9.6
9349,Commerce,Jaffna,10,8,10,0.48354348497841176,53.893219966252076,19.7
9350,Technology,RemoteArea,6,6,10,0.07550006795120551,71.76174965200568,9.3
9351,Physical Science,Ratnapura,6,8,15,0.02730813107447644,53.63966201450675,14.0
9352,Bio Science,Ratnapura,5,8,1,0.15681011472351142,72.17763267842776,9.3
9353,Technology,Ratnapura,6,8,4,0.02222213267365264,62.22823267812883,9.4
9354,Physical Science,Gampaha,9,7,8,0.058382305626743125,67.53210578370846,19.6
9355,Physical Science,Galle,1,6,2,0.49585491126041953,86.94552130797003,1.0
9356,Arts,Galle,1,6,5,0.4800894523838831,40.7638142151259,1.0
9357,Technology,Jaffna,9,4,3,0.34564632947944823,61.86632987521671,19.2
9358,Physical Science,Galle,8,6,3,0.3764934998021529,71.07122567091896,17.3
9359,Technology,Gampaha,9,8,2,0.07024603882151276,51.756495145958226,16.5
9360,Commerce,Ratnapura,7,6,9,0.297617787977171,78.7667440880833,11.7
9361,Commerce,Ratnapura,10,6,12,0.07720637220408133,57.82970689814988,19.9
9362,Technology,Galle,6,8,0,0.1891930780511012,64.37434597074277,11.0
9363,Bio Science,Jaffna,9,7,11,0.17267251269490652,63.64758437309456,22.5
9364,Physical Science,Jaffna,2,8,10,0.30698023059420304,67.42677650118353,2.3
9365,Physical Science,Gampaha,4,6,7,0.039846554388079936,64.60923094992214,7.2
9366,Commerce,Gampaha,2,6,4,0.05173103496085124,61.52051463679347,3.5
9367,Commerce,UpCountry,6,2,15,0.30496596210601734,60.39799400250376,13.0
9368,Technology,Ratnapura,1,8,1,0.3180588284698132,50.52942816333726,1.2
9369,Arts,Galle,7,4,0,0.1699412126215804,64.73978749434306,14.3
9370,Commerce,Gampaha,7,4,0,0.07343556389474282,60.790592009767714,14.0
9371,Arts,Ratnapura,7,5,3,0.44303995789580614,51.11853136832568,11.8
9372,Physical Science,Jaffna,4,4,15,0.026474398922166187,72.65076244020842,9.8
9373,Physical Science,Gampaha,8,6,14,0.3586877588023562,60.06169989626962,20.5
9374,Technology,Jaffna,5,6,3,0.07002235906419213,84.83159994468411,7.3
9375,Physical Science,Jaffna,2,5,5,0.3186869542134733,99.83770468624061,1.6
9376,Physical Science,Kandy,5,7,10,0.3318279234644498,85.83570271040313,9.3
9377,Commerce,Galle,10,8,6,0.4021298185176852,82.99986802313082,17.9
9378,Bio Science,Kandy,9,7,0,0.1975125411352187,72.21251069429788,19.9
9379,Technology,Colombo,10,9,9,0.010898234116390237,61.35252672609189,19.4
9380,Physical Science,Jaffna,1,6,1,0.40552469298449634,32.01409426206325,2.0
9381,Physical Science,Kandy,2,8,14,0.22203400968926695,51.62491135543129,4.1
9382,Bio Science,Ratnapura,10,5,2,0.4235449097987903,50.84890788285528,22.4
9383,Commerce,UpCountry,8,3,8,0.38799247483047355,82.11605679283377,14.7
9384,Bio Science,Kandy,5,8,3,0.2491534106163324,65.34197914922277,10.1
9385,Commerce,Galle,9,5,5,0.4996997044963131,52.607148200073325,17.5
9386,Technology,Galle,6,8,1,0.23103753851790465,32.822204885977904,11.3
9387,English,Gampaha,8,5,12,0.34825231002347967,100.0,14.7
9388,Physical Science,Kandy,1,7,10,0.3349019099614245,72.99970333944462,1.0
9389,Bio Science,Gampaha,9,8,1,0.25903335751678863,74.12764750142685,19.6
9390,Commerce,Gampaha,9,8,12,0.29267514450211846,57.965091400144914,18.1
9391,English,Galle,3,8,14,0.39930438088901665,64.92081594005815,4.3
9392,Sinhala,Galle,1,6,12,0.285806633897199,60.84201817790098,1.0
9393,Physical Science,Colombo,8,7,1,0.22507415264217318,61.465051084422434,18.3
9394,Arts,Kandy,8,10,10,0.33104123731178803,92.6868074364352,13.2
9395,Bio Science,RemoteArea,9,6,4,0.017754517685860005,43.935783241158276,20.1
9396,Physical Science,Kandy,6,8,12,0.05459693750218886,65.38103767053602,14.1
9397,Physical Science,Galle,9,7,8,0.06271319001039216,69.41311796876764,19.3
9398,Bio Science,Galle,10,5,13,0.21288383177402337,64.74774090579234,24.9
9399,Bio Science,Gampaha,9,7,5,0.4358876199255296,77.42987272748248,19.4
9400,Physical Science,Gampaha,4,7,15,0.321647298883411,41.465333662446525,10.5
9401,Commerce,Jaffna,5,8,13,0.4863092393985048,94.75653565248152,8.6
9402,Physical Science,Gampaha,6,6,8,0.019970484693776325,43.44221190620452,13.0
9403,Commerce,Kandy,6,7,5,0.3610035224292607,45.5483849585126,11.1
9404,Bio Science,Jaffna,10,5,8,0.1571007786951244,57.25820244217478,22.8
9405,Physical Science,Galle,2,5,12,0.011642718205515545,56.28621063582472,3.4
9406,Bio Science,Colombo,4,9,4,0.41296334496715675,68.36755184733387,6.5
9407,Physical Science,Colombo,9,6,10,0.08134677171467791,69.63037742358048,19.2
9408,Commerce,Colombo,7,8,11,0.10703745488120014,67.20335492795854,13.3
9409,Physical Science,Kandy,9,6,15,0.17023292932526246,46.23177423006317,21.9
9410,Commerce,Gampaha,6,7,0,0.39417855843043487,57.90821362829181,10.6
9411,Physical Science,Kandy,7,10,5,0.3122952895856715,62.79598843331667,15.1
9412,Commerce,Ratnapura,9,4,3,0.13243056792349445,79.98411594175337,17.9
9413,Arts,Kandy,4,6,8,0.0842446691626948,66.99165324662795,6.2
9414,Physical Science,Gampaha,9,6,5,0.0547741185009325,68.23986147392978,19.6
9415,Bio Science,Kandy,3,9,14,0.07490828648488024,96.43742272823448,4.0
9416,Physical Science,Gampaha,8,6,14,0.4340725765389444,49.5983994859629,19.8
9417,Commerce,Colombo,3,10,0,0.4613416865746762,54.178385499033475,5.5
9418,Physical Science,UpCountry,3,3,5,0.4839789038027857,45.46225194953965,8.5
9419,Commerce,Colombo,3,9,2,0.41736594223910906,85.09779097672853,3.3
9420,Commerce,Jaffna,9,8,2,0.4436951625116749,86.12265490806367,16.7
9421,English,UpCountry,10,6,6,0.4080517502317128,85.9278902936834,17.5
9422,Commerce,Kandy,3,6,1,0.47902788452301504,68.71095744846198,4.8
9423,Commerce,Galle,6,6,8,0.4228254707721798,69.70752562657451,11.9
9424,Bio Science,Colombo,4,6,8,0.231001340808968,57.12937806982453,7.9
9425,English,Gampaha,2,4,6,0.1616271571789763,74.5414985495593,3.4
9426,Arts,Gampaha,3,5,8,0.29210594442578314,44.77948255420746,4.8
9427,Physical Science,Ratnapura,5,6,15,0.30409166390382797,48.228298025156406,12.1
9428,Technology,Gampaha,10,5,10,0.28745726945655686,58.70191436852829,19.3
9429,Bio Science,Gampaha,4,8,5,0.35336317136048306,90.8050150965943,7.2
9430,Technology,Jaffna,5,5,8,0.3494882894501195,56.298170232755595,8.7
9431,Technology,UpCountry,1,6,9,0.04359714196243869,58.824318665181366,1.0
9432,Physical Science,Ratnapura,4,4,12,0.14276122587371426,70.3165825208975,9.3
9433,Arts,Gampaha,10,5,1,0.4449300937076282,73.97919595527625,18.5
9434,Physical Science,Gampaha,3,6,13,0.29501752701849093,85.28031108816617,5.0
9435,Physical Science,Gampaha,2,5,4,0.16426234909570137,45.194356622785236,3.5
9436,Physical Science,Galle,7,8,10,0.4252293247915382,63.54987728051691,15.1
9437,Arts,Gampaha,10,7,14,0.12452114282277132,70.36770278843963,19.0
9438,Physical Science,Ratnapura,9,6,5,0.20459993218811534,67.3714829807185,18.7
9439,Physical Science,Jaffna,1,8,11,0.138127385836034,78.48690349668895,1.0
9440,Arts,Galle,7,7,5,0.43567496189279986,74.80125983745218,12.5
9441,Physical Science,Kandy,1,8,15,0.36414434340021556,67.88241759547877,1.3
9442,Physical Science,Kandy,5,9,10,0.23011282232493474,82.28568768165115,9.0
9443,Physical Science,Colombo,1,6,3,0.4661504162360813,76.03177551313948,1.0
9444,Bio Science,Colombo,3,6,12,0.463722390271658,79.32572886310243,6.2
9445,Bio Science,Colombo,8,7,3,0.3557625130812227,53.56787206921719,18.3
9446,Physical Science,Gampaha,4,5,4,0.44599681662467777,72.69346658783012,8.2
9447,Sinhala,UpCountry,1,3,5,0.35969656070953726,80.55351512170516,1.0
9448,Arts,Kandy,1,7,11,0.3141059337712088,57.79225439953664,1.0
9449,Bio Science,Colombo,8,9,12,0.21039150896325376,67.97338444537127,19.0
9450,Bio Science,Colombo,8,8,13,0.1367348810524054,89.97119285846863,18.4
9451,Bio Science,Gampaha,4,6,7,0.030128679341882736,69.4473553574623,8.0
9452,Commerce,Kandy,4,7,11,0.4004349857534005,64.18222117854836,7.1
9453,Physical Science,Gampaha,10,4,12,0.061081540417155245,87.92405453142659,24.8
9454,Physical Science,Gampaha,2,8,9,0.2051746203299033,57.44251345026262,3.4
9455,Technology,Kandy,2,7,0,0.11731710712266374,34.55811523476696,3.1
9456,Physical Science,Colombo,6,7,7,0.22731314953512044,51.81248396129812,13.3
9457,Bio Science,Ratnapura,8,4,1,0.15749191273370972,77.54014100820103,18.7
9458,Technology,Ratnapura,7,8,10,0.414846923127461,72.81040497000367,12.3
9459,Commerce,Colombo,7,9,14,0.489089280619911,68.02167239423,14.1
9460,Bio Science,Ratnapura,3,7,6,0.47077738788344387,78.91694279050763,5.4
9461,Commerce,Gampaha,2,8,3,0.31118495938695256,64.00287914441441,1.8
9462,Physical Science,Galle,10,8,14,0.4896382737513409,63.664930440177734,24.5
9463,Arts,Jaffna,7,7,7,0.20036132912296084,76.026807140826,10.7
9464,Bio Science,Kandy,4,7,5,0.2612437219743756,56.76962218872396,9.1
9465,Technology,Galle,1,5,4,0.1284249160546247,69.35369253157174,1.0
9466,English,Colombo,1,6,15,0.4489912660748127,55.579019680476215,1.6
9467,English,Galle,4,8,9,0.08985456056798014,48.681783503993,6.4
9468,English,Gampaha,5,5,9,0.30524373666147964,51.51408836256796,9.4
9469,Commerce,Gampaha,5,5,13,0.3997270593435841,66.10903012470015,9.8
9470,Bio Science,Gampaha,1,4,4,0.2976993734133665,52.2807147364393,2.0
9471,Bio Science,Ratnapura,3,8,3,0.03938760893484994,52.20187512825382,5.1
9472,Commerce,RemoteArea,6,2,13,0.30572343937457214,64.19837588474844,13.4
9473,Technology,Colombo,10,6,2,0.38353966105574594,59.91669342760795,18.5
9474,Physical Science,Gampaha,7,7,2,0.09391407942647517,37.73423257393256,15.4
9475,English,Gampaha,1,4,13,0.36847642797757374,28.66365151724832,3.9
9476,Technology,Ratnapura,8,8,2,0.4392888540368631,66.99952288842583,14.2
9477,Sinhala,Colombo,4,7,6,0.4932292473609709,65.08831766274619,8.1
9478,Technology,Ratnapura,9,5,7,0.20502963189214024,42.94647548364466,17.8
9479,Physical Science,Colombo,6,9,12,0.012581191287216353,72.54417443558224,13.1
9480,Physical Science,Galle,1,8,7,0.20953950021102358,70.01678174360634,1.1
9481,Physical Science,Gampaha,2,5,1,0.3301139200810312,55.96681305648625,3.7
9482,Physical Science,Colombo,3,6,13,0.44568251894987665,95.89049468167275,5.1
9483,Commerce,Kandy,2,8,2,0.4690528961616399,80.03817488865457,3.3
9484,Technology,RemoteArea,10,4,15,0.4547878935160353,61.51393057842031,22.5
9485,Technology,Colombo,7,8,1,0.3289798862595445,54.793684020234565,12.4
9486,Commerce,Colombo,1,8,5,0.34126152129008536,40.63178997768557,1.6
9487,Physical Science,RemoteArea,9,2,10,0.001191903581029552,83.37088790220247,21.2
9488,Physical Science,Colombo,2,7,2,0.18186562170448667,64.70230079396478,3.0
9489,Physical Science,Kandy,4,9,5,0.4534281180582119,74.84591466235533,8.1
9490,Bio Science,Colombo,8,6,3,0.34480883210711955,29.49072790794105,18.8
9491,Commerce,UpCountry,3,3,12,0.2339603755373343,77.66292994174542,6.0
9492,Physical Science,RemoteArea,9,6,11,0.05212620744171481,57.85529891194062,21.3
9493,Bio Science,Galle,7,5,14,0.12315833296714296,75.76456485907897,15.6
9494,Physical Science,Gampaha,10,5,9,0.2774612589087472,72.3183640452313,22.0
9495,Commerce,Gampaha,3,5,14,0.44875075680086896,66.69030802854718,5.1
9496,Bio Science,Colombo,3,6,9,0.04790617382282275,54.039959939020534,6.1
9497,Bio Science,Galle,5,5,5,0.07687772218774319,68.48292415969219,9.8
9498,Bio Science,UpCountry,5,3,12,0.32750253818456776,53.46133025654883,14.0
9499,English,Gampaha,10,8,2,0.14707486574853318,76.7586085052897,17.5
9500,Physical Science,Jaffna,5,8,4,0.08485189575580493,51.17525935106764,10.8
9501,Commerce,Colombo,9,8,7,0.08921798254359298,63.84115249642288,16.6
9502,Arts,Gampaha,9,4,2,0.24630661304828705,49.8131076175128,18.3
9503,Commerce,Kandy,6,7,8,0.2918721280210796,66.38104499409755,10.5
9504,English,Gampaha,7,6,14,0.45217473336678,51.523590674920534,14.1
9505,Bio Science,Gampaha,10,6,8,0.26490859447104276,51.862839924894104,23.1
9506,Bio Science,Ratnapura,8,4,12,0.34563679074721665,100.0,18.4
9507,Physical Science,Galle,9,6,6,0.09034297634915012,75.66325919073877,18.4
9508,Commerce,Galle,6,6,7,0.3567301434551747,69.04174141207032,10.7
9509,Physical Science,RemoteArea,8,2,8,0.3243467944675695,71.71175448070248,18.1
9510,Physical Science,Jaffna,2,7,0,0.10809103127327563,64.58460982918598,2.6
9511,Commerce,Kandy,10,8,14,0.33468873252770465,65.6666195189625,21.0
9512,Commerce,Colombo,8,10,15,0.10574602216226553,78.85080275352286,15.4
9513,Physical Science,RemoteArea,2,4,6,0.29678888755997296,50.595229558396646,6.4
9514,Commerce,Kandy,8,6,9,0.3344248523027005,88.43302974041899,13.8
9515,Commerce,Jaffna,2,4,2,0.34667527227369166,62.80502501430066,4.1
9516,Physical Science,Jaffna,3,7,5,0.4546332963687804,74.52557903378879,5.6
9517,Bio Science,Galle,7,7,8,0.4739186774986018,87.60073863491655,14.4
9518,Arts,Ratnapura,9,8,11,0.40509897620068086,72.86811205376786,17.8
9519,Commerce,Colombo,3,10,15,0.4393740565913846,55.34267602147366,4.8
9520,Bio Science,Jaffna,5,6,14,0.009664441554276426,85.2931628706423,10.7
9521,Bio Science,Galle,9,7,9,0.18133405436516825,89.94285916303667,19.3
9522,Commerce,Jaffna,7,8,10,0.01986110724547069,35.802167555870284,12.3
9523,English,Gampaha,2,6,7,0.11242267867945827,61.9718904033667,1.8
9524,Commerce,Gampaha,5,5,1,0.19086216139000328,64.87157396139727,8.4
9525,Physical Science,Jaffna,5,6,3,0.4337877550590857,57.53917607680379,11.1
9526,Bio Science,Jaffna,9,8,13,0.25587704309639164,47.81086695956025,22.0
9527,Technology,Kandy,2,8,10,0.32443052555389357,51.754196663164386,3.0
9528,Physical Science,Colombo,1,7,4,0.18140779734196272,34.263137587591544,1.9
9529,Sinhala,UpCountry,4,6,12,0.3014579533750367,80.32663021198559,6.8
9530,English,Kandy,4,8,9,0.40776824946348994,85.10335348128208,6.8
9531,Physical Science,Galle,1,8,5,0.1506206909885514,82.89442409127176,1.0
9532,English,Colombo,10,8,12,0.4661283489810694,65.55644946787856,19.9
9533,Bio Science,Gampaha,7,4,6,0.10665674794260555,67.07875360979294,15.7
9534,Technology,Galle,2,8,10,0.45965065326831045,81.0488479874634,2.8
9535,Bio Science,Ratnapura,9,8,3,0.01414877267344783,58.006710018326345,20.5
9536,Bio Science,Kandy,7,10,3,0.2713761388748825,47.26077506330883,15.7
9537,Commerce,Gampaha,7,8,4,0.4925864513830276,53.439247246794324,13.4
9538,Arts,Galle,1,6,8,0.3048893633786079,66.63321804987696,1.0
9539,Physical Science,Colombo,9,9,8,0.27743081151808796,53.29542316613864,20.2
9540,Commerce,Colombo,10,8,13,0.3412351233774807,73.59945354357103,19.2
9541,Physical Science,UpCountry,9,3,15,0.144651123910984,47.17344727544554,24.2
9542,Bio Science,Kandy,2,6,0,0.026957669538931806,56.3602018296372,3.9
9543,Bio Science,Colombo,10,8,12,0.12553212459092028,72.08324506944406,24.1
9544,Bio Science,Colombo,9,8,15,0.08812358357511962,69.48767546157994,21.2
9545,Bio Science,RemoteArea,2,6,4,0.46178461839311946,50.973177308571415,3.8
9546,Physical Science,Colombo,2,7,4,0.4261310143311772,73.02571602232352,3.5
9547,Physical Science,Kandy,8,10,6,0.15885694177928,66.9373387536955,17.9
9548,Physical Science,Gampaha,3,8,7,0.4180346531465485,32.16505167685269,7.2
9549,Bio Science,Galle,3,7,2,0.10587634432406712,67.82976536961418,4.2
9550,English,Galle,7,4,15,0.09978962683978887,61.167037090207536,15.9
9551,Physical Science,Kandy,10,9,0,0.3837677144801677,52.125527204403404,23.4
9552,English,Ratnapura,6,8,1,0.16346530628365513,48.051115711037646,10.6
9553,Arts,Galle,7,4,5,0.032396319712288124,47.454588739299965,13.7
9554,Commerce,Gampaha,6,6,10,0.35999329046724093,68.0987484088945,10.2
9555,Commerce,UpCountry,9,3,13,0.4948006900461659,74.69039220747399,20.1
9556,Technology,Gampaha,2,7,5,0.2829888574134575,64.79758518909497,1.4
9557,Physical Science,Jaffna,8,5,10,0.13183378766038645,79.24180230034662,17.1
9558,Commerce,Ratnapura,6,8,12,0.18645284684006308,74.72106897854803,11.0
9559,Commerce,Jaffna,4,4,15,0.3243247792994079,37.39556902426539,9.9
9560,Commerce,Gampaha,6,6,4,0.35068980608645756,48.25220124490406,10.5
9561,Technology,Gampaha,6,4,10,0.4431661114480263,82.82628832203436,10.8
9562,Physical Science,Colombo,10,7,4,0.454417686159582,42.959246454425696,24.6
9563,Commerce,Colombo,3,7,8,0.43063925612499804,22.974579881428483,6.2
9564,Commerce,Colombo,8,8,10,0.32424546311243707,92.47175046595208,14.5
9565,Bio Science,Gampaha,5,6,14,0.22492618490964195,71.44918795798867,11.5
9566,Bio Science,Galle,10,4,6,0.33965274218879377,52.75414799413144,24.5
9567,Commerce,Gampaha,4,7,5,0.3332827286797361,49.77401340189022,7.1
9568,Technology,Jaffna,2,4,14,0.10899146065279414,76.44109237564068,4.0
9569,Bio Science,Ratnapura,10,5,10,0.2537768147010558,72.16996820753293,22.7
9570,Technology,Kandy,1,6,6,0.10410738196870356,67.90803509922172,1.0
9571,Bio Science,Gampaha,7,8,2,0.4495618904926764,58.168757030401274,16.3
9572,Physical Science,RemoteArea,10,2,12,0.16162395430032783,46.79125391481125,27.2
9573,Physical Science,Galle,3,4,6,0.40271299452955767,62.460527886911805,7.6
9574,Physical Science,Gampaha,3,8,15,0.18861353242901469,83.47717544927714,4.9
9575,Bio Science,Galle,3,5,2,0.38186807078038154,52.87073511699516,6.4
9576,Bio Science,Colombo,10,8,15,0.11045622742739764,76.51603174194831,23.4
9577,Arts,Kandy,3,6,7,0.3818716087657786,57.43053111400877,4.7
9578,Arts,Ratnapura,2,7,9,0.0897660172473177,76.51866210769272,1.8
9579,Physical Science,Gampaha,6,6,9,0.24540877013241608,49.80080554805574,13.2
9580,Physical Science,Colombo,10,9,8,0.05681337239469897,64.20531432190822,22.6
9581,Physical Science,Jaffna,3,4,2,0.26394904040502554,67.84710644507636,6.6
9582,Commerce,Gampaha,1,7,6,0.4103571750457252,52.868242241085014,1.0
9583,Physical Science,Galle,10,6,7,0.377773476260775,68.93920077082127,23.1
9584,Physical Science,Kandy,9,9,2,0.02535760767062234,60.55672403881313,19.7
9585,English,Ratnapura,6,7,15,0.2460887856701337,66.83766521977316,11.3
9586,Technology,Jaffna,6,6,5,0.42611265520413283,52.33369320398266,10.7
9587,Physical Science,Galle,10,6,12,0.32505174515880564,80.96013842438029,23.1
9588,Bio Science,UpCountry,9,4,13,0.029600659509702754,52.323060211059754,23.1
9589,Bio Science,Kandy,2,8,6,0.16281601172207338,67.19647110956089,3.2
9590,Arts,Galle,10,8,3,0.2782934443653209,48.76187974009344,18.8
9591,Commerce,Galle,9,4,5,0.0863257376071822,61.50743428149772,17.5
9592,Physical Science,Colombo,3,8,6,0.3409570336008818,72.64294142714228,4.6
9593,Arts,Colombo,3,7,11,0.31742320468254215,61.167230385375596,5.9
9594,Bio Science,Ratnapura,3,7,6,0.10122214008103142,16.85705813331259,6.8
9595,Physical Science,Gampaha,1,6,10,0.2751989823974515,44.8295603194309,2.6
9596,Bio Science,Gampaha,10,6,0,0.4058592779483937,27.630031247587326,24.1
9597,Bio Science,RemoteArea,7,2,1,0.1874133498885907,61.51865163148682,17.4
9598,Bio Science,Gampaha,10,6,10,0.12349328750018762,64.92481521419813,21.7
9599,Physical Science,Jaffna,7,8,10,0.35061028672652406,59.74063863649983,14.8
9600,Bio Science,Jaffna,2,5,0,0.03540215700570015,50.60315417681645,3.1
9601,Physical Science,Colombo,6,7,8,0.41633690354360064,67.31697802960471,13.3
9602,Arts,Ratnapura,4,6,11,0.4717294836320561,43.790213189142506,8.5
9603,Physical Science,Kandy,7,6,6,0.4823935025850062,77.34084219717201,15.4
9604,Physical Science,Jaffna,7,6,10,0.21626937715783917,66.12680033159731,16.2
9605,Commerce,RemoteArea,4,5,6,0.3116014204837748,48.82807035933482,7.2
9606,Arts,Gampaha,3,5,2,0.42868227873526016,54.72370788329299,4.9
9607,Technology,Galle,7,7,4,0.11171199502146717,60.02999491541421,12.1
9608,Bio Science,Gampaha,9,8,1,0.013851334379002878,39.78819075910663,19.9
9609,Physical Science,Jaffna,4,5,4,0.1922831162426218,72.06316988985293,7.7
9610,Arts,Kandy,6,7,7,0.4421855295088335,77.98206243355591,10.8
9611,Commerce,Ratnapura,7,8,12,0.25253595577274424,67.76120660270281,14.1
9612,Physical Science,Ratnapura,10,7,9,0.26510947425614295,78.60822469628584,21.8
9613,English,Ratnapura,3,6,2,0.34573702261794403,100.0,3.3
9614,Physical Science,Gampaha,5,4,3,0.2872586301871274,33.32409997815907,12.6
9615,Sinhala,Jaffna,1,7,7,0.027238319519009402,64.27859460391481,1.0
9616,Technology,Colombo,6,10,14,0.2804300625734966,46.853234999707915,11.4
9617,Commerce,Kandy,5,10,1,0.3239794254437777,83.91075629988745,7.5
9618,English,Colombo,7,10,0,0.3207978889111494,63.694636804827056,10.4
9619,Arts,Galle,9,5,2,0.3641720795390153,50.528570812563004,16.5
9620,Physical Science,Galle,4,6,1,0.25996013854857297,56.59463848682119,7.9
9621,Bio Science,Galle,9,5,9,0.4500293988760811,84.54449649108005,19.4
9622,Physical Science,Kandy,6,7,13,0.2321303067122712,73.2842702618746,13.0
9623,Bio Science,Colombo,5,7,14,0.25909323650609095,75.6838011299271,10.4
9624,Arts,Galle,2,8,1,0.3901528781414645,82.82119094716077,2.7
9625,Bio Science,Colombo,1,9,15,0.4166174878577054,81.81557320268803,1.0
9626,Bio Science,Colombo,8,6,3,0.3241807334990314,78.36011350804966,16.3
9627,Commerce,Colombo,6,6,12,0.06318660633166068,64.10496292751779,10.5
9628,Technology,Jaffna,7,6,12,0.1659760470814861,32.19173209861117,14.0
9629,Physical Science,Jaffna,6,6,5,0.010077776180019204,64.05345192035612,12.2
9630,Bio Science,Jaffna,10,8,9,0.14772490407824584,54.53312669828747,22.7
9631,Physical Science,Gampaha,7,4,9,0.2851221456307042,76.32877378027949,15.6
9632,Commerce,Colombo,9,9,4,0.4026153696734361,35.44522281101003,17.8
9633,Physical Science,UpCountry,5,6,3,0.29282488680116386,73.92352931934191,10.8
9634,Commerce,Kandy,1,8,7,0.019947327861018105,66.32811279360902,1.0
9635,Physical Science,Gampaha,1,8,10,0.1295532299366478,70.30696804110946,1.0
9636,Physical Science,Kandy,9,8,4,0.28903084072615254,71.28141957956396,20.0
9637,English,Colombo,5,6,1,0.35452386080136183,60.07303518836421,8.5
9638,Physical Science,Colombo,2,10,3,0.43322692500971394,56.50516725218863,4.5
9639,Bio Science,Gampaha,3,5,6,0.48382260807109434,80.02465822831125,5.7
9640,Physical Science,Colombo,1,8,3,0.4458933106462493,70.39739349580304,1.0
9641,Bio Science,Colombo,6,7,14,0.2336639934439087,77.33260804256558,13.4
9642,Commerce,Galle,6,6,5,0.37346475554737835,61.262130669277916,10.4
9643,Bio Science,Kandy,3,7,1,0.12026389988714237,62.14295842493859,5.3
9644,Physical Science,Gampaha,3,4,15,0.031915397253683864,67.30139656414029,7.8
9645,Bio Science,Jaffna,7,4,8,0.027534507032987876,37.83763279521813,17.0
9646,Commerce,UpCountry,1,5,3,0.1206528423396041,40.78312429443693,1.0
9647,Arts,Colombo,5,9,12,0.018770542573079585,64.15224933030876,9.2
9648,Commerce,Galle,3,7,15,0.4251362069674979,39.33863321061369,6.6
9649,Commerce,Kandy,5,10,0,0.24496037873059,58.34791764480968,8.2
9650,Physical Science,Colombo,4,8,13,0.40545002034588945,53.08610565150227,10.2
9651,Physical Science,Colombo,6,10,2,0.46994913842903435,59.86034908750614,13.8
9652,Physical Science,Gampaha,9,7,12,0.49695394327525694,68.550053974818,22.0
9653,Physical Science,Jaffna,2,6,13,0.46858200473932277,38.62672298803838,5.4
9654,Physical Science,Colombo,10,10,6,0.3582783985854908,67.87615050598316,21.8
9655,Commerce,Kandy,8,6,13,0.220989825920482,59.75684629274798,15.6
9656,Commerce,Jaffna,2,6,13,0.29899241953059574,31.657915212013016,3.3
9657,English,Gampaha,4,7,9,0.4082481839547832,57.586794114336776,6.4
9658,Physical Science,Galle,9,4,8,0.44877725255466716,69.69507981220984,22.1
9659,Commerce,Galle,4,6,5,0.4782342343019405,56.41478683707972,7.1
9660,Technology,Gampaha,7,8,13,0.3653028495284949,59.500227643675245,13.4
9661,Commerce,RemoteArea,5,5,13,0.26997677456083113,68.80798481197458,8.7
9662,Physical Science,Ratnapura,2,8,12,0.4841858549101285,58.81135759764886,3.8
9663,Physical Science,Ratnapura,8,4,15,0.4793124808838959,63.49271797980878,21.5
9664,Physical Science,Gampaha,10,4,13,0.23877641879260564,46.60308565714064,28.0
9665,Bio Science,Kandy,10,6,3,0.3243291952473142,53.725735633851826,23.0
9666,Arts,Kandy,2,8,1,0.40463357394606997,88.76118977054567,2.0
9667,Physical Science,Gampaha,3,7,8,0.21653955334240427,66.67623040557207,6.2
9668,Physical Science,Colombo,10,6,11,0.4146888133415699,69.53686428309446,24.4
9669,Arts,Colombo,7,10,13,0.055727736242618175,56.85990717084256,14.1
9670,Arts,Galle,5,7,7,0.24057586042634072,57.57969276047078,8.3
9671,Bio Science,Galle,10,8,6,0.2413062494444892,59.57272581598733,22.3
9672,Commerce,Jaffna,3,8,15,0.34232852808395114,80.61296812899499,4.2
9673,Bio Science,Jaffna,2,4,1,0.058206505087678495,78.48272107068306,3.7
9674,Physical Science,Kandy,6,9,15,0.051605216725140735,60.684744299685754,13.6
9675,Bio Science,Colombo,10,7,1,0.4502974062027546,60.14872053312789,23.1
9676,Commerce,Gampaha,1,6,15,0.15187073222668085,63.97450102014749,1.0
9677,English,Jaffna,8,5,7,0.1634611891540193,74.93545596318356,13.9
9678,Physical Science,Kandy,5,8,8,0.38843077334754356,71.0288007508345,9.6
9679,Commerce,Ratnapura,5,7,8,0.20745451805578452,62.65069752509633,8.7
9680,Bio Science,UpCountry,2,2,7,0.41646187704945936,78.64469163863781,5.1
9681,Commerce,Galle,7,7,0,0.20073436558200874,67.77170373983229,12.3
9682,Physical Science,Colombo,5,7,4,0.3802998831038708,50.43312864737668,11.5
9683,Bio Science,Kandy,8,10,6,0.26265497892485906,63.123182653926186,17.2
9684,Technology,UpCountry,5,4,9,0.4679140631691155,61.85219967591456,11.1
9685,Commerce,Ratnapura,9,6,5,0.163694486479334,47.68188707769761,16.8
9686,Bio Science,Kandy,5,7,10,0.18134529751957112,61.62035478734286,9.5
9687,Physical Science,Gampaha,3,4,11,0.4849932581220091,82.58631301193313,8.1
9688,Physical Science,Gampaha,2,7,0,0.3687625489832224,76.42368478227652,3.3
9689,Bio Science,Galle,5,5,9,0.3862836693121667,78.1987452897215,11.1
9690,Technology,Gampaha,10,7,14,0.14798837447354118,78.68715708959326,20.2
9691,English,Ratnapura,10,4,5,0.2660221986445676,65.61974919960484,20.5
9692,Bio Science,Ratnapura,5,8,3,0.15677049271461735,52.47955981653216,10.8
9693,Bio Science,Ratnapura,6,7,2,0.1299344434296556,69.4563603881107,12.7
9694,Technology,Gampaha,2,4,3,0.2676205938136084,36.8050957238448,4.3
9695,Bio Science,Jaffna,5,5,7,0.4938803121249419,53.42177023831992,11.1
9696,Commerce,Colombo,1,10,10,0.10731132360717777,81.5713457256511,1.0
9697,Physical Science,Kandy,3,10,5,0.12125992954376963,55.11855665110968,4.7
9698,Arts,Jaffna,3,8,8,0.12156449417234744,73.59964140919742,3.9
9699,Commerce,Colombo,3,8,4,0.395851130806645,56.554115449934514,4.9
9700,Technology,Kandy,3,6,10,0.2552410305573322,73.25251378154911,4.5
9701,Arts,Jaffna,8,7,8,0.19238382836547074,40.89861601547111,15.1
9702,Physical Science,Gampaha,1,5,3,0.4218949171835956,80.57698310591583,1.2
9703,Arts,Gampaha,6,8,13,0.14874531918026795,49.76067087189654,11.7
9704,Technology,Kandy,6,10,14,0.19610894933730733,46.57245999140759,12.3
9705,Bio Science,RemoteArea,1,6,11,0.03681027964671424,83.77091612141913,1.0
9706,Physical Science,Gampaha,1,4,3,0.059455050937508414,61.45771352194014,1.8
9707,Physical Science,Gampaha,3,5,5,0.06836553336057949,57.90628766829999,5.2
9708,Bio Science,Gampaha,8,4,13,0.17348761922115086,90.01469046272912,20.5
9709,Bio Science,Ratnapura,6,5,12,0.2620426302438468,76.96622462447986,13.9
9710,Commerce,Kandy,4,9,9,0.0003721574445405551,57.757486353730584,6.6
9711,Physical Science,Gampaha,5,6,10,0.09496615574991607,62.98421553701982,10.7
9712,Technology,Colombo,10,7,6,0.08782501009551552,79.10867019373168,17.3
9713,Physical Science,Gampaha,3,4,13,0.12667342439425838,52.04636288503467,7.8
9714,Physical Science,Ratnapura,6,4,1,0.08304046302661466,82.15184435798571,13.2
9715,Bio Science,Gampaha,6,4,3,0.0975640905819557,54.84961166456486,14.8
9716,Bio Science,Colombo,6,8,14,0.4919401804819989,53.927657185008215,14.9
9717,Physical Science,Ratnapura,9,5,12,0.29736512957730643,82.3036992399058,21.4
9718,Physical Science,Galle,10,5,7,0.38134658242659836,74.51908494063093,21.8
9719,Physical Science,UpCountry,8,3,15,0.40967168854034425,40.85109745233132,22.5
9720,Arts,Colombo,6,7,8,0.33384029871297255,62.39762420794768,11.0
9721,Arts,Kandy,2,10,4,0.3520401350136215,45.422022105761016,3.5
9722,Bio Science,Colombo,4,10,5,0.31614172226764214,74.47507656222707,7.8
9723,Arts,Gampaha,6,4,9,0.32468673902314893,90.29420350118899,11.7
9724,Arts,Gampaha,9,8,11,0.4642248146187972,73.56578479274236,18.0
9725,Physical Science,Colombo,2,7,6,0.09286923693773885,51.60498499690653,4.0
9726,English,Jaffna,6,5,6,0.1373650179131346,76.34911285957823,10.1
9727,Technology,Colombo,10,10,15,0.046629274409368704,66.74467573802389,19.0
9728,Physical Science,Ratnapura,10,7,14,0.418662231482136,65.89322725004429,24.8
9729,Physical Science,Galle,10,4,2,0.22437766181392432,53.72057935554783,24.3
9730,Physical Science,Jaffna,7,6,12,0.45355228027376215,67.57027087563245,16.6
9731,Physical Science,Gampaha,8,4,1,0.20583785662318616,59.43537552652288,19.7
9732,Arts,Gampaha,9,4,9,0.22130707904075508,28.437038975703373,18.0
9733,Bio Science,Gampaha,5,4,7,0.22417825064379154,63.887983792267974,12.2
9734,Arts,Gampaha,9,8,8,0.3062465460905029,61.93574307522694,16.9
9735,Arts,Gampaha,9,4,10,0.3830620584829311,70.20228407868888,16.9
9736,Commerce,Gampaha,7,5,7,0.17564613805860935,33.399017484152445,13.3
9737,Commerce,Kandy,2,6,7,0.3150827267111599,71.18004114676356,2.0
9738,Physical Science,Jaffna,8,5,14,0.10198371837846737,67.42910847280329,19.6
9739,Bio Science,Jaffna,5,8,1,0.2770235522507249,67.92703206683275,9.9
9740,Commerce,Gampaha,8,8,10,0.27329244992184,40.56309335240658,15.6
9741,Physical Science,Gampaha,2,4,3,0.4443579328241435,42.979206625031864,6.3
9742,Physical Science,Gampaha,7,5,5,0.4479226119248636,34.37519816658474,16.4
9743,Technology,Kandy,5,7,7,0.2436055791497878,65.69476144206371,8.9
9744,Commerce,Gampaha,4,5,12,0.012299732889192005,60.82395203595638,6.4
9745,Physical Science,Galle,10,5,1,0.42231097530908457,58.34006110500481,23.6
9746,Commerce,Jaffna,6,6,11,0.00031123528258597544,44.61322947739481,12.9
9747,Arts,Galle,5,8,7,0.23912681775377181,45.35251985093091,9.4
9748,Bio Science,Jaffna,6,5,0,0.009895078816728409,22.558621989835736,14.0
9749,Physical Science,RemoteArea,9,4,10,0.17629564717801144,44.81678426248786,21.7
9750,English,Kandy,1,8,5,0.318382343033287,52.749457304485475,1.8
9751,Bio Science,RemoteArea,1,6,15,0.18560045152704036,58.52478221463209,1.3
9752,Physical Science,Colombo,6,9,7,0.46344567928842817,62.485627259094464,13.0
9753,Bio Science,Ratnapura,2,4,7,0.3203818167224044,74.92444974819051,5.2
9754,Arts,Kandy,8,10,11,0.32322193627737017,55.16529794790465,16.3
9755,Physical Science,RemoteArea,7,5,10,0.18721852298468483,72.33183626480503,15.1
9756,Physical Science,Gampaha,6,4,6,0.019271762148129812,74.67391519494834,13.2
9757,Physical Science,Colombo,4,6,6,0.36908986174597797,80.25057083916023,7.2
9758,Sinhala,Kandy,9,6,13,0.3581223652722328,73.846793341958,17.4
9759,Physical Science,Kandy,7,8,10,0.2650625135019087,66.09931523147498,14.9
9760,Commerce,Gampaha,7,5,9,0.20813401962884542,48.29944179173711,13.1
9761,English,Jaffna,5,4,10,0.2691585250043107,69.08764649575659,9.6
9762,Physical Science,RemoteArea,1,3,11,0.3734077020751927,59.85567660107754,2.4
9763,Sinhala,Galle,2,4,8,0.35639271539393264,84.6473162352375,2.9
9764,English,Colombo,8,8,1,0.3290548311640951,61.86903264990939,15.2
9765,Technology,Gampaha,5,4,12,0.45188863370166465,63.60046619047318,11.2
9766,Physical Science,Gampaha,2,8,0,0.3049441886501517,81.23892516250055,1.7
9767,Commerce,Gampaha,5,7,15,0.007254823772518626,60.26436971716326,8.8
9768,Arts,Colombo,8,6,11,0.3090319178176274,65.45205662723235,15.6
9769,Sinhala,Galle,4,7,1,0.3062796228351397,90.64088282030009,5.7
9770,Physical Science,Gampaha,3,7,13,0.03481808175271911,70.49353238243197,5.1
9771,Arts,Galle,5,6,13,0.21386487715798053,83.37707854972342,9.0
9772,Bio Science,UpCountry,7,5,2,0.3255481309791638,83.5568517091341,14.6
9773,Physical Science,Ratnapura,2,6,14,0.3522506158740259,58.722050964239116,3.7
9774,Bio Science,RemoteArea,1,2,8,0.4465248126189818,77.63162187469467,2.0
9775,Arts,Jaffna,5,5,9,0.42069049035494027,59.50876809546723,9.1
9776,Bio Science,Kandy,7,8,12,0.058275904655466226,96.59908536188902,15.3
9777,Commerce,Gampaha,8,7,6,0.30439221331870725,84.65432561312129,13.6
9778,Sinhala,Kandy,8,9,4,0.2982407055983232,73.14938581186377,14.2
9779,Bio Science,Gampaha,10,4,4,0.15187395883879973,77.66896534970292,23.1
9780,Commerce,Kandy,9,8,5,0.09205285305894628,52.06613498627148,16.9
9781,Bio Science,Ratnapura,1,4,1,0.09975432949695068,86.2632151954089,1.0
9782,Bio Science,Kandy,7,8,0,0.08877388452006169,46.434282154569274,15.3
9783,Commerce,Colombo,10,7,10,0.40313183620749327,71.10549313190533,18.3
9784,English,Ratnapura,8,8,0,0.07419652532904414,49.29059804314144,15.2
9785,Commerce,Kandy,6,6,2,0.1321959886709027,73.90581447142891,10.4
9786,Arts,Kandy,10,9,0,0.108894202260857,86.17610815321157,17.5
9787,Physical Science,Gampaha,4,4,8,0.3564284162045159,70.7731444286493,9.0
9788,Physical Science,Ratnapura,7,6,9,0.07919794719606582,69.2262226594702,14.7
9789,Commerce,Galle,3,4,12,0.012032476304239426,64.29573066660349,6.9
9790,Physical Science,Kandy,2,7,14,0.18711271095911602,68.50693151960037,3.1
9791,Physical Science,Colombo,6,8,12,0.15254713057549335,60.9639263880849,14.0
9792,Commerce,Kandy,2,9,12,0.19885235247787542,90.5002351375205,1.6
9793,Physical Science,Gampaha,6,7,14,0.376907869556688,78.90959754904506,13.3
9794,Physical Science,Ratnapura,10,6,4,0.006183454447580894,56.7888770033869,21.7
9795,Commerce,Kandy,3,7,8,0.018853800868779413,64.90592548352043,3.5
9796,Commerce,Galle,2,4,4,0.12782231593290388,100.0,2.3
9797,English,Jaffna,8,8,0,0.44460424313991304,64.08230303623914,15.0
9798,Commerce,Colombo,4,9,10,0.08453725029888187,86.79426920086694,5.4
9799,Bio Science,Galle,4,5,11,0.49851897839080334,56.85162164023778,9.7
9800,English,Gampaha,7,5,6,0.4028462830356835,70.10395283845786,13.5
9801,Arts,UpCountry,8,3,6,0.22806827656460638,53.632502914250324,17.5
9802,Physical Science,Ratnapura,9,4,3,0.37393112262430334,53.47034227655115,22.1
9803,Physical Science,Gampaha,10,5,2,0.25940756246845625,72.90613076941813,22.6
9804,Commerce,Kandy,8,7,0,0.2829961323199296,46.56610348069357,15.3
9805,Commerce,Colombo,4,8,6,0.2903858709594255,45.11943667996773,7.6
9806,Arts,Galle,2,6,4,0.3243602564318106,72.27840952914339,2.8
9807,Arts,Kandy,10,7,9,0.03038209501529493,57.177178480077174,17.9
9808,Commerce,Ratnapura,5,5,0,0.308249052468175,55.79999203470166,9.7
9809,Sinhala,Kandy,7,8,0,0.35847429092925537,32.98326804249983,14.4
9810,Commerce,Gampaha,2,4,14,0.15536156751835645,47.96054303736805,5.1
9811,Physical Science,Colombo,4,8,2,0.4892894152366785,64.31017530564372,8.8
9812,Technology,RemoteArea,6,4,2,0.07222254300572217,57.496341641424195,11.9
9813,Physical Science,Galle,8,6,1,0.45522126126419366,74.13763335733816,17.7
9814,Arts,Colombo,10,8,7,0.33822470397285825,50.00417657414961,19.4
9815,English,Kandy,6,10,12,0.3321572390943668,63.50907282443312,11.7
9816,Commerce,Gampaha,6,7,11,0.4380113299598327,66.19727717622268,11.8
9817,Commerce,Galle,6,4,7,0.41586460565031985,60.438074062187994,12.3
9818,Bio Science,UpCountry,4,2,5,0.17271721614972435,71.46262455362196,9.0
9819,Bio Science,Gampaha,3,5,4,0.35268490115785567,45.71335747993608,7.3
9820,Bio Science,Galle,1,8,12,0.02530129134346404,73.68444223973941,1.0
9821,Commerce,Gampaha,2,5,13,0.23200921611290487,83.58659490115363,1.7
9822,Arts,Gampaha,2,4,5,0.4688886303621573,50.14999982956096,4.9
9823,Commerce,UpCountry,10,2,0,0.13704472390066125,66.01003517031286,19.0
9824,Physical Science,Kandy,7,7,1,0.024985394532758276,65.8606627170927,15.2
9825,Bio Science,Gampaha,6,7,6,0.29147249597070773,71.83180338322838,12.7
9826,Arts,Jaffna,8,5,0,0.1775498815332303,60.022367106009405,14.3
9827,Bio Science,Colombo,9,9,7,0.18984173504960328,84.77438508634921,19.0
9828,Commerce,Gampaha,5,7,2,0.2912285935284076,92.65431228757284,6.8
9829,Arts,UpCountry,3,4,15,0.3107945296741097,76.8762650161467,7.0
9830,Commerce,Jaffna,4,4,13,0.21866098279099738,71.20868241293591,8.4
9831,Bio Science,Galle,8,6,3,0.2537746210947419,61.70668842175346,18.6
9832,Technology,Colombo,3,6,6,0.49662787837290273,43.29691614471868,5.5
9833,Physical Science,Kandy,2,8,9,0.4785739790172775,43.08879485648136,4.6
9834,Sinhala,RemoteArea,7,5,6,0.3536585360121521,45.690519029361596,13.6
9835,Physical Science,Gampaha,4,6,1,0.08073976346949124,64.4860883895285,7.9
9836,Physical Science,Colombo,8,10,4,0.1799800419937671,59.10905217764877,17.4
9837,Technology,Kandy,1,8,7,0.4415441120434129,86.40674757470923,1.0
9838,Physical Science,Gampaha,8,6,15,0.21178295808959247,29.922196821083844,21.6
9839,Arts,Colombo,5,8,8,0.4776838246881417,64.61090998319804,8.5
9840,Technology,Galle,2,8,12,0.2441508916295143,72.50084232966066,3.6
9841,Technology,RemoteArea,1,2,15,0.43088456710256334,80.9652551443512,1.5
9842,Sinhala,Kandy,6,8,4,0.017689449763999,64.149850924417,10.7
9843,Physical Science,Galle,9,4,1,0.21708184739638742,65.9719290276253,21.7
9844,Arts,Galle,9,5,3,0.3501309253745782,64.14047838075177,16.9
9845,Physical Science,Jaffna,9,7,10,0.43178226617162135,71.5962843240426,19.8
9846,Bio Science,Ratnapura,4,5,4,0.3048164464106139,61.710769853716535,8.0
9847,Technology,Colombo,6,10,5,0.08663101297055942,94.24267803631375,8.9
9848,Bio Science,Ratnapura,10,8,15,0.44289708261629357,76.16766792551152,24.6
9849,Commerce,Ratnapura,6,4,11,0.28740658133697855,68.46084207651214,12.9
9850,Commerce,Gampaha,5,4,5,0.05400909087535566,51.42813267513198,9.7
9851,Commerce,Gampaha,2,6,12,0.2319233886949173,60.865610058542174,2.2
9852,Sinhala,Colombo,7,7,11,0.3494716967631479,88.15180525023905,12.5
9853,Physical Science,Ratnapura,1,4,0,0.22550787315818965,22.725361773001637,3.9
9854,Commerce,Kandy,6,6,5,0.43539505363227715,63.351984586403,10.4
9855,Technology,Colombo,5,6,10,0.21184715728038594,64.62615682217682,7.7
9856,Bio Science,Galle,5,7,9,0.29172634476658055,72.00127225852287,10.3
9857,Physical Science,Ratnapura,8,4,0,0.1055852180009515,63.978231198638326,17.7
9858,Commerce,Galle,9,7,15,0.25634317502255577,90.2371658291195,17.0
9859,Bio Science,UpCountry,7,6,12,0.1114286549663645,67.47309218518586,16.3
9860,Physical Science,Jaffna,10,6,4,0.11259357397472952,61.03837656685094,22.5
9861,Technology,Jaffna,8,5,10,0.13995127112162098,79.27686134029304,13.8
9862,Commerce,UpCountry,2,2,15,0.022099633723837553,90.4924671213933,2.1
9863,English,Colombo,2,9,14,0.0816548208698839,77.30270416201925,1.6
9864,Technology,RemoteArea,8,2,6,0.21218031266653065,78.17315626755695,15.6
9865,Commerce,Galle,6,4,13,0.06553024935366797,63.238936515403786,12.9
9866,Physical Science,Jaffna,8,7,13,0.06669237525854038,68.38107209208701,18.4
9867,Bio Science,Gampaha,9,4,7,0.48396591419033835,85.7859811039946,21.4
9868,Physical Science,Kandy,9,7,10,0.21354868159860313,72.90067190387343,20.1
9869,English,Jaffna,6,8,10,0.20186634981118445,61.36955186355777,9.9
9870,Physical Science,Kandy,8,8,12,0.13386782741999143,66.48825832181063,18.0
9871,Physical Science,Jaffna,2,4,4,0.25622357955373415,77.55726935456825,5.1
9872,Commerce,Ratnapura,8,7,1,0.2980324508290266,77.39340515486224,14.2
9873,Physical Science,Gampaha,3,5,2,0.20909276097974638,48.36803287570339,5.8
9874,Physical Science,Gampaha,1,4,11,0.19690425822754243,70.93886912570306,1.8
9875,Commerce,Colombo,7,10,6,0.35021334182202746,62.88235736170033,12.7
9876,Physical Science,Colombo,1,10,9,0.47488835044305927,63.516962278444375,1.8
9877,Physical Science,Colombo,1,9,3,0.4389110354912931,81.45461925646075,1.0
9878,Bio Science,Gampaha,1,4,14,0.059310133452694536,63.43692790159111,1.9
9879,Arts,Gampaha,4,4,0,0.32615433518361975,51.366343450873174,9.3
9880,Commerce,Ratnapura,4,4,2,0.003523806250505246,48.77513043447229,8.3
9881,Bio Science,UpCountry,10,6,9,0.3165458886754156,61.88179603191533,22.9
9882,Commerce,Galle,6,4,13,0.23217679446246642,55.47130596832767,13.5
9883,Bio Science,Jaffna,10,4,14,0.24555652617191653,54.02827356191422,26.7
9884,English,Colombo,3,6,1,0.29401280392605583,47.15044811499358,4.8
9885,Physical Science,Kandy,10,6,8,0.37132769064445975,51.541859438398006,22.7
9886,Commerce,Kandy,6,9,0,0.3647289013239722,48.58751416473989,11.5
9887,Technology,RemoteArea,7,6,8,0.02223951577334038,69.98579082487811,11.4
9888,Technology,Jaffna,1,6,14,0.36824719315074667,37.60026216089293,1.7
9889,Physical Science,Kandy,6,9,9,0.4149079903345769,53.97370128024715,13.5
9890,Physical Science,Galle,10,4,4,0.03408631221780123,60.49805138962651,24.6
9891,Arts,Colombo,1,8,11,0.16147330033884316,82.72936930267208,1.0
9892,Physical Science,Ratnapura,7,5,5,0.3960320384160153,58.811094413851244,16.2
9893,Technology,Jaffna,10,6,5,0.24655340785085117,60.200149481759894,18.8
9894,Arts,Ratnapura,5,7,11,0.347445534404978,64.1807994403282,9.3
9895,Arts,Colombo,10,10,5,0.2511579037990673,35.144685193334105,18.7
9896,Physical Science,Jaffna,4,7,8,0.48911122490408304,73.88639651387398,8.1
9897,Arts,Colombo,1,10,13,0.4680965364331808,75.76132355317061,1.0
9898,Commerce,Kandy,9,10,12,0.14057262095309953,78.21744238930009,16.6
9899,Technology,UpCountry,7,6,12,0.19294241087174702,100.0,12.5
9900,Physical Science,Gampaha,2,5,8,0.2156729989176593,44.522175955191855,4.4
9901,Physical Science,Colombo,4,8,10,0.052102166471792444,42.6796000309149,8.3
9902,Bio Science,Colombo,4,9,9,0.20203747343972306,75.08800971898482,8.0
9903,Physical Science,Colombo,8,9,15,0.38742391059331377,62.43766348221462,19.7
9904,Commerce,Ratnapura,2,8,6,0.42344814072455816,48.21557619694589,3.5
9905,English,Ratnapura,5,5,2,0.44306637521913056,56.76156298268546,9.7
9906,Bio Science,Gampaha,10,5,14,0.0072795000857374115,57.72484562362419,23.5
9907,Technology,Gampaha,8,4,6,0.3944030193741792,88.8716560169575,14.9
9908,Physical Science,Jaffna,6,5,4,0.25131384224261727,95.92718456034953,12.3
9909,Physical Science,Galle,4,8,8,0.10307957241431953,39.46658062984801,9.2
9910,Physical Science,Galle,5,8,7,0.24937251125571802,41.35176780100045,10.4
9911,Bio Science,Kandy,2,8,9,0.42213023334089617,53.109479930521395,4.7
9912,English,Colombo,5,10,11,0.21712468388031303,55.15707937481482,8.1
9913,Physical Science,Jaffna,3,6,5,0.49523054029951197,50.871093299523714,6.8
9914,Commerce,Gampaha,3,5,4,0.3083415923342525,59.086487306847296,4.8
9915,Bio Science,Ratnapura,7,4,9,0.24488183457287088,57.79747798917089,16.5
9916,English,Galle,3,7,1,0.14744466393367545,40.19581110657023,4.6
9917,Physical Science,Gampaha,4,8,10,0.005525531319515553,49.59787638704029,7.6
9918,Physical Science,Colombo,7,7,11,0.3052741783446522,88.69508248314347,15.7
9919,Physical Science,Galle,3,8,2,0.28874777317818384,55.638276298979754,6.9
9920,Bio Science,UpCountry,10,4,10,0.2584071776162628,58.870536625610164,24.5
9921,Physical Science,Gampaha,10,5,10,0.26885222698933153,42.193442812587904,23.8
9922,Technology,Gampaha,2,7,2,0.42176118557198217,54.05174909043751,2.9
9923,Commerce,Kandy,10,8,12,0.1584349623201154,80.41353644351373,19.5
9924,Commerce,Jaffna,7,5,3,0.27512697200010355,70.43327217704109,11.7
9925,Commerce,Ratnapura,5,7,2,0.33997381292927314,73.16648946960335,8.1
9926,Physical Science,Kandy,1,8,15,0.10490946346428048,49.44604385885505,1.0
9927,Bio Science,UpCountry,10,5,6,0.46240970752351196,44.705734748942284,23.7
9928,Sinhala,Colombo,8,7,12,0.36856126238695536,83.00153583261081,14.9
9929,Technology,UpCountry,3,4,14,0.02664770007803674,79.3941120980165,5.0
9930,Technology,UpCountry,7,2,5,0.4325533489689645,58.62305857276529,14.6
9931,Technology,Colombo,6,10,12,0.46493507268006057,78.79560402673616,11.2
9932,Physical Science,Galle,10,4,7,0.3968350241118775,45.455054416193164,24.4
9933,Physical Science,Colombo,6,9,1,0.2131123008468344,41.832978383038025,13.0
9934,Physical Science,Jaffna,8,5,1,0.4971884498588927,36.23808271227915,18.6
9935,Bio Science,Galle,4,8,0,0.06221794970545552,65.42205649505468,8.0
9936,Physical Science,Colombo,4,7,15,0.2683029206767877,70.75076811657101,8.7
9937,Bio Science,Jaffna,3,7,4,0.08519540203626974,54.16375219728565,5.2
9938,Commerce,Galle,1,5,6,0.21967440142311012,51.29411085582733,1.0
9939,Technology,Gampaha,10,6,8,0.46371215331279003,100.0,17.0
9940,Arts,Colombo,3,8,4,0.3971305642008332,58.11303509617419,4.7
9941,English,Ratnapura,1,7,10,0.39104097076517,85.82100521800965,1.0
9942,Physical Science,Kandy,6,7,10,0.1769269004909107,62.80477348325778,12.2
9943,Physical Science,RemoteArea,8,5,15,0.4671350887217703,59.98930938317002,20.9
9944,Commerce,Galle,3,8,0,0.18413046532699645,81.24989264709585,4.0
9945,Physical Science,Gampaha,4,5,2,0.019986717859968806,72.84946180623996,7.2
9946,Physical Science,Kandy,5,8,15,0.3189006312304821,67.13836465503525,11.4
9947,Bio Science,Colombo,7,6,7,0.18132380826294664,80.50571167628918,13.8
9948,Physical Science,Colombo,6,8,2,0.07686244411775806,98.80459774262854,10.7
9949,Commerce,Gampaha,2,5,6,0.46732903102704576,52.014699502167666,3.9
9950,Bio Science,Gampaha,7,5,15,0.3186197670171217,74.57604970117877,17.2
9951,Commerce,Kandy,8,7,9,0.4702648447551154,58.361847543873786,13.9
9952,Commerce,UpCountry,1,3,2,0.29148934114704095,46.98188468847547,2.8
9953,Bio Science,Kandy,6,10,1,0.031931829812886114,46.06599820825801,13.6
9954,Physical Science,Kandy,9,6,11,0.014970256855188047,89.38499719027898,20.3
9955,Physical Science,Colombo,7,8,12,0.4502807175011447,38.62859089040482,18.7
9956,Bio Science,RemoteArea,5,6,9,0.019363968439354007,72.11789037700194,10.0
9957,Arts,Galle,10,7,13,0.30758789859138974,54.12135383569649,20.9
9958,Arts,Galle,10,5,5,0.14898790372118248,89.0874242735199,17.2
9959,Commerce,Gampaha,9,6,1,0.3438290695514836,56.40385026598509,16.9
9960,Physical Science,Kandy,2,9,9,0.14236121435857302,59.03988490076601,2.9
9961,Commerce,Kandy,7,6,13,0.018611085224744972,90.04263956741354,12.3
9962,Commerce,Colombo,9,8,4,0.36541923639945734,75.15200123468321,16.4
9963,Bio Science,Jaffna,2,8,4,0.15545131513177246,70.31340476544005,2.5
9964,Commerce,UpCountry,10,5,4,0.27539946362994133,74.08717933258676,17.1
9965,Bio Science,Colombo,6,8,5,0.3869329099675998,46.250896168513854,13.5
9966,Commerce,Ratnapura,9,8,15,0.35141165091500276,78.62569808307205,17.1
9967,Arts,Jaffna,3,5,2,0.1742855526023237,58.014186787374726,3.9
9968,Physical Science,Colombo,8,8,9,0.37391332961314866,69.9138704874339,17.3
9969,Arts,Kandy,5,7,4,0.46284050351254286,69.26829389391938,9.0
9970,Physical Science,Jaffna,7,7,7,0.30498729625802223,46.84236375189039,15.3
9971,Physical Science,Gampaha,3,7,3,0.35175303032227173,70.40733893761242,5.1
9972,Sinhala,Galle,8,7,13,0.4329540698401882,63.704640650429354,16.5
9973,English,Kandy,2,7,4,0.42182030813963917,43.40117831034695,3.0
9974,Physical Science,Galle,8,5,14,0.17580066374289127,64.80151290206439,18.5
9975,Bio Science,Galle,2,8,14,0.49585029838819655,67.30037671172761,4.2
9976,Physical Science,Galle,7,6,0,0.014283000023525338,68.90447836901943,14.5
9977,Bio Science,Ratnapura,2,8,0,0.4933537858843815,24.17563443288973,5.0
9978,Technology,Colombo,7,7,7,0.12299856669330411,69.3220434481499,11.8
9979,English,Ratnapura,1,6,1,0.22021852522762392,52.8220991474691,1.0
9980,Commerce,Gampaha,6,7,9,0.44184436891235707,76.64810169615737,10.7
9981,Bio Science,Galle,10,8,9,0.12216441926370919,64.47200780573648,22.0
9982,Commerce,Gampaha,7,8,6,0.11239081754502955,57.99927743467577,11.5
9983,Bio Science,Galle,4,8,6,0.3215543810940412,60.337494055856084,8.4
9984,English,Gampaha,1,5,10,0.3527252627976384,70.00114613286667,1.0
9985,Technology,Gampaha,6,6,13,0.003735342100513628,80.1186411150703,10.7
9986,Commerce,Galle,4,7,8,0.22522211798789338,50.63333053487411,6.3
9987,Bio Science,Gampaha,3,5,0,0.24455448894031007,54.845102108515455,5.7
9988,Physical Science,Galle,4,7,1,0.13591759986097707,82.54019076228012,6.4
9989,Physical Science,Colombo,6,6,13,0.2730548573144524,61.083324600695484,14.5
9990,Technology,UpCountry,5,2,0,0.07728880283607825,65.50874596222901,10.1
9991,Bio Science,Kandy,2,9,0,0.16180290092869942,41.487120934705956,3.5
9992,Bio Science,Galle,2,4,10,0.3566196167772742,39.28239063254796,5.6
9993,Bio Science,Ratnapura,3,6,3,0.436893268934652,45.89692702428056,6.1
9994,Technology,Gampaha,6,6,7,0.29468948085660274,53.15161915973482,10.5
9995,Physical Science,UpCountry,1,3,9,0.03742226967059897,80.09866746071374,1.7
9996,Technology,Galle,7,7,7,0.33937293488252085,80.74289394031058,11.7
9997,Technology,Ratnapura,8,5,11,0.4487989104448486,36.620195396568235,17.4
9998,English,Gampaha,7,6,11,0.252157021498341,57.381322910622075,13.8
9999,Bio Science,Gampaha,3,6,10,0.24684598305153266,75.46684095560727,5.6
10000,Physical Science,Colombo,6,8,14,0.49570678972614424,65.41970313353164,14.2
